order_id,line_id,product_id,quantity,unit_price,discount_pct,line_gross,line_net,has_valid_product,product_category
500001,1,P029,5.0,50.8,5.0,254.0,241.29999999999998,True,Grocery
500001,2,P017,5.0,96.27,0.0,481.34999999999997,481.34999999999997,True,Beauty
500001,3,P026,5.0,224.72,0.0,1123.6,1123.6,True,Beauty
500002,1,P014,2.0,516.0,5.0,1032.0,980.4,True,Books
500003,1,P044,5.0,472.44,20.0,2362.2,1889.76,True,Electronics
500003,2,P054,3.0,291.62,10.0,874.86,787.374,True,Home
500003,3,P055,1.0,492.42,0.0,492.42,492.42,True,Beauty
500004,1,P010,1.0,90.38,10.0,90.38,81.342,True,Electronics
500004,2,P029,2.0,45.71,20.0,91.42,73.13600000000001,True,Grocery
500004,3,P041,3.0,560.82,5.0,1682.46,1598.337,True,Home
500004,4,P052,1.0,337.8,0.0,337.8,337.8,True,Sports
500005,1,P025,5.0,142.47,0.0,712.35,712.35,True,Books
500005,2,P021,1.0,207.63,0.0,207.63,207.63,True,Sports
500005,3,P046,1.0,40.75,0.0,40.75,40.75,True,Electronics
500005,4,P003,1.0,420.98,5.0,420.98,399.931,True,Home
500005,5,P018,1.0,63.51,20.0,63.51,50.808,True,Sports
500006,1,P001,1.0,19.88,0.0,19.88,19.88,True,Grocery
500006,2,P008,1.0,345.51,20.0,345.51,276.408,True,Electronics
500006,3,P012,2.0,277.95,5.0,555.9,528.1049999999999,True,Beauty
500007,1,P051,3.0,121.81,10.0,365.43,328.887,True,Electronics
500008,1,P022,2.0,62.3,5.0,124.6,118.36999999999999,True,Books
500009,1,P004,2.0,320.41,0.0,640.82,640.82,True,Beauty
500009,2,P047,1.0,338.79,0.0,338.79,338.79,True,Home
500009,3,P059,2.0,615.81,0.0,1231.62,1231.62,True,Grocery
500009,4,P021,1.0,177.18,0.0,177.18,177.18,True,Sports
500010,1,P023,3.0,61.25,5.0,183.75,174.5625,True,Books
500010,2,P041,4.0,652.59,0.0,2610.36,2610.36,True,Home
500011,1,P057,1.0,464.95,0.0,464.95,464.95,True,Grocery
500011,2,P023,5.0,59.31,0.0,296.55,296.55,True,Books
500011,3,P059,1.0,587.79,15.0,587.79,499.62149999999997,True,Grocery
500011,4,P017,1.0,80.69,15.0,80.69,68.5865,True,Beauty
500011,5,P060,3.0,150.36,5.0,451.08000000000004,428.526,True,Books
500012,1,P029,1.0,43.55,10.0,43.55,39.195,True,Grocery
500012,2,P006,2.0,252.56,0.0,505.12,505.12,True,Sports
500012,3,P026,2.0,233.83,0.0,467.66,467.66,True,Beauty
500012,4,P011,2.0,438.25,0.0,876.5,876.5,True,Beauty
500012,5,P024,2.0,653.42,0.0,1306.84,1306.84,True,Sports
500012,6,P029,1.0,48.7,5.0,48.7,46.265,True,Grocery
500013,1,P026,1.0,213.55,15.0,213.55,181.5175,True,Beauty
500013,2,P053,1.0,57.62,15.0,57.62,48.977,True,Grocery
500014,1,P004,1.0,322.4,0.0,322.4,322.4,True,Beauty
500014,2,P019,5.0,442.45,10.0,2212.25,1991.025,True,Electronics
500014,3,P002,2.0,371.04,0.0,742.08,742.08,True,Books
500014,4,P039,2.0,205.5,15.0,411.0,349.34999999999997,True,Beauty
500014,5,P009,2.0,596.33,0.0,1192.66,1192.66,True,Sports
500014,6,P060,2.0,134.41,0.0,268.82,268.82,True,Books
500015,1,P012,1.0,270.67,15.0,270.67,230.0695,True,Beauty
500016,1,P052,2.0,399.4,15.0,798.8,678.9799999999999,True,Sports
500016,2,P022,1.0,52.65,0.0,52.65,52.65,True,Books
500016,3,P005,2.0,164.05,0.0,328.1,328.1,True,Electronics
500016,4,P059,1.0,580.22,0.0,580.22,580.22,True,Grocery
500016,5,P004,2.0,306.36,20.0,612.72,490.17600000000004,True,Beauty
500017,1,P056,1.0,211.41,0.0,211.41,211.41,True,Electronics
500017,2,P059,2.0,548.17,0.0,1096.34,1096.34,True,Grocery
500017,3,P047,5.0,324.18,0.0,1620.9,1620.9,True,Home
500018,1,P035,3.0,555.86,0.0,1667.58,1667.58,True,Grocery
500018,2,P010,2.0,92.44,0.0,184.88,184.88,True,Electronics
500018,3,P034,4.0,376.84,0.0,1507.36,1507.36,True,Electronics
500018,4,P036,4.0,372.73,15.0,1490.92,1267.282,True,Electronics
500019,1,P035,1.0,626.94,0.0,626.94,626.94,True,Grocery
500019,2,P029,1.0,49.58,20.0,49.58,39.664,True,Grocery
500019,3,P059,4.0,628.01,15.0,2512.04,2135.234,True,Grocery
500020,1,P008,1.0,347.91,10.0,347.91,313.119,True,Electronics
500021,1,P047,4.0,345.04,0.0,1380.16,1380.16,True,Home
500022,1,P029,5.0,57.11,20.0,285.55,228.44000000000003,True,Grocery
500022,2,P053,1.0,76.17,0.0,76.17,76.17,True,Grocery
500022,3,P010,2.0,89.23,5.0,178.46,169.537,True,Electronics
500023,1,P017,3.0,82.98,10.0,248.94,224.046,True,Beauty
500023,2,P050,2.0,475.57,0.0,951.14,951.14,True,Grocery
500023,3,P037,5.0,316.46,0.0,1582.3,1582.3,True,Home
500023,4,P018,1.0,81.61,10.0,81.61,73.449,True,Sports
500023,5,P026,1.0,224.08,15.0,224.08,190.46800000000002,True,Beauty
500023,6,P049,1.0,104.86,20.0,104.86,83.888,True,Electronics
500024,1,P034,4.0,317.02,5.0,1268.08,1204.676,True,Electronics
500025,1,P029,2.0,43.9,0.0,87.8,87.8,True,Grocery
500025,2,P060,1.0,178.79,10.0,178.79,160.911,True,Books
500025,3,P012,1.0,299.98,10.0,299.98,269.982,True,Beauty
500025,4,P017,3.0,78.94,10.0,236.82,213.138,True,Beauty
500025,5,P048,1.0,593.13,0.0,593.13,593.13,True,Beauty
500026,1,P025,1.0,138.85,0.0,138.85,138.85,True,Books
500026,2,P042,3.0,367.69,10.0,1103.07,992.7629999999999,True,Beauty
500026,3,P059,4.0,656.75,10.0,2627.0,2364.3,True,Grocery
500027,1,P032,3.0,466.92,0.0,1400.76,1400.76,True,Grocery
500027,2,P032,1.0,548.96,0.0,548.96,548.96,True,Grocery
500027,3,P053,2.0,66.42,20.0,132.84,106.272,True,Grocery
500027,4,P059,2.0,577.69,10.0,1155.38,1039.842,True,Grocery
500027,5,P005,2.0,133.3,0.0,266.6,266.6,True,Electronics
500027,6,P004,2.0,388.82,5.0,777.64,738.7579999999999,True,Beauty
500028,1,P030,2.0,330.91,0.0,661.82,661.82,True,Electronics
500028,2,P018,5.0,66.78,20.0,333.9,267.12,True,Sports
500028,3,P058,1.0,491.28,10.0,491.28,442.152,True,Sports
500028,4,P052,5.0,350.37,0.0,1751.85,1751.85,True,Sports
500029,1,P012,4.0,291.06,20.0,1164.24,931.392,True,Beauty
500029,2,P048,1.0,652.02,5.0,652.02,619.419,True,Beauty
500030,1,P048,1.0,549.44,20.0,549.44,439.5520000000001,True,Beauty
500030,2,P041,2.0,663.46,0.0,1326.92,1326.92,True,Home
500030,3,P007,2.0,416.66,0.0,833.32,833.32,True,Grocery
500030,4,P052,5.0,342.45,0.0,1712.25,1712.25,True,Sports
500030,5,P054,2.0,253.51,10.0,507.02,456.318,True,Home
500031,1,P007,5.0,414.42,15.0,2072.1,1761.2849999999999,True,Grocery
500032,1,P051,2.0,132.23,0.0,264.46,264.46,True,Electronics
500032,2,P011,1.0,395.5,20.0,395.5,316.40000000000003,True,Beauty
500033,1,P010,5.0,84.33,10.0,421.65,379.485,True,Electronics
500033,2,P020,2.0,416.79,0.0,833.58,833.58,True,Home
500033,3,P050,2.0,469.55,0.0,939.1,939.1,True,Grocery
500033,4,P036,1.0,466.69,20.0,466.69,373.35200000000003,True,Electronics
500033,5,P028,1.0,217.06,15.0,217.06,184.501,True,Electronics
500034,1,P012,1.0,252.85,20.0,252.85,202.28,True,Beauty
500034,2,P001,1.0,20.3,0.0,20.3,20.3,True,Grocery
500034,3,P044,1.0,443.5,10.0,443.5,399.15000000000003,True,Electronics
500034,4,P022,1.0,58.0,0.0,58.0,58.0,True,Books
500034,5,P038,2.0,201.26,20.0,402.52,322.016,True,Sports
500035,1,P027,1.0,167.42,0.0,167.42,167.42,True,Grocery
500036,1,P039,1.0,215.91,15.0,215.91,183.52349999999998,True,Beauty
500036,2,P025,2.0,141.32,5.0,282.64,268.508,True,Books
500036,3,P024,2.0,645.32,20.0,1290.64,1032.5120000000002,True,Sports
500036,4,P008,4.0,349.27,15.0,1397.08,1187.5179999999998,True,Electronics
500037,1,P014,2.0,462.58,0.0,925.16,925.16,True,Books
500037,2,P053,1.0,66.6,0.0,66.6,66.6,True,Grocery
500037,3,P045,1.0,334.49,5.0,334.49,317.7655,True,Grocery
500037,4,P042,2.0,390.4,20.0,780.8,624.64,True,Beauty
500037,5,P050,1.0,513.25,20.0,513.25,410.6,True,Grocery
500038,1,P044,3.0,542.32,5.0,1626.96,1545.6119999999999,True,Electronics
500038,2,P008,1.0,324.4,0.0,324.4,324.4,True,Electronics
500038,3,P007,2.0,427.29,0.0,854.58,854.58,True,Grocery
500038,4,P034,1.0,394.88,10.0,394.88,355.392,True,Electronics
500038,5,P044,3.0,480.24,0.0,1440.72,1440.72,True,Electronics
500038,6,P053,5.0,74.3,5.0,371.5,352.925,True,Grocery
500039,1,P037,1.0,379.09,15.0,379.09,322.2265,True,Home
500039,2,P021,4.0,160.72,0.0,642.88,642.88,True,Sports
500039,3,P004,2.0,350.86,15.0,701.72,596.462,True,Beauty
500039,4,P034,1.0,379.12,0.0,379.12,379.12,True,Electronics
500039,5,P028,1.0,226.12,0.0,226.12,226.12,True,Electronics
500039,6,P038,1.0,196.65,0.0,196.65,196.65,True,Sports
500040,1,P018,5.0,75.68,5.0,378.40000000000003,359.48,True,Sports
500040,2,P013,1.0,260.77,5.0,260.77,247.73149999999998,True,Beauty
500040,3,P045,3.0,348.58,10.0,1045.74,941.166,True,Grocery
500041,1,P044,1.0,541.46,10.0,541.46,487.314,True,Electronics
500042,1,P024,5.0,617.37,15.0,3086.85,2623.8224999999998,True,Sports
500042,2,P019,5.0,465.1,20.0,2325.5,1860.4,True,Electronics
500042,3,P019,2.0,472.06,0.0,944.12,944.12,True,Electronics
500042,4,P036,4.0,435.44,0.0,1741.76,1741.76,True,Electronics
500042,5,P051,3.0,132.76,5.0,398.28,378.36599999999993,True,Electronics
500042,6,P009,3.0,546.52,10.0,1639.56,1475.604,True,Sports
500043,1,P023,3.0,60.67,5.0,182.01,172.90949999999998,True,Books
500043,2,P044,1.0,547.3,0.0,547.3,547.3,True,Electronics
500044,1,P060,4.0,169.26,0.0,677.04,677.04,True,Books
500044,2,P026,5.0,229.32,10.0,1146.6,1031.94,True,Beauty
500044,3,P052,2.0,324.7,0.0,649.4,649.4,True,Sports
500045,1,P059,2.0,512.86,0.0,1025.72,1025.72,True,Grocery
500045,2,P058,2.0,471.3,0.0,942.6,942.6,True,Sports
500045,3,P036,2.0,369.26,5.0,738.52,701.5939999999999,True,Electronics
500045,4,P040,3.0,396.44,5.0,1189.32,1129.8539999999998,True,Electronics
500045,5,P051,5.0,143.79,5.0,718.9499999999999,683.0024999999999,True,Electronics
500045,6,P059,4.0,525.57,0.0,2102.28,2102.28,True,Grocery
500046,1,P045,2.0,313.09,0.0,626.18,626.18,True,Grocery
500046,2,P041,3.0,740.24,15.0,2220.7200000000003,1887.612,True,Home
500046,3,P028,1.0,254.02,20.0,254.02,203.216,True,Electronics
500046,4,P025,4.0,113.88,20.0,455.52,364.416,True,Books
500046,5,P042,1.0,424.32,0.0,424.32,424.32,True,Beauty
500047,1,P058,1.0,571.44,10.0,571.44,514.296,True,Sports
500048,1,P031,3.0,55.84,15.0,167.52,142.392,True,Electronics
500048,3,P049,4.0,110.81,15.0,443.24,376.754,True,Electronics
500048,4,P054,4.0,270.68,0.0,1082.72,1082.72,True,Home
500048,5,P055,5.0,484.39,10.0,2421.95,2179.755,True,Beauty
500049,1,P029,3.0,52.02,10.0,156.06,140.454,True,Grocery
500049,2,P030,4.0,386.3,15.0,1545.2,1313.42,True,Electronics
500049,3,P026,2.0,197.42,0.0,394.84,394.84,True,Beauty
500050,1,P013,4.0,303.46,0.0,1213.84,1213.84,True,Beauty
500050,2,P027,3.0,170.89,5.0,512.67,487.03649999999993,True,Grocery
500050,3,P044,2.0,519.03,0.0,1038.06,1038.06,True,Electronics
500050,4,P037,5.0,394.92,15.0,1974.6000000000001,1678.41,True,Home
500051,1,P001,2.0,19.8,0.0,39.6,39.6,True,Grocery
500051,2,P052,4.0,300.36,0.0,1201.44,1201.44,True,Sports
500051,3,P034,2.0,359.05,20.0,718.1,574.48,True,Electronics
500052,1,P016,3.0,547.79,10.0,1643.37,1479.033,True,Grocery
500052,2,P010,2.0,104.6,10.0,209.2,188.28,True,Electronics
500052,3,P054,1.0,267.61,0.0,267.61,267.61,True,Home
500052,4,P029,1.0,52.95,0.0,52.95,52.95,True,Grocery
500052,5,P059,4.0,570.34,10.0,2281.36,2053.224,True,Grocery
500052,6,P059,1.0,600.03,0.0,600.03,600.03,True,Grocery
500053,1,P015,2.0,441.38,10.0,882.76,794.484,True,Books
500053,2,P005,2.0,151.2,0.0,302.4,302.4,True,Electronics
500053,3,P013,1.0,240.91,0.0,240.91,240.91,True,Beauty
500053,4,P051,1.0,145.96,20.0,145.96,116.76800000000001,True,Electronics
500054,1,P040,1.0,444.3,0.0,444.3,444.3,True,Electronics
500054,2,P025,2.0,130.35,20.0,260.7,208.56,True,Books
500054,3,P039,2.0,195.81,5.0,391.62,372.039,True,Beauty
500054,4,P015,2.0,447.66,5.0,895.32,850.554,True,Books
500054,5,P053,1.0,69.09,10.0,69.09,62.181000000000004,True,Grocery
500055,1,P030,3.0,371.99,20.0,1115.97,892.7760000000001,True,Electronics
500055,2,P024,3.0,642.08,10.0,1926.2400000000002,1733.6160000000002,True,Sports
500055,3,P043,2.0,416.13,10.0,832.26,749.034,True,Beauty
500055,4,P040,2.0,418.14,0.0,836.28,836.28,True,Electronics
500055,5,P007,2.0,349.64,0.0,699.28,699.28,True,Grocery
500055,6,P036,2.0,432.85,0.0,865.7,865.7,True,Electronics
500056,1,P027,2.0,147.53,0.0,295.06,295.06,True,Grocery
500056,2,P023,2.0,63.57,5.0,127.14,120.783,True,Books
500056,3,P029,1.0,46.68,10.0,46.68,42.012,True,Grocery
500056,4,P041,1.0,643.86,10.0,643.86,579.474,True,Home
500057,1,P041,1.0,624.46,5.0,624.46,593.237,True,Home
500057,2,P028,4.0,217.73,0.0,870.92,870.92,True,Electronics
500057,3,P016,1.0,561.21,0.0,561.21,561.21,True,Grocery
500058,1,P018,2.0,67.17,0.0,134.34,134.34,True,Sports
500058,2,P044,1.0,531.28,20.0,531.28,425.024,True,Electronics
500058,3,P005,1.0,168.74,20.0,168.74,134.99200000000002,True,Electronics
500058,4,P009,4.0,695.28,0.0,2781.12,2781.12,True,Sports
500058,5,P020,2.0,382.36,0.0,764.72,764.72,True,Home
500059,1,P028,2.0,241.09,10.0,482.18,433.962,True,Electronics
500059,2,P003,1.0,338.12,0.0,338.12,338.12,True,Home
500059,3,P038,2.0,186.33,0.0,372.66,372.66,True,Sports
500060,1,P001,1.0,22.44,0.0,22.44,22.44,True,Grocery
500060,2,P003,5.0,390.82,15.0,1954.1,1660.985,True,Home
500060,3,P047,4.0,321.3,0.0,1285.2,1285.2,True,Home
500060,4,P026,1.0,237.76,20.0,237.76,190.208,True,Beauty
500060,5,P053,4.0,75.67,0.0,302.68,302.68,True,Grocery
500060,6,P031,1.0,42.87,15.0,42.87,36.439499999999995,True,Electronics
500061,1,P008,4.0,339.47,10.0,1357.88,1222.092,True,Electronics
500061,2,P038,1.0,236.34,5.0,236.34,224.523,True,Sports
500061,3,P012,1.0,304.55,0.0,304.55,304.55,True,Beauty
500061,4,P026,2.0,234.98,10.0,469.96,422.964,True,Beauty
500061,5,P027,1.0,167.62,20.0,167.62,134.096,True,Grocery
500061,6,P029,5.0,52.57,20.0,262.85,210.28000000000003,True,Grocery
500062,1,P022,1.0,56.95,10.0,56.95,51.255,True,Books
500062,2,P029,3.0,54.41,0.0,163.23,163.23,True,Grocery
500063,1,P010,1.0,95.91,0.0,95.91,95.91,True,Electronics
500063,2,P027,5.0,147.79,10.0,738.9499999999999,665.055,True,Grocery
500063,3,P015,2.0,419.79,0.0,839.58,839.58,True,Books
500064,1,P034,5.0,346.96,20.0,1734.8,1387.8400000000001,True,Electronics
500065,1,P060,1.0,142.91,0.0,142.91,142.91,True,Books
500066,1,P051,3.0,118.94,0.0,356.82,356.82,True,Electronics
500066,2,P058,2.0,514.8,5.0,1029.6,978.1199999999999,True,Sports
500066,3,P044,4.0,461.24,0.0,1844.96,1844.96,True,Electronics
500066,4,P044,2.0,474.15,0.0,948.3,948.3,True,Electronics
500067,1,P019,3.0,480.54,15.0,1441.6200000000001,1225.3770000000002,True,Electronics
500067,2,P059,2.0,544.68,20.0,1089.36,871.4879999999999,True,Grocery
500067,3,P053,1.0,73.64,5.0,73.64,69.958,True,Grocery
500067,4,P052,1.0,312.32,5.0,312.32,296.704,True,Sports
500067,5,P051,4.0,123.06,20.0,492.24,393.79200000000003,True,Electronics
500067,6,P008,4.0,308.38,0.0,1233.52,1233.52,True,Electronics
500068,1,P028,1.0,208.97,5.0,208.97,198.5215,True,Electronics
500068,2,P017,2.0,95.93,0.0,191.86,191.86,True,Beauty
500068,3,P028,5.0,241.43,15.0,1207.15,1026.0775,True,Electronics
500069,1,P028,2.0,244.4,20.0,488.8,391.04,True,Electronics
500069,2,P019,2.0,487.24,0.0,974.48,974.48,True,Electronics
500070,1,P042,1.0,368.67,0.0,368.67,368.67,True,Beauty
500070,2,P040,3.0,450.68,0.0,1352.04,1352.04,True,Electronics
500070,3,P033,4.0,159.92,5.0,639.68,607.6959999999999,True,Sports
500070,4,P012,2.0,271.64,5.0,543.28,516.116,True,Beauty
500071,1,P010,3.0,88.06,0.0,264.18,264.18,True,Electronics
500072,1,P022,2.0,56.3,0.0,112.6,112.6,True,Books
500073,1,P030,2.0,361.93,10.0,723.86,651.474,True,Electronics
500073,2,P043,1.0,407.35,20.0,407.35,325.88000000000005,True,Beauty
500073,3,P040,1.0,375.44,5.0,375.44,356.668,True,Electronics
500073,4,P037,2.0,390.68,5.0,781.36,742.292,True,Home
500073,5,P034,1.0,372.68,0.0,372.68,372.68,True,Electronics
500073,6,P044,4.0,508.66,15.0,2034.64,1729.444,True,Electronics
500074,1,P044,1.0,435.51,0.0,435.51,435.51,True,Electronics
500074,2,P012,2.0,259.78,0.0,519.56,519.56,True,Beauty
500074,3,P051,5.0,146.97,5.0,734.85,698.1075,True,Electronics
500074,4,P057,5.0,405.45,15.0,2027.25,1723.1625,True,Grocery
500075,1,P002,2.0,430.48,5.0,860.96,817.912,True,Books
500075,2,P057,1.0,423.3,15.0,423.3,359.805,True,Grocery
500075,3,P043,4.0,315.96,0.0,1263.84,1263.84,True,Beauty
500075,4,P008,2.0,325.87,5.0,651.74,619.153,True,Electronics
500076,1,P003,4.0,421.31,5.0,1685.24,1600.9779999999998,True,Home
500076,2,P005,2.0,140.55,0.0,281.1,281.1,True,Electronics
500076,3,P003,3.0,436.09,15.0,1308.27,1112.0294999999999,True,Home
500076,4,P057,1.0,396.56,15.0,396.56,337.07599999999996,True,Grocery
500077,1,P022,5.0,60.22,15.0,301.1,255.935,True,Books
500078,1,P030,1.0,349.0,10.0,349.0,314.1,True,Electronics
500078,2,P028,1.0,200.72,10.0,200.72,180.648,True,Electronics
500078,3,P031,3.0,49.17,20.0,147.51,118.008,True,Electronics
500078,4,P057,2.0,478.96,0.0,957.92,957.92,True,Grocery
500078,5,P052,3.0,301.92,20.0,905.76,724.6080000000001,True,Sports
500079,1,P053,5.0,72.85,20.0,364.25,291.40000000000003,True,Grocery
500079,2,P016,1.0,704.67,5.0,704.67,669.4364999999999,True,Grocery
500079,3,P026,1.0,192.01,10.0,192.01,172.809,True,Beauty
500079,4,P005,1.0,152.4,20.0,152.4,121.92000000000002,True,Electronics
500079,5,P009,2.0,568.35,20.0,1136.7,909.3600000000001,True,Sports
500079,6,P046,2.0,38.71,0.0,77.42,77.42,True,Electronics
500080,1,P016,5.0,616.6,5.0,3083.0,2928.85,True,Grocery
500080,2,P017,5.0,75.25,5.0,376.25,357.4375,True,Beauty
500080,3,P032,4.0,518.67,0.0,2074.68,2074.68,True,Grocery
500080,4,P038,2.0,231.19,5.0,462.38,439.26099999999997,True,Sports
500080,5,P058,5.0,493.05,20.0,2465.25,1972.2,True,Sports
500081,1,P054,5.0,325.75,15.0,1628.75,1384.4375,True,Home
500081,2,P046,3.0,47.31,0.0,141.93,141.93,True,Electronics
500082,1,P016,4.0,711.2,15.0,2844.8,2418.08,True,Grocery
500082,2,P045,2.0,319.21,5.0,638.42,606.4989999999999,True,Grocery
500082,3,P007,2.0,398.48,5.0,796.96,757.112,True,Grocery
500082,4,P016,4.0,659.26,0.0,2637.04,2637.04,True,Grocery
500083,1,P024,5.0,617.17,15.0,3085.85,2622.9725,True,Sports
500083,2,P022,1.0,54.82,10.0,54.82,49.338,True,Books
500083,3,P006,2.0,248.76,0.0,497.52,497.52,True,Sports
500083,4,P048,2.0,593.35,5.0,1186.7,1127.365,True,Beauty
500083,5,P024,5.0,620.22,15.0,3101.1000000000004,2635.9350000000004,True,Sports
500084,1,P045,5.0,305.34,10.0,1526.6999999999998,1374.03,True,Grocery
500084,2,P039,5.0,247.5,0.0,1237.5,1237.5,True,Beauty
500085,1,P052,2.0,387.81,15.0,775.62,659.2769999999999,True,Sports
500086,1,P025,1.0,129.21,15.0,129.21,109.8285,True,Books
500086,2,P002,1.0,438.26,0.0,438.26,438.26,True,Books
500086,3,P036,2.0,428.08,10.0,856.16,770.544,True,Electronics
500086,4,P018,4.0,64.45,5.0,257.8,244.91,True,Sports
500086,5,P005,3.0,137.19,20.0,411.57,329.25600000000003,True,Electronics
500087,1,P019,4.0,435.19,0.0,1740.76,1740.76,True,Electronics
500087,2,P028,5.0,253.9,5.0,1269.5,1206.0249999999999,True,Electronics
500087,3,P046,3.0,46.73,10.0,140.19,126.171,True,Electronics
500087,4,P041,4.0,588.22,5.0,2352.88,2235.236,True,Home
500087,5,P030,2.0,359.35,0.0,718.7,718.7,True,Electronics
500088,1,P013,1.0,239.38,0.0,239.38,239.38,True,Beauty
500088,2,P012,1.0,234.89,0.0,234.89,234.89,True,Beauty
500088,3,P047,4.0,349.26,20.0,1397.04,1117.632,True,Home
500089,1,P014,1.0,525.98,20.0,525.98,420.78400000000005,True,Books
500089,2,P049,5.0,112.98,15.0,564.9,480.16499999999996,True,Electronics
500089,3,P045,3.0,323.19,20.0,969.5699999999999,775.656,True,Grocery
500089,4,P042,2.0,380.02,5.0,760.04,722.0379999999999,True,Beauty
500089,5,P025,3.0,141.57,20.0,424.71,339.76800000000003,True,Books
500090,1,P039,5.0,224.97,20.0,1124.85,899.88,True,Beauty
500090,2,P052,2.0,397.24,0.0,794.48,794.48,True,Sports
500090,3,P009,1.0,721.6,0.0,721.6,721.6,True,Sports
500090,4,P041,2.0,695.74,0.0,1391.48,1391.48,True,Home
500091,1,P014,5.0,413.33,15.0,2066.65,1756.6525,True,Books
500091,2,P030,1.0,332.46,20.0,332.46,265.968,True,Electronics
500091,3,P029,5.0,42.73,15.0,213.64999999999998,181.60249999999996,True,Grocery
500092,1,P040,1.0,438.67,5.0,438.67,416.7365,True,Electronics
500092,2,P031,1.0,52.04,5.0,52.04,49.437999999999995,True,Electronics
500094,1,P043,1.0,323.57,5.0,323.57,307.39149999999995,True,Beauty
500094,2,P049,1.0,114.31,5.0,114.31,108.5945,True,Electronics
500094,3,P058,4.0,466.99,20.0,1867.96,1494.3680000000002,True,Sports
500094,4,P023,3.0,62.23,15.0,186.69,158.6865,True,Books
500094,5,P014,2.0,410.02,10.0,820.04,738.036,True,Books
500094,6,P006,5.0,248.59,0.0,1242.95,1242.95,True,Sports
500095,1,P015,1.0,426.47,20.0,426.47,341.17600000000004,True,Books
500095,2,P036,5.0,395.02,0.0,1975.1,1975.1,True,Electronics
500095,3,P060,3.0,171.6,10.0,514.8,463.32,True,Books
500095,4,P057,2.0,441.27,0.0,882.54,882.54,True,Grocery
500096,1,P029,2.0,55.38,0.0,110.76,110.76,True,Grocery
500096,2,P023,1.0,61.37,0.0,61.37,61.37,True,Books
500096,3,P024,1.0,643.39,5.0,643.39,611.2204999999999,True,Sports
500096,4,P034,4.0,355.38,0.0,1421.52,1421.52,True,Electronics
500096,5,P007,1.0,331.53,0.0,331.53,331.53,True,Grocery
500096,6,P038,1.0,224.58,10.0,224.58,202.122,True,Sports
500097,1,P055,5.0,503.28,0.0,2516.3999999999996,2516.3999999999996,True,Beauty
500098,1,P004,2.0,369.18,15.0,738.36,627.606,True,Beauty
500099,1,P029,2.0,53.07,20.0,106.14,84.912,True,Grocery
500099,2,P020,5.0,359.1,0.0,1795.5,1795.5,True,Home
500099,3,P033,1.0,162.69,0.0,162.69,162.69,True,Sports
500099,4,P041,1.0,667.91,5.0,667.91,634.5144999999999,True,Home
500099,5,P044,2.0,505.12,0.0,1010.24,1010.24,True,Electronics
500099,6,P036,2.0,448.81,10.0,897.62,807.8580000000001,True,Electronics
500100,1,P035,1.0,597.1,10.0,597.1,537.39,True,Grocery
500101,1,P023,2.0,54.2,0.0,108.4,108.4,True,Books
500101,2,P028,5.0,206.45,0.0,1032.25,1032.25,True,Electronics
500101,3,P016,5.0,724.31,20.0,3621.5499999999997,2897.24,True,Grocery
500101,4,P012,2.0,283.72,0.0,567.44,567.44,True,Beauty
500102,1,P006,5.0,241.79,5.0,1208.95,1148.5025,True,Sports
500102,2,P017,1.0,87.76,20.0,87.76,70.20800000000001,True,Beauty
500103,1,P038,5.0,205.65,0.0,1028.25,1028.25,True,Sports
500104,1,P033,3.0,135.85,0.0,407.54999999999995,407.54999999999995,True,Sports
500104,2,P001,3.0,22.15,15.0,66.44999999999999,56.48249999999999,True,Grocery
500104,3,P013,1.0,294.6,0.0,294.6,294.6,True,Beauty
500105,1,P051,2.0,126.75,0.0,253.5,253.5,True,Electronics
500105,2,P028,1.0,225.68,5.0,225.68,214.396,True,Electronics
500105,3,P023,5.0,53.28,20.0,266.4,213.12,True,Books
500106,1,P007,3.0,395.47,10.0,1186.41,1067.769,True,Grocery
500106,2,P050,2.0,452.83,0.0,905.66,905.66,True,Grocery
500106,3,P052,5.0,358.72,15.0,1793.6000000000001,1524.5600000000002,True,Sports
500106,4,P026,2.0,222.16,0.0,444.32,444.32,True,Beauty
500106,5,P026,5.0,190.39,10.0,951.9499999999999,856.755,True,Beauty
500107,1,P018,3.0,69.93,15.0,209.79000000000002,178.32150000000001,True,Sports
500107,2,P002,2.0,476.04,0.0,952.08,952.08,True,Books
500107,3,P048,5.0,682.28,20.0,3411.3999999999996,2729.12,True,Beauty
500107,4,P044,1.0,410.66,15.0,410.66,349.06100000000004,True,Electronics
500107,5,P009,5.0,656.67,0.0,3283.35,3283.35,True,Sports
500107,6,P003,2.0,439.31,15.0,878.62,746.827,True,Home
500108,1,P046,5.0,47.4,5.0,237.0,225.14999999999998,True,Electronics
500108,2,P023,5.0,60.33,20.0,301.65,241.32,True,Books
500108,3,P035,3.0,530.29,10.0,1590.87,1431.783,True,Grocery
500108,4,P039,2.0,188.83,0.0,377.66,377.66,True,Beauty
500108,5,P015,4.0,504.0,0.0,2016.0,2016.0,True,Books
500108,6,P053,2.0,65.8,15.0,131.6,111.85999999999999,True,Grocery
500109,1,P024,5.0,585.81,20.0,2929.0499999999997,2343.24,True,Sports
500109,2,P007,4.0,438.95,10.0,1755.8,1580.22,True,Grocery
500109,3,P034,4.0,379.37,10.0,1517.48,1365.732,True,Electronics
500110,1,P035,4.0,543.33,10.0,2173.32,1955.9880000000003,True,Grocery
500110,2,P001,1.0,19.64,10.0,19.64,17.676000000000002,True,Grocery
500111,1,P032,5.0,448.47,10.0,2242.3500000000004,2018.1150000000005,True,Grocery
500111,2,P051,3.0,138.69,20.0,416.07,332.856,True,Electronics
500111,3,P021,2.0,202.13,5.0,404.26,384.04699999999997,True,Sports
500111,4,P024,1.0,509.54,20.0,509.54,407.63200000000006,True,Sports
500112,1,P004,1.0,317.36,20.0,317.36,253.88800000000003,True,Beauty
500112,2,P034,3.0,337.51,0.0,1012.53,1012.53,True,Electronics
500112,3,P056,2.0,250.58,10.0,501.16,451.04400000000004,True,Electronics
500112,4,P006,1.0,273.9,20.0,273.9,219.12,True,Sports
500112,5,P028,1.0,235.92,20.0,235.92,188.736,True,Electronics
500112,6,P031,4.0,48.04,0.0,192.16,192.16,True,Electronics
500113,1,P048,1.0,649.55,20.0,649.55,519.64,True,Beauty
500113,2,P024,2.0,538.22,10.0,1076.44,968.796,True,Sports
500113,3,P044,3.0,466.0,20.0,1398.0,1118.4,True,Electronics
500114,1,P032,1.0,534.52,0.0,534.52,534.52,True,Grocery
500114,2,P001,5.0,22.92,0.0,114.60000000000001,114.60000000000001,True,Grocery
500114,3,P038,1.0,216.46,5.0,216.46,205.637,True,Sports
500114,4,P013,4.0,296.31,0.0,1185.24,1185.24,True,Beauty
500114,5,P011,3.0,465.17,0.0,1395.51,1395.51,True,Beauty
500115,1,P055,5.0,489.96,0.0,2449.7999999999997,2449.7999999999997,True,Beauty
500115,2,P050,5.0,437.21,0.0,2186.0499999999997,2186.0499999999997,True,Grocery
500116,1,P005,1.0,139.32,15.0,139.32,118.422,True,Electronics
500116,2,P010,1.0,90.76,15.0,90.76,77.146,True,Electronics
500117,1,P037,2.0,383.72,20.0,767.44,613.9520000000001,True,Home
500119,1,P004,2.0,337.28,10.0,674.56,607.1039999999999,True,Beauty
500120,1,P047,1.0,385.27,10.0,385.27,346.743,True,Home
500120,2,P005,1.0,173.58,0.0,173.58,173.58,True,Electronics
500121,1,P019,2.0,440.61,0.0,881.22,881.22,True,Electronics
500121,2,P014,1.0,446.59,10.0,446.59,401.931,True,Books
500121,3,P040,2.0,406.14,15.0,812.28,690.438,True,Electronics
500121,4,P017,2.0,75.44,15.0,150.88,128.248,True,Beauty
500121,5,P060,1.0,162.05,5.0,162.05,153.9475,True,Books
500121,6,P035,1.0,580.56,20.0,580.56,464.448,True,Grocery
500122,1,P048,5.0,538.2,0.0,2691.0,2691.0,True,Beauty
500122,2,P008,4.0,292.93,0.0,1171.72,1171.72,True,Electronics
500122,3,P013,1.0,295.69,0.0,295.69,295.69,True,Beauty
500123,1,P056,1.0,250.78,20.0,250.78,200.62400000000002,True,Electronics
500123,2,P051,2.0,115.04,5.0,230.08,218.576,True,Electronics
500123,3,P013,1.0,307.32,15.0,307.32,261.222,True,Beauty
500123,4,P005,3.0,135.75,5.0,407.25,386.8875,True,Electronics
500123,5,P041,3.0,735.38,0.0,2206.14,2206.14,True,Home
500123,6,P013,3.0,287.14,20.0,861.42,689.136,True,Beauty
500124,1,P014,1.0,454.43,15.0,454.43,386.2655,True,Books
500124,2,P056,1.0,242.99,15.0,242.99,206.5415,True,Electronics
500124,3,P048,1.0,599.39,15.0,599.39,509.4815,True,Beauty
500124,4,P014,2.0,475.55,0.0,951.1,951.1,True,Books
500125,1,P035,3.0,578.98,0.0,1736.94,1736.94,True,Grocery
500125,2,P051,3.0,148.59,10.0,445.77,401.193,True,Electronics
500125,3,P032,2.0,457.59,0.0,915.18,915.18,True,Grocery
500125,4,P011,2.0,457.74,5.0,915.48,869.706,True,Beauty
500125,5,P048,3.0,613.59,0.0,1840.77,1840.77,True,Beauty
500126,1,P011,1.0,401.73,0.0,401.73,401.73,True,Beauty
500126,2,P006,1.0,276.99,20.0,276.99,221.592,True,Sports
500126,3,P012,5.0,230.36,0.0,1151.8000000000002,1151.8000000000002,True,Beauty
500126,4,P027,5.0,129.37,0.0,646.85,646.85,True,Grocery
500127,1,P027,1.0,160.06,0.0,160.06,160.06,True,Grocery
500127,2,P021,4.0,192.95,10.0,771.8,694.62,True,Sports
500127,3,P044,3.0,535.55,5.0,1606.6499999999999,1526.3174999999999,True,Electronics
500127,4,P048,2.0,613.38,10.0,1226.76,1104.084,True,Beauty
500128,1,P025,4.0,143.3,10.0,573.2,515.8800000000001,True,Books
500128,2,P027,4.0,165.12,0.0,660.48,660.48,True,Grocery
500128,3,P040,2.0,418.07,0.0,836.14,836.14,True,Electronics
500128,4,P060,1.0,145.2,5.0,145.2,137.93999999999997,True,Books
500128,5,P060,4.0,169.11,0.0,676.44,676.44,True,Books
500128,6,P023,1.0,57.19,0.0,57.19,57.19,True,Books
500129,1,P011,2.0,405.22,15.0,810.44,688.874,True,Beauty
500129,3,P005,4.0,162.2,20.0,648.8,519.04,True,Electronics
500130,1,P037,5.0,325.52,5.0,1627.6,1546.2199999999998,True,Home
500130,2,P056,3.0,256.22,5.0,768.6600000000001,730.2270000000001,True,Electronics
500130,3,P041,3.0,709.29,15.0,2127.87,1808.6895,True,Home
500130,4,P004,1.0,404.27,0.0,404.27,404.27,True,Beauty
500130,5,P036,2.0,443.13,5.0,886.26,841.947,True,Electronics
500130,6,P048,2.0,616.57,20.0,1233.14,986.5120000000002,True,Beauty
500131,1,P050,4.0,455.22,10.0,1820.88,1638.7920000000001,True,Grocery
500131,2,P045,5.0,346.12,0.0,1730.6,1730.6,True,Grocery
500131,3,P013,2.0,312.88,15.0,625.76,531.896,True,Beauty
500131,4,P046,1.0,49.62,5.0,49.62,47.138999999999996,True,Electronics
500132,1,P036,1.0,424.19,0.0,424.19,424.19,True,Electronics
500133,1,P008,3.0,290.16,0.0,870.48,870.48,True,Electronics
500133,2,P056,1.0,245.12,0.0,245.12,245.12,True,Electronics
500133,3,P037,4.0,333.21,10.0,1332.84,1199.556,True,Home
500134,1,P032,5.0,458.67,20.0,2293.35,1834.68,True,Grocery
500134,2,P011,1.0,514.24,10.0,514.24,462.81600000000003,True,Beauty
500134,3,P001,1.0,18.73,0.0,18.73,18.73,True,Grocery
500134,4,P025,3.0,128.71,10.0,386.13,347.517,True,Books
500134,5,P042,1.0,427.01,15.0,427.01,362.95849999999996,True,Beauty
500134,6,P052,1.0,400.82,0.0,400.82,400.82,True,Sports
500135,1,P014,5.0,445.49,20.0,2227.45,1781.96,True,Books
500135,2,P038,5.0,240.31,0.0,1201.55,1201.55,True,Sports
500136,1,P057,2.0,495.83,0.0,991.66,991.66,True,Grocery
500136,2,P037,3.0,344.68,5.0,1034.04,982.338,True,Home
500136,3,P005,5.0,156.54,0.0,782.6999999999999,782.6999999999999,True,Electronics
500136,4,P029,1.0,53.69,0.0,53.69,53.69,True,Grocery
500136,5,P032,5.0,599.17,5.0,2995.85,2846.0575,True,Grocery
500137,1,P057,2.0,420.36,0.0,840.72,840.72,True,Grocery
500138,1,P026,1.0,200.47,10.0,200.47,180.423,True,Beauty
500138,2,P040,1.0,438.55,0.0,438.55,438.55,True,Electronics
500138,3,P055,2.0,445.37,0.0,890.74,890.74,True,Beauty
500139,1,P042,1.0,381.81,0.0,381.81,381.81,True,Beauty
500140,1,P021,1.0,183.54,15.0,183.54,156.009,True,Sports
500140,2,P024,2.0,632.6,5.0,1265.2,1201.94,True,Sports
500140,3,P024,5.0,604.91,0.0,3024.5499999999997,3024.5499999999997,True,Sports
500140,4,P060,4.0,136.63,5.0,546.52,519.194,True,Books
500140,5,P060,5.0,156.01,5.0,780.05,741.0474999999999,True,Books
500140,6,P019,1.0,494.01,0.0,494.01,494.01,True,Electronics
500141,1,P045,4.0,260.39,0.0,1041.56,1041.56,True,Grocery
500141,2,P036,1.0,434.77,0.0,434.77,434.77,True,Electronics
500142,1,P007,4.0,436.51,0.0,1746.04,1746.04,True,Grocery
500142,2,P052,2.0,346.63,20.0,693.26,554.6080000000001,True,Sports
500143,1,P053,1.0,70.06,20.0,70.06,56.048,True,Grocery
500143,2,P037,1.0,376.41,15.0,376.41,319.9485,True,Home
500143,3,P031,1.0,43.2,20.0,43.2,34.56,True,Electronics
500143,4,P023,5.0,58.37,0.0,291.84999999999997,291.84999999999997,True,Books
500143,5,P057,1.0,478.32,20.0,478.32,382.656,True,Grocery
500144,1,P031,1.0,41.5,15.0,41.5,35.275,True,Electronics
500145,1,P049,2.0,105.93,0.0,211.86,211.86,True,Electronics
500145,2,P021,2.0,195.68,0.0,391.36,391.36,True,Sports
500145,3,P036,4.0,420.72,10.0,1682.88,1514.592,True,Electronics
500145,4,P053,2.0,69.34,15.0,138.68,117.878,True,Grocery
500145,5,P023,3.0,66.29,20.0,198.87,159.096,True,Books
500145,6,P038,2.0,195.76,0.0,391.52,391.52,True,Sports
500146,1,P013,3.0,241.57,5.0,724.71,688.4745,True,Beauty
500147,1,P021,1.0,157.8,10.0,157.8,142.02,True,Sports
500147,2,P028,1.0,263.78,0.0,263.78,263.78,True,Electronics
500147,3,P048,1.0,652.87,15.0,652.87,554.9395,True,Beauty
500148,1,P048,2.0,636.88,5.0,1273.76,1210.072,True,Beauty
500149,1,P054,3.0,285.37,20.0,856.11,684.888,True,Home
500149,2,P054,3.0,257.33,15.0,771.99,656.1915,True,Home
500149,3,P048,2.0,531.94,5.0,1063.88,1010.686,True,Beauty
500149,4,P048,1.0,634.37,0.0,634.37,634.37,True,Beauty
500150,1,P014,5.0,437.4,0.0,2187.0,2187.0,True,Books
500150,2,P052,5.0,388.42,5.0,1942.1000000000001,1844.9950000000001,True,Sports
500150,3,P057,1.0,418.28,10.0,418.28,376.452,True,Grocery
500150,4,P036,1.0,445.61,20.0,445.61,356.48800000000006,True,Electronics
500150,5,P008,1.0,343.34,10.0,343.34,309.006,True,Electronics
500151,1,P001,2.0,18.78,15.0,37.56,31.926000000000002,True,Grocery
500151,2,P004,1.0,381.39,10.0,381.39,343.251,True,Beauty
500151,3,P004,2.0,393.59,15.0,787.18,669.103,True,Beauty
500151,4,P026,2.0,225.74,15.0,451.48,383.758,True,Beauty
500152,1,P055,2.0,554.55,10.0,1109.1,998.1899999999999,True,Beauty
500153,1,P001,2.0,21.4,0.0,42.8,42.8,True,Grocery
500153,2,P009,5.0,576.66,0.0,2883.2999999999997,2883.2999999999997,True,Sports
500153,3,P018,2.0,77.63,15.0,155.26,131.97099999999998,True,Sports
500154,1,P046,4.0,42.9,10.0,171.6,154.44,True,Electronics
500155,1,P020,2.0,341.67,0.0,683.34,683.34,True,Home
500155,2,P024,3.0,575.51,20.0,1726.53,1381.2240000000002,True,Sports
500155,3,P047,3.0,359.7,20.0,1079.1,863.28,True,Home
500155,4,P005,3.0,141.38,10.0,424.14,381.726,True,Electronics
500156,1,P018,3.0,81.44,10.0,244.32,219.888,True,Sports
500156,2,P054,3.0,292.27,20.0,876.81,701.448,True,Home
500156,3,P048,3.0,643.03,15.0,1929.09,1639.7265,True,Beauty
500157,1,P037,1.0,352.14,20.0,352.14,281.712,True,Home
500157,2,P044,1.0,504.59,0.0,504.59,504.59,True,Electronics
500157,3,P031,2.0,44.07,0.0,88.14,88.14,True,Electronics
500158,1,P048,1.0,620.92,20.0,620.92,496.736,True,Beauty
500158,2,P034,4.0,388.52,15.0,1554.08,1320.9679999999998,True,Electronics
500158,3,P017,2.0,84.21,10.0,168.42,151.578,True,Beauty
500158,4,P054,2.0,337.95,0.0,675.9,675.9,True,Home
500158,5,P052,2.0,335.62,0.0,671.24,671.24,True,Sports
500159,1,P052,2.0,386.87,0.0,773.74,773.74,True,Sports
500159,2,P045,1.0,314.59,15.0,314.59,267.4015,True,Grocery
500160,1,P039,5.0,225.93,0.0,1129.65,1129.65,True,Beauty
500161,1,P032,2.0,467.97,5.0,935.94,889.143,True,Grocery
500161,2,P007,4.0,376.09,20.0,1504.36,1203.488,True,Grocery
500161,3,P055,3.0,485.47,5.0,1456.41,1383.5895,True,Beauty
500161,4,P028,5.0,205.75,0.0,1028.75,1028.75,True,Electronics
500162,1,P027,3.0,170.81,10.0,512.4300000000001,461.18700000000007,True,Grocery
500162,2,P018,2.0,75.24,5.0,150.48,142.956,True,Sports
500162,3,P050,3.0,451.01,0.0,1353.03,1353.03,True,Grocery
500163,1,P058,4.0,479.03,15.0,1916.12,1628.7019999999998,True,Sports
500163,2,P015,3.0,480.06,0.0,1440.18,1440.18,True,Books
500163,3,P020,1.0,371.17,5.0,371.17,352.6115,True,Home
500163,4,P008,5.0,324.39,20.0,1621.9499999999998,1297.56,True,Electronics
500163,5,P049,1.0,131.24,20.0,131.24,104.99200000000002,True,Electronics
500164,1,P001,2.0,19.52,15.0,39.04,33.184,True,Grocery
500164,2,P031,1.0,51.79,0.0,51.79,51.79,True,Electronics
500165,1,P010,1.0,83.08,10.0,83.08,74.772,True,Electronics
500165,2,P035,2.0,648.89,15.0,1297.78,1103.113,True,Grocery
500165,3,P058,2.0,468.44,15.0,936.88,796.348,True,Sports
500165,4,P021,2.0,173.95,10.0,347.9,313.11,True,Sports
500165,5,P016,1.0,633.91,15.0,633.91,538.8235,True,Grocery
500165,6,P006,5.0,274.63,15.0,1373.15,1167.1775,True,Sports
500166,1,P023,3.0,52.21,0.0,156.63,156.63,True,Books
500166,2,P046,2.0,49.17,5.0,98.34,93.423,True,Electronics
500166,3,P030,4.0,369.14,15.0,1476.56,1255.076,True,Electronics
500166,4,P058,1.0,516.55,0.0,516.55,516.55,True,Sports
500166,5,P021,2.0,199.71,5.0,399.42,379.449,True,Sports
500167,1,P052,1.0,388.39,10.0,388.39,349.551,True,Sports
500167,2,P058,5.0,503.18,20.0,2515.9,2012.7200000000003,True,Sports
500167,3,P039,1.0,250.91,0.0,250.91,250.91,True,Beauty
500168,1,P037,3.0,326.84,0.0,980.52,980.52,True,Home
500169,1,P024,4.0,568.32,15.0,2273.28,1932.288,True,Sports
500170,1,P048,2.0,601.46,0.0,1202.92,1202.92,True,Beauty
500170,2,P057,1.0,446.28,15.0,446.28,379.33799999999997,True,Grocery
500170,3,P013,1.0,243.03,10.0,243.03,218.727,True,Beauty
500171,1,P037,1.0,366.0,20.0,366.0,292.8,True,Home
500171,2,P002,1.0,381.22,0.0,381.22,381.22,True,Books
500171,3,P015,3.0,386.39,0.0,1159.17,1159.17,True,Books
500172,1,P035,5.0,572.83,0.0,2864.15,2864.15,True,Grocery
500172,2,P024,1.0,517.55,15.0,517.55,439.91749999999996,True,Sports
500173,1,P021,5.0,199.99,10.0,999.95,899.955,True,Sports
500173,2,P055,4.0,465.82,10.0,1863.28,1676.952,True,Beauty
500174,1,P008,2.0,300.94,0.0,601.88,601.88,True,Electronics
500175,1,P024,2.0,654.61,0.0,1309.22,1309.22,True,Sports
500175,2,P026,1.0,198.86,0.0,198.86,198.86,True,Beauty
500175,3,P047,1.0,408.54,0.0,408.54,408.54,True,Home
500175,4,P042,1.0,444.88,0.0,444.88,444.88,True,Beauty
500175,5,P053,3.0,58.39,5.0,175.17000000000002,166.41150000000002,True,Grocery
500176,1,P033,2.0,159.37,15.0,318.74,270.929,True,Sports
500176,2,P060,2.0,165.05,0.0,330.1,330.1,True,Books
500176,3,P022,1.0,54.95,5.0,54.95,52.2025,True,Books
500177,1,P047,3.0,377.3,5.0,1131.9,1075.305,True,Home
500177,2,P044,1.0,451.37,10.0,451.37,406.233,True,Electronics
500178,1,P004,1.0,402.08,5.0,402.08,381.97599999999994,True,Beauty
500179,1,P003,3.0,367.6,0.0,1102.8000000000002,1102.8000000000002,True,Home
500179,2,P026,1.0,199.14,0.0,199.14,199.14,True,Beauty
500179,3,P026,3.0,223.81,20.0,671.4300000000001,537.1440000000001,True,Beauty
500179,4,P018,1.0,77.93,0.0,77.93,77.93,True,Sports
500179,5,P032,1.0,583.81,5.0,583.81,554.6194999999999,True,Grocery
500180,1,P051,4.0,145.94,10.0,583.76,525.384,True,Electronics
500180,2,P043,2.0,388.37,0.0,776.74,776.74,True,Beauty
500180,3,P001,1.0,19.32,15.0,19.32,16.422,True,Grocery
500180,4,P040,5.0,371.64,0.0,1858.1999999999998,1858.1999999999998,True,Electronics
500181,1,P010,1.0,86.24,0.0,86.24,86.24,True,Electronics
500181,2,P024,2.0,578.08,15.0,1156.16,982.736,True,Sports
500181,3,P046,2.0,46.86,20.0,93.72,74.976,True,Electronics
500181,4,P018,2.0,74.94,5.0,149.88,142.386,True,Sports
500181,5,P022,3.0,50.03,0.0,150.09,150.09,True,Books
500181,6,P009,1.0,695.88,15.0,695.88,591.4979999999999,True,Sports
500182,1,P058,1.0,469.29,5.0,469.29,445.8255,True,Sports
500182,2,P060,2.0,139.38,0.0,278.76,278.76,True,Books
500182,3,P024,4.0,576.45,15.0,2305.8,1959.93,True,Sports
500182,4,P040,2.0,469.09,0.0,938.18,938.18,True,Electronics
500182,5,P057,5.0,458.13,10.0,2290.65,2061.585,True,Grocery
500183,1,P003,3.0,428.49,15.0,1285.47,1092.6495,True,Home
500184,1,P012,2.0,247.08,0.0,494.16,494.16,True,Beauty
500184,2,P044,5.0,518.06,20.0,2590.2999999999997,2072.24,True,Electronics
500184,3,P031,4.0,41.84,20.0,167.36,133.888,True,Electronics
500184,4,P025,2.0,122.77,5.0,245.54,233.26299999999998,True,Books
500185,1,P035,2.0,585.57,15.0,1171.14,995.469,True,Grocery
500185,2,P058,2.0,478.83,15.0,957.66,814.011,True,Sports
500186,1,P017,5.0,91.5,10.0,457.5,411.75,True,Beauty
500187,1,P059,4.0,643.87,20.0,2575.48,2060.384,True,Grocery
500188,1,P015,1.0,432.03,20.0,432.03,345.624,True,Books
500189,1,P053,1.0,64.1,0.0,64.1,64.1,True,Grocery
500189,2,P020,2.0,369.14,0.0,738.28,738.28,True,Home
500189,3,P039,4.0,217.47,15.0,869.88,739.398,True,Beauty
500189,4,P035,4.0,492.74,5.0,1970.96,1872.412,True,Grocery
500189,5,P008,1.0,287.0,10.0,287.0,258.3,True,Electronics
500189,6,P050,2.0,388.11,5.0,776.22,737.409,True,Grocery
500190,1,P057,2.0,453.02,0.0,906.04,906.04,True,Grocery
500190,2,P028,1.0,204.41,5.0,204.41,194.18949999999998,True,Electronics
500190,3,P050,2.0,461.47,10.0,922.94,830.6460000000001,True,Grocery
500190,4,P020,1.0,379.65,15.0,379.65,322.7025,True,Home
500190,5,P041,2.0,728.76,0.0,1457.52,1457.52,True,Home
500191,1,P035,3.0,653.65,0.0,1960.9499999999998,1960.9499999999998,True,Grocery
500191,2,P036,3.0,400.01,0.0,1200.03,1200.03,True,Electronics
500191,3,P001,1.0,19.06,20.0,19.06,15.248,True,Grocery
500191,4,P014,1.0,481.01,0.0,481.01,481.01,True,Books
500191,5,P009,1.0,595.8,15.0,595.8,506.42999999999995,True,Sports
500192,1,P008,1.0,305.24,10.0,305.24,274.716,True,Electronics
500192,2,P032,4.0,562.65,0.0,2250.6,2250.6,True,Grocery
500193,1,P026,2.0,223.09,10.0,446.18,401.562,True,Beauty
500193,2,P004,1.0,396.55,15.0,396.55,337.0675,True,Beauty
500193,3,P042,5.0,495.95,10.0,2479.75,2231.775,True,Beauty
500194,1,P051,1.0,145.55,0.0,145.55,145.55,True,Electronics
500194,2,P018,5.0,66.72,5.0,333.6,316.92,True,Sports
500194,3,P058,1.0,534.18,15.0,534.18,454.05299999999994,True,Sports
500194,4,P044,2.0,411.98,10.0,823.96,741.5640000000001,True,Electronics
500195,1,P016,4.0,617.01,0.0,2468.04,2468.04,True,Grocery
500196,1,P046,1.0,46.55,5.0,46.55,44.2225,True,Electronics
500196,2,P052,2.0,340.81,0.0,681.62,681.62,True,Sports
500197,1,P055,1.0,419.82,5.0,419.82,398.82899999999995,True,Beauty
500198,1,P022,1.0,48.74,20.0,48.74,38.992000000000004,True,Books
500199,1,P047,5.0,349.59,20.0,1747.9499999999998,1398.36,True,Home
500199,2,P015,3.0,438.11,0.0,1314.33,1314.33,True,Books
500199,3,P038,1.0,218.03,15.0,218.03,185.3255,True,Sports
500199,4,P021,2.0,207.92,20.0,415.84,332.672,True,Sports
500199,5,P014,1.0,488.03,10.0,488.03,439.227,True,Books
500199,6,P002,5.0,360.55,10.0,1802.75,1622.4750000000001,True,Books
500200,1,P028,1.0,217.36,15.0,217.36,184.756,True,Electronics
500200,2,P058,1.0,481.02,20.0,481.02,384.81600000000003,True,Sports
500200,3,P018,1.0,70.38,0.0,70.38,70.38,True,Sports
500201,1,P024,1.0,594.77,0.0,594.77,594.77,True,Sports
500202,1,P022,2.0,62.83,5.0,125.66,119.377,True,Books
500202,2,P005,4.0,139.95,20.0,559.8,447.84,True,Electronics
500202,3,P048,5.0,663.21,15.0,3316.05,2818.6425,True,Beauty
500202,4,P040,5.0,477.69,5.0,2388.45,2269.0274999999997,True,Electronics
500202,5,P051,1.0,143.87,10.0,143.87,129.483,True,Electronics
500202,6,P016,1.0,658.52,0.0,658.52,658.52,True,Grocery
500203,1,P041,4.0,641.1,5.0,2564.4,2436.18,True,Home
500203,2,P013,2.0,317.46,15.0,634.92,539.6819999999999,True,Beauty
500203,3,P036,1.0,468.78,15.0,468.78,398.46299999999997,True,Electronics
500203,4,P009,2.0,578.26,5.0,1156.52,1098.694,True,Sports
500204,1,P016,3.0,693.5,15.0,2080.5,1768.425,True,Grocery
500205,1,P058,1.0,481.38,5.0,481.38,457.311,True,Sports
500206,1,P060,1.0,175.46,10.0,175.46,157.91400000000002,True,Books
500207,1,P049,1.0,103.61,5.0,103.61,98.42949999999999,True,Electronics
500207,2,P040,1.0,502.28,0.0,502.28,502.28,True,Electronics
500207,3,P033,5.0,174.12,5.0,870.6,827.0699999999999,True,Sports
500207,4,P057,1.0,382.2,0.0,382.2,382.2,True,Grocery
500207,5,P058,4.0,588.42,20.0,2353.68,1882.944,True,Sports
500208,1,P030,2.0,297.26,10.0,594.52,535.068,True,Electronics
500208,2,P025,3.0,145.69,10.0,437.07,393.363,True,Books
500209,1,P013,5.0,266.92,15.0,1334.6000000000001,1134.41,True,Beauty
500209,2,P056,1.0,229.97,0.0,229.97,229.97,True,Electronics
500209,3,P020,1.0,379.47,0.0,379.47,379.47,True,Home
500209,4,P015,1.0,436.33,5.0,436.33,414.51349999999996,True,Books
500210,1,P028,2.0,221.23,0.0,442.46,442.46,True,Electronics
500210,2,P056,2.0,249.92,0.0,499.84,499.84,True,Electronics
500211,1,P019,1.0,469.97,0.0,469.97,469.97,True,Electronics
500211,2,P045,5.0,304.31,5.0,1521.55,1445.4724999999999,True,Grocery
500211,3,P018,2.0,76.81,20.0,153.62,122.89600000000002,True,Sports
500211,4,P049,1.0,126.91,10.0,126.91,114.219,True,Electronics
500212,1,P011,1.0,498.47,20.0,498.47,398.77600000000007,True,Beauty
500212,2,P010,4.0,99.98,20.0,399.92,319.93600000000004,True,Electronics
500213,1,P034,3.0,401.07,20.0,1203.21,962.5680000000001,True,Electronics
500213,2,P035,1.0,547.55,5.0,547.55,520.1724999999999,True,Grocery
500213,3,P034,4.0,333.38,20.0,1333.52,1066.816,True,Electronics
500213,4,P053,1.0,74.85,0.0,74.85,74.85,True,Grocery
500214,1,P047,1.0,364.49,10.0,364.49,328.041,True,Home
500214,2,P046,3.0,38.86,0.0,116.58,116.58,True,Electronics
500214,3,P039,3.0,246.0,0.0,738.0,738.0,True,Beauty
500214,4,P057,1.0,420.53,20.0,420.53,336.424,True,Grocery
500214,5,P035,4.0,614.34,0.0,2457.36,2457.36,True,Grocery
500214,6,P030,2.0,382.04,0.0,764.08,764.08,True,Electronics
500215,1,P019,1.0,534.44,0.0,534.44,534.44,True,Electronics
500215,2,P031,2.0,42.11,0.0,84.22,84.22,True,Electronics
500215,3,P046,1.0,46.46,0.0,46.46,46.46,True,Electronics
500216,1,P059,3.0,613.92,10.0,1841.7599999999998,1657.5839999999998,True,Grocery
500216,2,P034,2.0,402.71,0.0,805.42,805.42,True,Electronics
500216,3,P011,1.0,487.27,20.0,487.27,389.81600000000003,True,Beauty
500216,4,P031,5.0,49.95,20.0,249.75,199.8,True,Electronics
500216,5,P011,1.0,390.03,0.0,390.03,390.03,True,Beauty
500216,6,P056,2.0,256.19,0.0,512.38,512.38,True,Electronics
500217,1,P032,5.0,546.13,5.0,2730.65,2594.1175,True,Grocery
500217,2,P057,1.0,485.11,0.0,485.11,485.11,True,Grocery
500217,3,P049,2.0,120.29,15.0,240.58,204.493,True,Electronics
500217,4,P027,2.0,173.56,0.0,347.12,347.12,True,Grocery
500217,5,P002,1.0,393.87,20.0,393.87,315.096,True,Books
500217,6,P045,5.0,302.25,15.0,1511.25,1284.5625,True,Grocery
500218,1,P035,1.0,625.89,5.0,625.89,594.5955,True,Grocery
500218,2,P039,1.0,246.41,10.0,246.41,221.769,True,Beauty
500218,3,P028,2.0,235.72,0.0,471.44,471.44,True,Electronics
500218,4,P051,1.0,132.49,15.0,132.49,112.6165,True,Electronics
500218,5,P004,1.0,402.12,10.0,402.12,361.908,True,Beauty
500219,1,P018,2.0,63.96,0.0,127.92,127.92,True,Sports
500220,1,P015,5.0,476.17,10.0,2380.85,2142.765,True,Books
500220,2,P045,2.0,305.39,20.0,610.78,488.624,True,Grocery
500220,3,P013,4.0,318.0,10.0,1272.0,1144.8,True,Beauty
500221,1,P054,3.0,281.04,0.0,843.1200000000001,843.1200000000001,True,Home
500221,2,P006,4.0,258.91,0.0,1035.64,1035.64,True,Sports
500222,1,P007,1.0,436.08,0.0,436.08,436.08,True,Grocery
500222,2,P003,2.0,415.12,20.0,830.24,664.192,True,Home
500222,3,P047,4.0,316.06,15.0,1264.24,1074.604,True,Home
500223,1,P014,5.0,428.73,5.0,2143.65,2036.4675,True,Books
500223,2,P017,5.0,84.44,0.0,422.2,422.2,True,Beauty
500223,3,P018,1.0,79.25,0.0,79.25,79.25,True,Sports
500223,5,P051,1.0,124.15,0.0,124.15,124.15,True,Electronics
500223,6,P017,1.0,100.25,0.0,100.25,100.25,True,Beauty
500224,1,P023,4.0,55.93,0.0,223.72,223.72,True,Books
500224,2,P057,1.0,410.39,0.0,410.39,410.39,True,Grocery
500224,3,P054,3.0,274.47,0.0,823.4100000000001,823.4100000000001,True,Home
500224,4,P020,3.0,401.25,0.0,1203.75,1203.75,True,Home
500224,5,P022,1.0,49.39,20.0,49.39,39.512,True,Books
500225,1,P018,5.0,74.59,10.0,372.95000000000005,335.65500000000003,True,Sports
500226,1,P027,4.0,157.7,0.0,630.8,630.8,True,Grocery
500226,2,P002,4.0,464.48,15.0,1857.92,1579.232,True,Books
500226,3,P033,5.0,171.5,15.0,857.5,728.875,True,Sports
500226,4,P016,1.0,679.51,20.0,679.51,543.6080000000001,True,Grocery
500227,1,P056,4.0,226.45,5.0,905.8,860.5099999999999,True,Electronics
500227,2,P041,2.0,552.09,15.0,1104.18,938.553,True,Home
500228,1,P046,4.0,37.64,15.0,150.56,127.976,True,Electronics
500228,2,P056,5.0,258.37,5.0,1291.85,1227.2575,True,Electronics
500228,3,P031,2.0,50.43,15.0,100.86,85.731,True,Electronics
500228,4,P024,5.0,631.3,0.0,3156.5,3156.5,True,Sports
500229,1,P052,2.0,348.53,20.0,697.06,557.648,True,Sports
500230,1,P999,2.0,208.87,5.0,417.74,396.853,False,
500230,2,P048,3.0,572.57,0.0,1717.71,1717.71,True,Beauty
500230,3,P052,1.0,385.73,5.0,385.73,366.4435,True,Sports
500230,4,P024,2.0,602.01,5.0,1204.02,1143.819,True,Sports
500230,5,P008,1.0,314.83,0.0,314.83,314.83,True,Electronics
500231,1,P052,4.0,334.26,15.0,1337.04,1136.484,True,Sports
500232,1,P002,5.0,373.8,0.0,1869.0,1869.0,True,Books
500233,1,P006,4.0,277.39,0.0,1109.56,1109.56,True,Sports
500233,2,P030,1.0,352.7,0.0,352.7,352.7,True,Electronics
500233,3,P015,1.0,439.55,0.0,439.55,439.55,True,Books
500233,4,P051,2.0,124.52,15.0,249.04,211.684,True,Electronics
500233,5,P053,5.0,63.99,0.0,319.95,319.95,True,Grocery
500234,1,P047,1.0,327.56,0.0,327.56,327.56,True,Home
500234,2,P036,2.0,399.49,5.0,798.98,759.031,True,Electronics
500234,3,P031,1.0,54.28,10.0,54.28,48.852000000000004,True,Electronics
500235,1,P052,2.0,368.2,20.0,736.4,589.12,True,Sports
500235,2,P053,1.0,71.74,0.0,71.74,71.74,True,Grocery
500235,3,P053,1.0,61.54,0.0,61.54,61.54,True,Grocery
500236,1,P048,2.0,567.6,0.0,1135.2,1135.2,True,Beauty
500236,2,P005,5.0,139.17,10.0,695.8499999999999,626.265,True,Electronics
500237,1,P052,5.0,392.39,15.0,1961.9499999999998,1667.6574999999998,True,Sports
500237,2,P023,2.0,68.86,10.0,137.72,123.94800000000001,True,Books
500237,3,P049,3.0,118.15,5.0,354.45000000000005,336.7275,True,Electronics
500237,4,P038,1.0,227.4,20.0,227.4,181.92000000000002,True,Sports
500237,5,P047,4.0,343.74,10.0,1374.96,1237.4640000000002,True,Home
500238,1,P045,1.0,323.99,0.0,323.99,323.99,True,Grocery
500238,2,P008,1.0,295.51,5.0,295.51,280.73449999999997,True,Electronics
500238,3,P022,2.0,56.44,10.0,112.88,101.592,True,Books
500238,4,P053,5.0,74.65,0.0,373.25,373.25,True,Grocery
500238,5,P029,1.0,54.25,10.0,54.25,48.825,True,Grocery
500239,1,P019,1.0,440.27,5.0,440.27,418.25649999999996,True,Electronics
500239,2,P018,1.0,65.96,5.0,65.96,62.66199999999999,True,Sports
500239,3,P056,1.0,216.68,15.0,216.68,184.178,True,Electronics
500239,4,P001,1.0,23.09,5.0,23.09,21.935499999999998,True,Grocery
500240,1,P037,2.0,384.23,0.0,768.46,768.46,True,Home
500240,2,P027,1.0,143.14,10.0,143.14,128.826,True,Grocery
500241,1,P042,1.0,397.64,15.0,397.64,337.99399999999997,True,Beauty
500241,2,P034,3.0,319.84,20.0,959.52,767.616,True,Electronics
500241,3,P060,1.0,145.6,10.0,145.6,131.04,True,Books
500241,4,P009,4.0,644.91,10.0,2579.64,2321.676,True,Sports
500242,1,P011,3.0,397.39,5.0,1192.17,1132.5615,True,Beauty
500243,1,P041,2.0,667.85,0.0,1335.7,1335.7,True,Home
500243,2,P026,2.0,227.6,0.0,455.2,455.2,True,Beauty
500243,3,P058,1.0,446.77,0.0,446.77,446.77,True,Sports
500243,4,P012,2.0,229.79,10.0,459.58,413.622,True,Beauty
500243,5,P030,1.0,370.41,0.0,370.41,370.41,True,Electronics
500244,1,P015,1.0,485.33,0.0,485.33,485.33,True,Books
500244,2,P055,2.0,565.37,10.0,1130.74,1017.666,True,Beauty
500245,1,P023,1.0,63.1,0.0,63.1,63.1,True,Books
500245,2,P052,2.0,358.71,15.0,717.42,609.8069999999999,True,Sports
500245,3,P030,1.0,372.5,20.0,372.5,298.0,True,Electronics
500245,4,P014,2.0,474.05,5.0,948.1,900.6949999999999,True,Books
500245,5,P054,3.0,273.42,20.0,820.26,656.2080000000001,True,Home
500245,6,P023,5.0,65.78,20.0,328.9,263.12,True,Books
500246,1,P030,1.0,361.55,0.0,361.55,361.55,True,Electronics
500246,2,P006,1.0,222.15,20.0,222.15,177.72000000000003,True,Sports
500246,3,P058,4.0,540.66,5.0,2162.64,2054.508,True,Sports
500247,1,P018,5.0,62.49,0.0,312.45,312.45,True,Sports
500247,2,P009,5.0,637.86,5.0,3189.3,3029.835,True,Sports
500247,3,P049,2.0,125.35,20.0,250.7,200.56,True,Electronics
500247,4,P021,2.0,184.71,0.0,369.42,369.42,True,Sports
500248,1,P014,4.0,406.04,0.0,1624.16,1624.16,True,Books
500248,2,P016,5.0,605.83,5.0,3029.15,2877.6925,True,Grocery
500248,3,P049,2.0,110.63,5.0,221.26,210.19699999999997,True,Electronics
500248,4,P038,1.0,204.81,15.0,204.81,174.0885,True,Sports
500248,5,P058,1.0,446.26,5.0,446.26,423.94699999999995,True,Sports
500248,6,P060,4.0,175.9,15.0,703.6,598.0600000000001,True,Books
500249,1,P012,1.0,271.02,15.0,271.02,230.367,True,Beauty
500249,2,P020,1.0,401.29,0.0,401.29,401.29,True,Home
500249,3,P023,1.0,67.0,15.0,67.0,56.949999999999996,True,Books
500249,4,P030,1.0,289.64,20.0,289.64,231.712,True,Electronics
500249,5,P030,1.0,342.99,0.0,342.99,342.99,True,Electronics
500249,6,P038,4.0,200.36,15.0,801.44,681.224,True,Sports
500250,1,P060,1.0,136.28,15.0,136.28,115.838,True,Books
500251,1,P026,3.0,219.94,0.0,659.8199999999999,659.8199999999999,True,Beauty
500251,2,P040,4.0,473.18,0.0,1892.72,1892.72,True,Electronics
500251,3,P038,1.0,203.3,0.0,203.3,203.3,True,Sports
500251,4,P038,1.0,204.32,5.0,204.32,194.10399999999998,True,Sports
500251,5,P004,3.0,390.67,10.0,1172.01,1054.809,True,Beauty
500251,6,P007,2.0,443.28,15.0,886.56,753.5759999999999,True,Grocery
500252,1,P015,2.0,519.03,20.0,1038.06,830.448,True,Books
500253,1,P014,2.0,511.92,5.0,1023.84,972.648,True,Books
500253,2,P002,1.0,455.35,0.0,455.35,455.35,True,Books
500253,3,P029,5.0,48.8,0.0,244.0,244.0,True,Grocery
500254,1,P015,2.0,501.52,20.0,1003.04,802.432,True,Books
500254,2,P035,2.0,572.16,10.0,1144.32,1029.888,True,Grocery
500254,3,P048,1.0,617.17,5.0,617.17,586.3114999999999,True,Beauty
500254,4,P021,2.0,200.79,0.0,401.58,401.58,True,Sports
500254,5,P021,1.0,176.37,0.0,176.37,176.37,True,Sports
500255,1,P044,1.0,461.33,0.0,461.33,461.33,True,Electronics
500255,2,P057,4.0,442.7,0.0,1770.8,1770.8,True,Grocery
500255,3,P056,1.0,206.96,0.0,206.96,206.96,True,Electronics
500255,4,P051,4.0,137.14,10.0,548.56,493.70399999999995,True,Electronics
500255,5,P059,2.0,525.68,5.0,1051.36,998.7919999999998,True,Grocery
500255,6,P049,5.0,107.21,10.0,536.05,482.445,True,Electronics
500256,1,P028,4.0,228.23,0.0,912.92,912.92,True,Electronics
500256,2,P026,3.0,193.54,15.0,580.62,493.527,True,Beauty
500257,1,P036,2.0,460.63,15.0,921.26,783.071,True,Electronics
500257,2,P010,2.0,88.08,0.0,176.16,176.16,True,Electronics
500257,3,P030,4.0,299.38,10.0,1197.52,1077.768,True,Electronics
500258,1,P036,1.0,446.53,10.0,446.53,401.877,True,Electronics
500258,2,P059,1.0,631.97,0.0,631.97,631.97,True,Grocery
500258,3,P045,4.0,298.93,5.0,1195.72,1135.934,True,Grocery
500258,4,P016,4.0,706.75,0.0,2827.0,2827.0,True,Grocery
500259,1,P059,3.0,642.12,0.0,1926.3600000000001,1926.3600000000001,True,Grocery
500259,2,P032,1.0,548.92,0.0,548.92,548.92,True,Grocery
500259,3,P006,4.0,295.22,0.0,1180.88,1180.88,True,Sports
500259,4,P034,2.0,401.27,10.0,802.54,722.286,True,Electronics
500259,5,P056,4.0,256.88,15.0,1027.52,873.3919999999999,True,Electronics
500259,6,P008,1.0,321.42,10.0,321.42,289.278,True,Electronics
500260,1,P029,2.0,50.16,0.0,100.32,100.32,True,Grocery
500260,2,P038,5.0,240.64,15.0,1203.1999999999998,1022.7199999999998,True,Sports
500260,3,P041,1.0,620.8,20.0,620.8,496.64,True,Home
500260,4,P045,5.0,292.3,20.0,1461.5,1169.2,True,Grocery
500260,5,P009,1.0,646.75,0.0,646.75,646.75,True,Sports
500260,6,P013,3.0,310.97,0.0,932.9100000000001,932.9100000000001,True,Beauty
500261,1,P051,1.0,126.31,5.0,126.31,119.9945,True,Electronics
500261,2,P054,1.0,294.36,5.0,294.36,279.642,True,Home
500261,3,P059,1.0,558.08,0.0,558.08,558.08,True,Grocery
500262,1,P055,1.0,434.15,0.0,434.15,434.15,True,Beauty
500262,2,P043,2.0,378.74,0.0,757.48,757.48,True,Beauty
500262,3,P005,1.0,142.85,5.0,142.85,135.70749999999998,True,Electronics
500262,4,P030,1.0,312.82,10.0,312.82,281.538,True,Electronics
500262,5,P049,1.0,122.04,20.0,122.04,97.632,True,Electronics
500263,1,P034,3.0,331.9,0.0,995.6999999999999,995.6999999999999,True,Electronics
500263,2,P045,3.0,262.71,0.0,788.1299999999999,788.1299999999999,True,Grocery
500264,1,P057,5.0,462.4,15.0,2312.0,1965.2,True,Grocery
500264,2,P041,4.0,673.28,20.0,2693.12,2154.496,True,Home
500264,3,P023,5.0,55.79,0.0,278.95,278.95,True,Books
500264,4,P047,1.0,330.96,10.0,330.96,297.864,True,Home
500264,5,P060,1.0,169.48,0.0,169.48,169.48,True,Books
500264,6,P009,1.0,607.89,0.0,607.89,607.89,True,Sports
500265,1,P006,2.0,259.77,15.0,519.54,441.609,True,Sports
500265,2,P028,1.0,260.19,0.0,260.19,260.19,True,Electronics
500265,3,P045,2.0,297.08,0.0,594.16,594.16,True,Grocery
500265,4,P026,1.0,218.86,5.0,218.86,207.917,True,Beauty
500266,1,P053,3.0,72.38,15.0,217.14,184.569,True,Grocery
500266,2,P030,5.0,385.98,5.0,1929.9,1833.405,True,Electronics
500266,3,P021,2.0,187.11,5.0,374.22,355.509,True,Sports
500267,1,P017,4.0,87.26,15.0,349.04,296.684,True,Beauty
500267,2,P041,2.0,668.03,5.0,1336.06,1269.2569999999998,True,Home
500267,3,P051,1.0,145.39,0.0,145.39,145.39,True,Electronics
500267,4,P018,1.0,70.19,20.0,70.19,56.152,True,Sports
500267,5,P057,2.0,481.43,15.0,962.86,818.431,True,Grocery
500268,1,P045,2.0,302.13,20.0,604.26,483.408,True,Grocery
500268,2,P055,1.0,514.83,5.0,514.83,489.0885,True,Beauty
500268,3,P046,2.0,42.19,15.0,84.38,71.723,True,Electronics
500269,1,P033,4.0,177.76,5.0,711.04,675.4879999999999,True,Sports
500269,2,P028,5.0,266.14,0.0,1330.6999999999998,1330.6999999999998,True,Electronics
500270,1,P022,4.0,55.12,15.0,220.48,187.408,True,Books
500270,2,P045,5.0,282.32,0.0,1411.6,1411.6,True,Grocery
500270,3,P041,3.0,638.44,0.0,1915.3200000000002,1915.3200000000002,True,Home
500270,4,P009,5.0,589.12,15.0,2945.6,2503.7599999999998,True,Sports
500270,5,P052,1.0,400.73,15.0,400.73,340.6205,True,Sports
500270,6,P009,2.0,570.34,5.0,1140.68,1083.646,True,Sports
500271,1,P044,4.0,532.62,0.0,2130.48,2130.48,True,Electronics
500272,1,P052,2.0,348.21,5.0,696.42,661.5989999999999,True,Sports
500273,1,P053,3.0,61.8,20.0,185.39999999999998,148.32,True,Grocery
500274,1,P006,1.0,256.79,10.0,256.79,231.11100000000002,True,Sports
500274,2,P004,1.0,339.89,15.0,339.89,288.9065,True,Beauty
500274,3,P051,2.0,141.87,0.0,283.74,283.74,True,Electronics
500274,4,P037,2.0,355.44,0.0,710.88,710.88,True,Home
500274,5,P035,1.0,649.76,0.0,649.76,649.76,True,Grocery
500274,6,P058,2.0,490.91,0.0,981.82,981.82,True,Sports
500275,1,P031,4.0,45.79,20.0,183.16,146.528,True,Electronics
500275,2,P014,2.0,522.71,0.0,1045.42,1045.42,True,Books
500275,3,P054,1.0,333.65,10.0,333.65,300.28499999999997,True,Home
500276,1,P028,5.0,213.77,5.0,1068.8500000000001,1015.4075,True,Electronics
500276,2,P052,5.0,396.17,0.0,1980.8500000000001,1980.8500000000001,True,Sports
500276,3,P057,2.0,369.63,0.0,739.26,739.26,True,Grocery
500277,1,P015,5.0,480.66,15.0,2403.3,2042.805,True,Books
500277,3,P058,4.0,555.75,10.0,2223.0,2000.7,True,Sports
500277,4,P017,5.0,84.34,5.0,421.70000000000005,400.615,True,Beauty
500278,1,P057,4.0,466.52,20.0,1866.08,1492.864,True,Grocery
500278,2,P041,1.0,660.15,10.0,660.15,594.135,True,Home
500278,3,P054,1.0,293.29,0.0,293.29,293.29,True,Home
500278,4,P027,2.0,141.7,15.0,283.4,240.89,True,Grocery
500279,1,P012,1.0,262.51,0.0,262.51,262.51,True,Beauty
500280,1,P059,4.0,674.44,5.0,2697.76,2562.8720000000003,True,Grocery
500280,2,P034,1.0,363.91,5.0,363.91,345.7145,True,Electronics
500280,3,P039,2.0,222.49,0.0,444.98,444.98,True,Beauty
500280,4,P059,2.0,614.76,0.0,1229.52,1229.52,True,Grocery
500280,5,P010,1.0,80.39,10.0,80.39,72.351,True,Electronics
500281,1,P002,5.0,388.78,15.0,1943.8999999999999,1652.3149999999998,True,Books
500281,2,P048,1.0,606.51,20.0,606.51,485.208,True,Beauty
500281,3,P013,5.0,260.64,10.0,1303.1999999999998,1172.8799999999999,True,Beauty
500281,4,P027,1.0,136.74,0.0,136.74,136.74,True,Grocery
500281,5,P009,5.0,694.48,0.0,3472.4,3472.4,True,Sports
500281,6,P007,4.0,401.74,20.0,1606.96,1285.5680000000002,True,Grocery
500282,1,P025,3.0,145.15,15.0,435.45000000000005,370.13250000000005,True,Books
500282,2,P041,1.0,637.67,0.0,637.67,637.67,True,Home
500282,3,P059,2.0,657.07,5.0,1314.14,1248.433,True,Grocery
500282,4,P013,3.0,242.27,0.0,726.8100000000001,726.8100000000001,True,Beauty
500282,5,P039,1.0,201.63,20.0,201.63,161.304,True,Beauty
500282,6,P040,2.0,477.38,5.0,954.76,907.0219999999999,True,Electronics
500283,1,P055,2.0,446.07,0.0,892.14,892.14,True,Beauty
500283,2,P028,1.0,210.51,20.0,210.51,168.40800000000002,True,Electronics
500283,3,P046,3.0,38.49,10.0,115.47,103.923,True,Electronics
500283,4,P025,1.0,133.63,0.0,133.63,133.63,True,Books
500284,1,P049,1.0,120.02,0.0,120.02,120.02,True,Electronics
500284,2,P016,1.0,729.45,0.0,729.45,729.45,True,Grocery
500284,3,P040,1.0,498.74,15.0,498.74,423.929,True,Electronics
500285,1,P014,5.0,530.95,0.0,2654.75,2654.75,True,Books
500285,2,P025,1.0,113.1,5.0,113.1,107.445,True,Books
500285,3,P036,1.0,395.23,0.0,395.23,395.23,True,Electronics
500285,4,P004,2.0,343.94,0.0,687.88,687.88,True,Beauty
500285,5,P047,4.0,420.73,20.0,1682.92,1346.3360000000002,True,Home
500285,6,P015,1.0,387.27,0.0,387.27,387.27,True,Books
500286,1,P023,1.0,55.01,0.0,55.01,55.01,True,Books
500286,2,P043,2.0,334.65,10.0,669.3,602.37,True,Beauty
500286,3,P050,2.0,404.87,5.0,809.74,769.2529999999999,True,Grocery
500286,4,P025,1.0,118.28,10.0,118.28,106.452,True,Books
500287,1,P006,4.0,232.04,10.0,928.16,835.3439999999999,True,Sports
500287,2,P044,1.0,442.19,0.0,442.19,442.19,True,Electronics
500287,3,P060,5.0,147.96,5.0,739.8000000000001,702.8100000000001,True,Books
500288,1,P016,2.0,602.47,0.0,1204.94,1204.94,True,Grocery
500288,2,P001,2.0,17.49,15.0,34.98,29.732999999999997,True,Grocery
500288,3,P017,5.0,99.26,0.0,496.3,496.3,True,Beauty
500288,4,P030,5.0,364.23,0.0,1821.15,1821.15,True,Electronics
500288,5,P026,1.0,198.23,0.0,198.23,198.23,True,Beauty
500289,1,P037,1.0,395.67,0.0,395.67,395.67,True,Home
500290,1,P032,3.0,563.67,20.0,1691.0099999999998,1352.808,True,Grocery
500290,2,P057,2.0,484.47,15.0,968.94,823.599,True,Grocery
500290,3,P048,4.0,585.49,5.0,2341.96,2224.862,True,Beauty
500291,1,P044,5.0,473.66,0.0,2368.3,2368.3,True,Electronics
500291,2,P042,1.0,413.85,15.0,413.85,351.77250000000004,True,Beauty
500291,3,P046,1.0,45.53,0.0,45.53,45.53,True,Electronics
500291,4,P031,2.0,54.41,0.0,108.82,108.82,True,Electronics
500291,5,P034,3.0,354.27,0.0,1062.81,1062.81,True,Electronics
500292,1,P005,1.0,147.23,15.0,147.23,125.14549999999998,True,Electronics
500292,2,P040,3.0,416.99,15.0,1250.97,1063.3245,True,Electronics
500292,3,P011,2.0,398.55,0.0,797.1,797.1,True,Beauty
500292,4,P001,2.0,22.3,0.0,44.6,44.6,True,Grocery
500292,5,P053,1.0,69.28,20.0,69.28,55.42400000000001,True,Grocery
500293,1,P031,1.0,46.75,15.0,46.75,39.7375,True,Electronics
500293,2,P012,1.0,273.44,10.0,273.44,246.096,True,Beauty
500294,1,P058,1.0,569.86,15.0,569.86,484.381,True,Sports
500294,2,P025,4.0,131.74,0.0,526.96,526.96,True,Books
500294,3,P035,4.0,607.06,5.0,2428.24,2306.8279999999995,True,Grocery
500295,1,P034,1.0,343.56,5.0,343.56,326.382,True,Electronics
500295,2,P004,1.0,391.59,0.0,391.59,391.59,True,Beauty
500296,1,P025,3.0,129.69,15.0,389.07,330.7095,True,Books
500296,2,P004,4.0,317.03,0.0,1268.12,1268.12,True,Beauty
500296,3,P041,2.0,598.81,15.0,1197.62,1017.9769999999999,True,Home
500296,4,P059,5.0,687.41,20.0,3437.0499999999997,2749.64,True,Grocery
500296,5,P045,4.0,340.75,10.0,1363.0,1226.7,True,Grocery
500296,6,P041,4.0,641.42,0.0,2565.68,2565.68,True,Home
500297,1,P032,1.0,524.78,10.0,524.78,472.30199999999996,True,Grocery
500298,1,P022,1.0,63.62,15.0,63.62,54.077,True,Books
500298,2,P020,4.0,378.17,0.0,1512.68,1512.68,True,Home
500298,3,P016,3.0,668.69,10.0,2006.0700000000002,1805.4630000000002,True,Grocery
500298,4,P007,5.0,363.63,10.0,1818.15,1636.335,True,Grocery
500298,5,P007,1.0,419.15,5.0,419.15,398.19249999999994,True,Grocery
500298,6,P050,4.0,457.71,15.0,1830.84,1556.214,True,Grocery
500299,1,P056,2.0,202.24,0.0,404.48,404.48,True,Electronics
500299,2,P017,1.0,76.9,0.0,76.9,76.9,True,Beauty
500300,1,P051,2.0,140.49,0.0,280.98,280.98,True,Electronics
500300,2,P018,1.0,77.06,20.0,77.06,61.648,True,Sports
500301,1,P007,2.0,416.91,10.0,833.82,750.4380000000001,True,Grocery
500302,1,P003,3.0,451.55,10.0,1354.65,1219.1850000000002,True,Home
500302,2,P019,1.0,463.11,0.0,463.11,463.11,True,Electronics
500302,3,P045,2.0,296.38,5.0,592.76,563.122,True,Grocery
500302,4,P044,5.0,489.56,0.0,2447.8,2447.8,True,Electronics
500302,5,P035,1.0,597.53,0.0,597.53,597.53,True,Grocery
500303,1,P013,2.0,253.79,0.0,507.58,507.58,True,Beauty
500303,2,P058,3.0,571.35,5.0,1714.0500000000002,1628.3475,True,Sports
500304,1,P041,1.0,645.18,0.0,645.18,645.18,True,Home
500305,1,P007,5.0,408.01,0.0,2040.05,2040.05,True,Grocery
500305,2,P057,4.0,471.9,5.0,1887.6,1793.2199999999998,True,Grocery
500305,3,P019,3.0,443.86,0.0,1331.58,1331.58,True,Electronics
500306,1,P023,2.0,55.37,0.0,110.74,110.74,True,Books
500306,2,P040,2.0,456.65,0.0,913.3,913.3,True,Electronics
500306,3,P053,4.0,62.39,0.0,249.56,249.56,True,Grocery
500306,4,P037,2.0,352.49,0.0,704.98,704.98,True,Home
500307,1,P050,5.0,513.64,15.0,2568.2,2182.97,True,Grocery
500307,2,P044,1.0,406.27,10.0,406.27,365.643,True,Electronics
500307,3,P014,2.0,427.81,0.0,855.62,855.62,True,Books
500307,4,P015,4.0,440.82,15.0,1763.28,1498.788,True,Books
500308,1,P051,4.0,126.39,0.0,505.56,505.56,True,Electronics
500308,2,P036,5.0,416.29,20.0,2081.4500000000003,1665.1600000000003,True,Electronics
500308,3,P020,1.0,423.93,5.0,423.93,402.7335,True,Home
500309,1,P036,2.0,440.41,15.0,880.82,748.697,True,Electronics
500309,2,P032,1.0,491.68,0.0,491.68,491.68,True,Grocery
500310,1,P049,1.0,102.42,0.0,102.42,102.42,True,Electronics
500310,2,P002,1.0,384.19,0.0,384.19,384.19,True,Books
500310,3,P003,4.0,357.5,5.0,1430.0,1358.5,True,Home
500311,1,P020,2.0,325.05,0.0,650.1,650.1,True,Home
500312,1,P001,1.0,20.6,5.0,20.6,19.57,True,Grocery
500312,2,P059,1.0,569.57,0.0,569.57,569.57,True,Grocery
500312,3,P005,2.0,153.93,20.0,307.86,246.288,True,Electronics
500312,4,P010,1.0,103.92,0.0,103.92,103.92,True,Electronics
500313,1,P038,2.0,194.58,20.0,389.16,311.32800000000003,True,Sports
500313,2,P055,1.0,558.74,0.0,558.74,558.74,True,Beauty
500314,1,P024,2.0,623.66,0.0,1247.32,1247.32,True,Sports
500315,1,P059,2.0,637.88,0.0,1275.76,1275.76,True,Grocery
500315,2,P052,2.0,390.44,10.0,780.88,702.792,True,Sports
500315,3,P036,1.0,399.32,5.0,399.32,379.354,True,Electronics
500315,4,P028,4.0,201.89,0.0,807.56,807.56,True,Electronics
500315,5,P014,1.0,492.89,10.0,492.89,443.601,True,Books
500315,6,P058,1.0,535.89,0.0,535.89,535.89,True,Sports
500316,1,P057,5.0,489.41,20.0,2447.05,1957.6400000000003,True,Grocery
500316,2,P041,2.0,599.14,15.0,1198.28,1018.5379999999999,True,Home
500316,3,P007,1.0,392.29,5.0,392.29,372.6755,True,Grocery
500316,4,P032,1.0,535.5,20.0,535.5,428.40000000000003,True,Grocery
500317,1,P015,4.0,502.69,0.0,2010.76,2010.76,True,Books
500317,2,P010,1.0,89.01,5.0,89.01,84.5595,True,Electronics
500317,3,P043,1.0,384.0,0.0,384.0,384.0,True,Beauty
500318,1,P015,4.0,502.42,20.0,2009.68,1607.7440000000001,True,Books
500319,1,P052,4.0,371.94,20.0,1487.76,1190.208,True,Sports
500319,3,P032,1.0,515.03,0.0,515.03,515.03,True,Grocery
500319,4,P010,2.0,83.22,0.0,166.44,166.44,True,Electronics
500319,5,P013,1.0,309.12,0.0,309.12,309.12,True,Beauty
500319,6,P047,2.0,342.63,20.0,685.26,548.208,True,Home
500320,1,P045,2.0,332.4,5.0,664.8,631.56,True,Grocery
500320,2,P026,3.0,220.52,5.0,661.5600000000001,628.482,True,Beauty
500320,3,P044,2.0,414.69,15.0,829.38,704.973,True,Electronics
500321,1,P042,1.0,414.84,0.0,414.84,414.84,True,Beauty
500321,2,P052,1.0,302.26,0.0,302.26,302.26,True,Sports
500321,3,P056,3.0,222.74,0.0,668.22,668.22,True,Electronics
500322,1,P045,5.0,319.21,0.0,1596.05,1596.05,True,Grocery
500322,2,P029,1.0,57.07,0.0,57.07,57.07,True,Grocery
500323,1,P036,5.0,374.88,20.0,1874.4,1499.5200000000002,True,Electronics
500323,2,P033,1.0,145.09,10.0,145.09,130.58100000000002,True,Sports
500323,3,P023,3.0,52.09,20.0,156.27,125.01600000000002,True,Books
500323,4,P040,1.0,400.31,10.0,400.31,360.279,True,Electronics
500323,5,P005,2.0,145.37,0.0,290.74,290.74,True,Electronics
500324,1,P044,1.0,447.73,5.0,447.73,425.3435,True,Electronics
500324,2,P019,1.0,459.2,0.0,459.2,459.2,True,Electronics
500324,3,P002,4.0,372.72,0.0,1490.88,1490.88,True,Books
500324,4,P026,4.0,245.36,10.0,981.44,883.296,True,Beauty
500325,1,P056,2.0,257.02,0.0,514.04,514.04,True,Electronics
500325,2,P009,1.0,632.56,0.0,632.56,632.56,True,Sports
500325,3,P045,2.0,327.18,5.0,654.36,621.6419999999999,True,Grocery
500325,4,P023,2.0,59.72,20.0,119.44,95.552,True,Books
500325,5,P054,1.0,298.74,5.0,298.74,283.803,True,Home
500325,6,P036,3.0,466.4,15.0,1399.1999999999998,1189.3199999999997,True,Electronics
500326,1,P004,2.0,308.92,20.0,617.84,494.27200000000005,True,Beauty
500326,2,P014,1.0,533.72,0.0,533.72,533.72,True,Books
500326,3,P016,4.0,626.94,0.0,2507.76,2507.76,True,Grocery
500327,1,P028,1.0,235.33,0.0,235.33,235.33,True,Electronics
500327,2,P010,1.0,103.06,0.0,103.06,103.06,True,Electronics
500327,3,P050,2.0,439.71,5.0,879.42,835.449,True,Grocery
500328,1,P024,5.0,660.27,5.0,3301.35,3136.2825,True,Sports
500328,2,P044,2.0,434.09,0.0,868.18,868.18,True,Electronics
500328,3,P057,2.0,451.34,10.0,902.68,812.4119999999999,True,Grocery
500328,4,P032,1.0,556.02,15.0,556.02,472.61699999999996,True,Grocery
500328,5,P016,1.0,624.86,0.0,624.86,624.86,True,Grocery
500329,1,P006,1.0,291.76,15.0,291.76,247.99599999999998,True,Sports
500329,2,P001,3.0,19.54,10.0,58.62,52.757999999999996,True,Grocery
500329,3,P022,1.0,52.11,0.0,52.11,52.11,True,Books
500329,4,P034,5.0,338.95,20.0,1694.75,1355.8000000000002,True,Electronics
500329,5,P056,1.0,203.16,5.0,203.16,193.00199999999998,True,Electronics
500329,6,P011,1.0,413.17,15.0,413.17,351.1945,True,Beauty
500330,1,P055,2.0,420.92,20.0,841.84,673.4720000000001,True,Beauty
500330,2,P032,4.0,570.06,5.0,2280.24,2166.2279999999996,True,Grocery
500330,3,P049,1.0,113.39,0.0,113.39,113.39,True,Electronics
500330,4,P034,1.0,388.5,0.0,388.5,388.5,True,Electronics
500330,5,P041,2.0,732.11,10.0,1464.22,1317.798,True,Home
500331,1,P045,1.0,265.88,20.0,265.88,212.704,True,Grocery
500331,2,P004,4.0,400.77,0.0,1603.08,1603.08,True,Beauty
500332,1,P040,3.0,447.35,0.0,1342.0500000000002,1342.0500000000002,True,Electronics
500332,2,P038,2.0,186.24,20.0,372.48,297.98400000000004,True,Sports
500333,1,P015,5.0,412.4,5.0,2062.0,1958.8999999999999,True,Books
500333,2,P001,1.0,20.62,0.0,20.62,20.62,True,Grocery
500334,1,P031,2.0,43.87,15.0,87.74,74.579,True,Electronics
500334,2,P011,1.0,412.49,5.0,412.49,391.8655,True,Beauty
500334,3,P054,2.0,301.61,0.0,603.22,603.22,True,Home
500334,4,P016,5.0,610.69,0.0,3053.4500000000003,3053.4500000000003,True,Grocery
500335,1,P058,3.0,464.21,5.0,1392.6299999999999,1322.9985,True,Sports
500335,2,P022,2.0,58.3,5.0,116.6,110.77,True,Books
500335,3,P055,3.0,502.94,10.0,1508.82,1357.9379999999999,True,Beauty
500335,4,P009,1.0,696.76,20.0,696.76,557.408,True,Sports
500335,5,P058,1.0,475.66,10.0,475.66,428.09400000000005,True,Sports
500335,6,P058,2.0,534.62,15.0,1069.24,908.8539999999999,True,Sports
500336,1,P046,4.0,42.97,0.0,171.88,171.88,True,Electronics
500336,2,P005,2.0,132.57,15.0,265.14,225.36899999999997,True,Electronics
500337,1,P012,2.0,292.49,10.0,584.98,526.4820000000001,True,Beauty
500337,2,P020,1.0,327.8,10.0,327.8,295.02000000000004,True,Home
500337,3,P018,1.0,70.62,20.0,70.62,56.49600000000001,True,Sports
500337,4,P034,1.0,307.27,0.0,307.27,307.27,True,Electronics
500337,5,P055,1.0,531.88,15.0,531.88,452.09799999999996,True,Beauty
500338,1,P008,5.0,368.63,10.0,1843.15,1658.835,True,Electronics
500338,2,P055,4.0,483.88,0.0,1935.52,1935.52,True,Beauty
500338,3,P058,1.0,535.12,20.0,535.12,428.096,True,Sports
500338,4,P045,2.0,316.75,0.0,633.5,633.5,True,Grocery
500339,1,P047,5.0,409.18,0.0,2045.9,2045.9,True,Home
500339,2,P037,5.0,325.68,0.0,1628.4,1628.4,True,Home
500339,3,P031,3.0,54.07,5.0,162.21,154.0995,True,Electronics
500340,1,P028,2.0,221.15,10.0,442.3,398.07,True,Electronics
500340,2,P027,2.0,144.3,15.0,288.6,245.31,True,Grocery
500340,3,P013,3.0,289.26,0.0,867.78,867.78,True,Beauty
500341,1,P053,1.0,75.48,20.0,75.48,60.38400000000001,True,Grocery
500342,1,P021,5.0,169.54,0.0,847.6999999999999,847.6999999999999,True,Sports
500342,2,P001,5.0,19.05,5.0,95.25,90.4875,True,Grocery
500342,3,P025,1.0,126.37,20.0,126.37,101.096,True,Books
500342,4,P032,2.0,582.98,0.0,1165.96,1165.96,True,Grocery
500342,5,P059,2.0,549.57,15.0,1099.14,934.269,True,Grocery
500342,6,P057,5.0,403.22,20.0,2016.1000000000001,1612.88,True,Grocery
500343,1,P058,4.0,461.93,10.0,1847.72,1662.948,True,Sports
500343,2,P016,2.0,602.15,20.0,1204.3,963.44,True,Grocery
500343,3,P044,2.0,521.53,15.0,1043.06,886.6009999999999,True,Electronics
500343,4,P007,1.0,360.76,0.0,360.76,360.76,True,Grocery
500343,5,P048,3.0,709.68,15.0,2129.04,1809.684,True,Beauty
500344,1,P040,2.0,416.16,20.0,832.32,665.8560000000001,True,Electronics
500344,2,P032,2.0,553.62,15.0,1107.24,941.154,True,Grocery
500344,3,P026,2.0,201.91,10.0,403.82,363.438,True,Beauty
500344,4,P058,1.0,572.96,10.0,572.96,515.6640000000001,True,Sports
500344,5,P039,5.0,207.04,0.0,1035.2,1035.2,True,Beauty
500345,1,P007,1.0,377.97,0.0,377.97,377.97,True,Grocery
500346,1,P014,5.0,413.96,15.0,2069.7999999999997,1759.3299999999997,True,Books
500346,2,P032,2.0,489.27,0.0,978.54,978.54,True,Grocery
500346,3,P036,5.0,486.97,15.0,2434.8500000000004,2069.6225000000004,True,Electronics
500346,4,P002,2.0,457.09,20.0,914.18,731.344,True,Books
500347,1,P016,1.0,698.41,0.0,698.41,698.41,True,Grocery
500347,2,P040,2.0,430.92,10.0,861.84,775.6560000000001,True,Electronics
500347,3,P042,1.0,489.82,0.0,489.82,489.82,True,Beauty
500347,4,P027,1.0,154.78,10.0,154.78,139.302,True,Grocery
500347,5,P040,5.0,377.42,0.0,1887.1000000000001,1887.1000000000001,True,Electronics
500348,1,P034,4.0,316.04,0.0,1264.16,1264.16,True,Electronics
500348,2,P051,3.0,117.17,15.0,351.51,298.7835,True,Electronics
500349,1,P001,2.0,21.65,0.0,43.3,43.3,True,Grocery
500349,2,P048,2.0,634.96,0.0,1269.92,1269.92,True,Beauty
500349,3,P029,1.0,51.13,0.0,51.13,51.13,True,Grocery
500350,1,P016,5.0,646.3,5.0,3231.5,3069.9249999999997,True,Grocery
500350,2,P058,1.0,496.8,0.0,496.8,496.8,True,Sports
500350,3,P010,1.0,105.45,15.0,105.45,89.6325,True,Electronics
500351,1,P053,2.0,74.69,0.0,149.38,149.38,True,Grocery
500352,1,P049,5.0,114.67,0.0,573.35,573.35,True,Electronics
500352,2,P004,5.0,306.0,20.0,1530.0,1224.0,True,Beauty
500353,1,P031,5.0,49.92,20.0,249.60000000000002,199.68000000000004,True,Electronics
500353,2,P039,1.0,215.1,20.0,215.1,172.08,True,Beauty
500353,3,P047,1.0,353.54,20.0,353.54,282.83200000000005,True,Home
500354,1,P047,3.0,420.78,10.0,1262.34,1136.106,True,Home
500354,2,P038,1.0,241.3,0.0,241.3,241.3,True,Sports
500354,3,P033,5.0,143.68,0.0,718.4000000000001,718.4000000000001,True,Sports
500355,1,P026,3.0,229.22,10.0,687.66,618.894,True,Beauty
500355,2,P028,2.0,214.86,5.0,429.72,408.234,True,Electronics
500355,3,P012,1.0,259.84,0.0,259.84,259.84,True,Beauty
500355,4,P020,1.0,389.98,0.0,389.98,389.98,True,Home
500355,5,P049,1.0,110.36,10.0,110.36,99.324,True,Electronics
500356,1,P025,4.0,123.2,10.0,492.8,443.52000000000004,True,Books
500356,2,P036,2.0,400.82,10.0,801.64,721.476,True,Electronics
500356,3,P031,2.0,47.81,20.0,95.62,76.49600000000001,True,Electronics
500356,4,P031,2.0,43.17,0.0,86.34,86.34,True,Electronics
500357,1,P023,5.0,53.87,0.0,269.34999999999997,269.34999999999997,True,Books
500357,2,P020,1.0,369.12,5.0,369.12,350.664,True,Home
500357,3,P045,4.0,313.32,10.0,1253.28,1127.952,True,Grocery
500358,1,P009,2.0,564.97,15.0,1129.94,960.4490000000001,True,Sports
500358,2,P007,1.0,408.89,10.0,408.89,368.001,True,Grocery
500358,3,P041,5.0,681.71,0.0,3408.55,3408.55,True,Home
500358,4,P020,1.0,388.78,5.0,388.78,369.34099999999995,True,Home
500358,5,P010,2.0,86.49,10.0,172.98,155.682,True,Electronics
500358,6,P026,1.0,197.99,0.0,197.99,197.99,True,Beauty
500359,1,P006,5.0,226.29,5.0,1131.45,1074.8775,True,Sports
500359,2,P002,1.0,357.19,10.0,357.19,321.471,True,Books
500359,3,P029,3.0,45.19,5.0,135.57,128.79149999999998,True,Grocery
500359,4,P055,1.0,563.6,0.0,563.6,563.6,True,Beauty
500360,1,P025,1.0,129.05,20.0,129.05,103.24000000000001,True,Books
500361,2,P020,3.0,383.16,0.0,1149.48,1149.48,True,Home
500362,1,P017,1.0,98.24,0.0,98.24,98.24,True,Beauty
500362,2,P024,5.0,497.58,10.0,2487.9,2239.11,True,Sports
500362,3,P024,1.0,524.9,20.0,524.9,419.92,True,Sports
500363,1,P037,2.0,399.61,5.0,799.22,759.259,True,Home
500364,1,P028,2.0,259.89,5.0,519.78,493.79099999999994,True,Electronics
500364,2,P014,4.0,409.07,0.0,1636.28,1636.28,True,Books
500364,3,P044,5.0,452.89,0.0,2264.45,2264.45,True,Electronics
500364,4,P034,4.0,303.72,20.0,1214.88,971.9040000000001,True,Electronics
500365,1,P055,1.0,427.48,0.0,427.48,427.48,True,Beauty
500365,2,P010,2.0,106.91,20.0,213.82,171.056,True,Electronics
500365,3,P016,2.0,683.59,5.0,1367.18,1298.821,True,Grocery
500365,4,P006,5.0,265.61,20.0,1328.0500000000002,1062.4400000000003,True,Sports
500365,5,P048,2.0,588.01,5.0,1176.02,1117.2189999999998,True,Beauty
500366,1,P015,2.0,436.6,15.0,873.2,742.22,True,Books
500367,1,P011,1.0,432.07,0.0,432.07,432.07,True,Beauty
500367,2,P056,3.0,247.13,10.0,741.39,667.251,True,Electronics
500367,3,P031,1.0,55.03,20.0,55.03,44.024,True,Electronics
500367,4,P004,1.0,348.58,0.0,348.58,348.58,True,Beauty
500367,5,P035,1.0,546.47,15.0,546.47,464.4995,True,Grocery
500368,1,P051,5.0,142.55,0.0,712.75,712.75,True,Electronics
500368,2,P033,1.0,147.51,20.0,147.51,118.008,True,Sports
500368,3,P018,2.0,80.37,15.0,160.74,136.629,True,Sports
500368,4,P014,5.0,413.01,15.0,2065.05,1755.2925,True,Books
500368,5,P022,1.0,56.04,0.0,56.04,56.04,True,Books
500369,1,P055,3.0,472.25,10.0,1416.75,1275.075,True,Beauty
500369,2,P002,2.0,378.1,0.0,756.2,756.2,True,Books
500369,3,P002,4.0,457.28,10.0,1829.12,1646.2079999999999,True,Books
500370,1,P049,5.0,108.02,0.0,540.1,540.1,True,Electronics
500370,2,P058,1.0,529.01,0.0,529.01,529.01,True,Sports
500370,3,P036,3.0,375.19,20.0,1125.57,900.456,True,Electronics
500370,5,P045,1.0,266.96,10.0,266.96,240.26399999999998,True,Grocery
500371,1,P032,3.0,498.22,5.0,1494.66,1419.927,True,Grocery
500371,2,P051,1.0,136.49,20.0,136.49,109.19200000000001,True,Electronics
500372,1,P025,4.0,140.73,20.0,562.92,450.336,True,Books
500372,2,P036,2.0,418.53,0.0,837.06,837.06,True,Electronics
500373,1,P016,2.0,730.39,15.0,1460.78,1241.663,True,Grocery
500374,1,P049,5.0,125.58,0.0,627.9,627.9,True,Electronics
500374,2,P039,2.0,217.41,20.0,434.82,347.856,True,Beauty
500375,1,P015,2.0,500.52,10.0,1001.04,900.936,True,Books
500376,1,P008,1.0,309.54,10.0,309.54,278.586,True,Electronics
500376,2,P032,1.0,456.28,15.0,456.28,387.83799999999997,True,Grocery
500376,3,P047,2.0,324.77,0.0,649.54,649.54,True,Home
500376,4,P021,1.0,186.95,20.0,186.95,149.56,True,Sports
500377,1,P046,5.0,42.03,5.0,210.15,199.64249999999998,True,Electronics
500377,2,P058,1.0,580.91,0.0,580.91,580.91,True,Sports
500377,3,P031,1.0,55.14,15.0,55.14,46.869,True,Electronics
500377,4,P007,2.0,365.78,0.0,731.56,731.56,True,Grocery
500377,5,P017,2.0,87.85,0.0,175.7,175.7,True,Beauty
500378,1,P035,4.0,635.02,0.0,2540.08,2540.08,True,Grocery
500378,2,P050,5.0,453.88,10.0,2269.4,2042.46,True,Grocery
500378,3,P047,2.0,347.92,20.0,695.84,556.672,True,Home
500378,4,P052,1.0,383.4,5.0,383.4,364.22999999999996,True,Sports
500378,5,P014,1.0,469.95,0.0,469.95,469.95,True,Books
500379,1,P015,5.0,427.0,0.0,2135.0,2135.0,True,Books
500379,2,P006,1.0,272.81,5.0,272.81,259.16949999999997,True,Sports
500379,3,P055,1.0,512.81,0.0,512.81,512.81,True,Beauty
500379,4,P053,3.0,59.85,15.0,179.55,152.6175,True,Grocery
500379,5,P016,2.0,709.78,5.0,1419.56,1348.5819999999999,True,Grocery
500379,6,P047,5.0,404.19,15.0,2020.95,1717.8075,True,Home
500380,1,P032,1.0,477.05,20.0,477.05,381.64000000000004,True,Grocery
500381,1,P030,1.0,316.76,5.0,316.76,300.92199999999997,True,Electronics
500381,2,P999,5.0,389.28,20.0,1946.3999999999999,1557.12,False,
500381,3,P032,3.0,454.21,20.0,1362.6299999999999,1090.104,True,Grocery
500381,4,P031,1.0,48.4,5.0,48.4,45.98,True,Electronics
500381,5,P023,2.0,58.77,0.0,117.54,117.54,True,Books
500381,6,P040,5.0,490.65,20.0,2453.25,1962.6000000000001,True,Electronics
500382,1,P006,1.0,266.67,10.0,266.67,240.00300000000001,True,Sports
500382,2,P001,1.0,19.65,15.0,19.65,16.702499999999997,True,Grocery
500382,3,P012,5.0,260.61,0.0,1303.0500000000002,1303.0500000000002,True,Beauty
500383,1,P024,2.0,612.88,0.0,1225.76,1225.76,True,Sports
500383,2,P010,1.0,86.08,0.0,86.08,86.08,True,Electronics
500383,3,P047,3.0,367.78,0.0,1103.34,1103.34,True,Home
500383,4,P039,2.0,245.49,0.0,490.98,490.98,True,Beauty
500383,5,P039,2.0,249.48,0.0,498.96,498.96,True,Beauty
500383,6,P010,1.0,89.42,20.0,89.42,71.536,True,Electronics
500384,1,P044,1.0,535.39,15.0,535.39,455.08149999999995,True,Electronics
500384,2,P031,2.0,41.95,15.0,83.9,71.315,True,Electronics
500384,3,P021,1.0,192.51,0.0,192.51,192.51,True,Sports
500384,4,P060,1.0,136.5,15.0,136.5,116.02499999999999,True,Books
500385,1,P013,1.0,302.12,0.0,302.12,302.12,True,Beauty
500386,1,P048,1.0,606.99,15.0,606.99,515.9415,True,Beauty
500387,1,P017,5.0,80.39,0.0,401.95,401.95,True,Beauty
500387,2,P003,1.0,365.27,0.0,365.27,365.27,True,Home
500387,3,P034,3.0,329.06,10.0,987.1800000000001,888.4620000000001,True,Electronics
500388,1,P025,2.0,137.61,20.0,275.22,220.17600000000004,True,Books
500388,2,P038,3.0,224.06,0.0,672.1800000000001,672.1800000000001,True,Sports
500388,3,P058,2.0,529.07,5.0,1058.14,1005.2330000000001,True,Sports
500389,1,P020,4.0,359.33,20.0,1437.32,1149.856,True,Home
500389,2,P009,1.0,724.41,0.0,724.41,724.41,True,Sports
500390,1,P030,1.0,339.33,15.0,339.33,288.4305,True,Electronics
500390,2,P021,1.0,173.41,20.0,173.41,138.728,True,Sports
500390,3,P044,3.0,495.71,5.0,1487.1299999999999,1412.7734999999998,True,Electronics
500391,1,P018,1.0,65.59,0.0,65.59,65.59,True,Sports
500391,2,P056,1.0,231.72,0.0,231.72,231.72,True,Electronics
500391,3,P023,5.0,58.15,10.0,290.75,261.675,True,Books
500391,4,P033,1.0,162.84,0.0,162.84,162.84,True,Sports
500392,1,P053,2.0,63.55,0.0,127.1,127.1,True,Grocery
500392,2,P029,1.0,55.23,0.0,55.23,55.23,True,Grocery
500393,1,P010,4.0,84.45,0.0,337.8,337.8,True,Electronics
500393,2,P052,4.0,357.12,0.0,1428.48,1428.48,True,Sports
500393,3,P018,3.0,64.14,20.0,192.42000000000002,153.93600000000004,True,Sports
500393,4,P053,2.0,65.49,10.0,130.98,117.88199999999999,True,Grocery
500394,1,P018,1.0,80.35,0.0,80.35,80.35,True,Sports
500394,2,P021,5.0,205.24,20.0,1026.2,820.96,True,Sports
500394,3,P019,1.0,510.25,0.0,510.25,510.25,True,Electronics
500394,4,P004,1.0,337.29,5.0,337.29,320.4255,True,Beauty
500394,5,P013,1.0,242.24,10.0,242.24,218.01600000000002,True,Beauty
500395,1,P015,1.0,456.14,10.0,456.14,410.526,True,Books
500395,2,P050,5.0,482.01,0.0,2410.05,2410.05,True,Grocery
500395,3,P039,1.0,213.15,0.0,213.15,213.15,True,Beauty
500395,4,P048,5.0,680.62,20.0,3403.1,2722.48,True,Beauty
500395,5,P039,4.0,246.81,0.0,987.24,987.24,True,Beauty
500395,6,P032,2.0,551.61,15.0,1103.22,937.737,True,Grocery
500396,1,P045,5.0,298.81,0.0,1494.05,1494.05,True,Grocery
500396,2,P043,1.0,387.39,0.0,387.39,387.39,True,Beauty
500396,3,P051,4.0,153.01,0.0,612.04,612.04,True,Electronics
500397,1,P016,5.0,551.24,20.0,2756.2,2204.96,True,Grocery
500397,2,P015,1.0,410.33,5.0,410.33,389.8135,True,Books
500397,3,P042,5.0,387.85,15.0,1939.25,1648.3625,True,Beauty
500397,4,P046,2.0,40.1,10.0,80.2,72.18,True,Electronics
500397,5,P034,1.0,403.69,5.0,403.69,383.5055,True,Electronics
500398,1,P057,1.0,465.02,15.0,465.02,395.267,True,Grocery
500398,2,P037,2.0,340.71,0.0,681.42,681.42,True,Home
500398,3,P024,1.0,611.45,0.0,611.45,611.45,True,Sports
500398,4,P044,4.0,488.75,0.0,1955.0,1955.0,True,Electronics
500399,1,P032,1.0,463.78,5.0,463.78,440.59099999999995,True,Grocery
500399,2,P047,1.0,332.07,15.0,332.07,282.2595,True,Home
500399,3,P011,5.0,436.16,10.0,2180.8,1962.7200000000003,True,Beauty
500399,4,P042,2.0,441.99,10.0,883.98,795.582,True,Beauty
500400,1,P027,2.0,160.37,15.0,320.74,272.629,True,Grocery
500400,2,P029,1.0,46.8,15.0,46.8,39.779999999999994,True,Grocery
500400,3,P056,4.0,224.65,5.0,898.6,853.67,True,Electronics
500401,1,P013,1.0,257.7,5.0,257.7,244.81499999999997,True,Beauty
500401,2,P040,5.0,411.86,5.0,2059.3,1956.335,True,Electronics
500402,1,P027,2.0,141.69,0.0,283.38,283.38,True,Grocery
500402,2,P036,5.0,480.38,20.0,2401.9,1921.5200000000002,True,Electronics
500402,3,P048,3.0,537.14,0.0,1611.42,1611.42,True,Beauty
500402,4,P023,3.0,65.69,0.0,197.07,197.07,True,Books
500402,5,P055,1.0,554.74,20.0,554.74,443.79200000000003,True,Beauty
500402,6,P021,3.0,160.01,20.0,480.03,384.024,True,Sports
500403,1,P001,5.0,17.29,0.0,86.44999999999999,86.44999999999999,True,Grocery
500403,2,P046,3.0,42.82,0.0,128.46,128.46,True,Electronics
500403,3,P018,5.0,69.15,0.0,345.75,345.75,True,Sports
500403,4,P013,2.0,241.59,15.0,483.18,410.703,True,Beauty
500403,5,P025,3.0,145.15,20.0,435.45000000000005,348.36000000000007,True,Books
500404,1,P058,5.0,523.04,5.0,2615.2,2484.4399999999996,True,Sports
500404,2,P052,1.0,381.35,0.0,381.35,381.35,True,Sports
500404,3,P015,2.0,496.05,0.0,992.1,992.1,True,Books
500404,4,P018,3.0,71.71,0.0,215.13,215.13,True,Sports
500404,5,P013,5.0,322.41,0.0,1612.0500000000002,1612.0500000000002,True,Beauty
500405,1,P024,2.0,604.38,5.0,1208.76,1148.322,True,Sports
500405,2,P023,5.0,58.41,10.0,292.04999999999995,262.84499999999997,True,Books
500405,3,P029,1.0,51.64,0.0,51.64,51.64,True,Grocery
500405,4,P034,4.0,399.6,0.0,1598.4,1598.4,True,Electronics
500406,1,P015,5.0,469.9,0.0,2349.5,2349.5,True,Books
500407,1,P058,2.0,513.61,15.0,1027.22,873.137,True,Sports
500407,2,P041,1.0,714.01,0.0,714.01,714.01,True,Home
500407,3,P044,1.0,541.82,0.0,541.82,541.82,True,Electronics
500407,4,P004,3.0,373.12,0.0,1119.3600000000001,1119.3600000000001,True,Beauty
500408,1,P024,1.0,553.3,5.0,553.3,525.6349999999999,True,Sports
500408,2,P015,2.0,392.96,5.0,785.92,746.6239999999999,True,Books
500408,3,P035,1.0,605.6,0.0,605.6,605.6,True,Grocery
500408,4,P025,1.0,111.95,0.0,111.95,111.95,True,Books
500408,5,P055,2.0,519.51,5.0,1039.02,987.069,True,Beauty
500409,1,P039,1.0,252.46,5.0,252.46,239.837,True,Beauty
500409,2,P019,3.0,433.6,15.0,1300.8000000000002,1105.68,True,Electronics
500410,1,P012,5.0,275.02,0.0,1375.1,1375.1,True,Beauty
500410,2,P029,2.0,44.03,10.0,88.06,79.254,True,Grocery
500410,3,P021,5.0,185.49,20.0,927.45,741.96,True,Sports
500410,4,P011,1.0,485.25,15.0,485.25,412.4625,True,Beauty
500410,5,P060,4.0,147.81,15.0,591.24,502.554,True,Books
500410,6,P037,2.0,307.16,10.0,614.32,552.888,True,Home
500411,1,P049,5.0,130.7,20.0,653.5,522.8000000000001,True,Electronics
500411,2,P014,5.0,470.38,0.0,2351.9,2351.9,True,Books
500412,1,P032,5.0,550.33,10.0,2751.65,2476.485,True,Grocery
500413,1,P027,2.0,132.75,15.0,265.5,225.67499999999998,True,Grocery
500413,2,P048,1.0,546.24,0.0,546.24,546.24,True,Beauty
500413,3,P005,1.0,143.54,15.0,143.54,122.00899999999999,True,Electronics
500413,4,P036,2.0,408.26,0.0,816.52,816.52,True,Electronics
500413,5,P026,5.0,187.84,15.0,939.2,798.32,True,Beauty
500413,6,P042,2.0,384.75,15.0,769.5,654.0749999999999,True,Beauty
500414,1,P048,1.0,538.48,0.0,538.48,538.48,True,Beauty
500414,2,P029,2.0,54.74,5.0,109.48,104.006,True,Grocery
500415,1,P005,1.0,133.53,10.0,133.53,120.177,True,Electronics
500415,2,P010,2.0,82.88,0.0,165.76,165.76,True,Electronics
500415,3,P052,2.0,392.49,10.0,784.98,706.4820000000001,True,Sports
500415,4,P029,5.0,50.47,5.0,252.35,239.7325,True,Grocery
500415,5,P032,5.0,539.79,10.0,2698.95,2429.055,True,Grocery
500415,6,P031,1.0,44.91,0.0,44.91,44.91,True,Electronics
500416,1,P031,2.0,53.59,0.0,107.18,107.18,True,Electronics
500416,2,P025,2.0,124.94,0.0,249.88,249.88,True,Books
500417,1,P020,2.0,338.52,20.0,677.04,541.632,True,Home
500417,2,P029,2.0,50.87,15.0,101.74,86.479,True,Grocery
500417,3,P021,2.0,177.96,20.0,355.92,284.73600000000005,True,Sports
500417,4,P009,3.0,685.26,0.0,2055.7799999999997,2055.7799999999997,True,Sports
500417,5,P028,4.0,200.22,20.0,800.88,640.7040000000001,True,Electronics
500418,1,P011,5.0,389.6,15.0,1948.0,1655.8,True,Beauty
500418,2,P015,5.0,517.51,0.0,2587.55,2587.55,True,Books
500418,3,P034,3.0,307.8,5.0,923.4000000000001,877.23,True,Electronics
500418,4,P013,3.0,314.29,0.0,942.8700000000001,942.8700000000001,True,Beauty
500418,5,P054,2.0,314.99,0.0,629.98,629.98,True,Home
500419,1,P040,4.0,489.81,5.0,1959.24,1861.278,True,Electronics
500419,2,P057,2.0,471.82,10.0,943.64,849.276,True,Grocery
500419,3,P041,1.0,729.13,15.0,729.13,619.7605,True,Home
500420,1,P018,1.0,67.03,0.0,67.03,67.03,True,Sports
500420,2,P048,5.0,578.63,10.0,2893.15,2603.835,True,Beauty
500421,1,P002,3.0,406.53,0.0,1219.59,1219.59,True,Books
500421,2,P014,5.0,517.66,10.0,2588.2999999999997,2329.47,True,Books
500422,1,P011,2.0,388.94,20.0,777.88,622.3040000000001,True,Beauty
500422,2,P006,1.0,272.24,0.0,272.24,272.24,True,Sports
500422,3,P003,4.0,451.03,0.0,1804.12,1804.12,True,Home
500422,4,P014,2.0,474.01,0.0,948.02,948.02,True,Books
500423,1,P048,5.0,568.28,20.0,2841.3999999999996,2273.12,True,Beauty
500423,2,P027,1.0,157.66,20.0,157.66,126.128,True,Grocery
500423,3,P044,5.0,518.03,15.0,2590.1499999999996,2201.6274999999996,True,Electronics
500423,4,P012,1.0,274.59,0.0,274.59,274.59,True,Beauty
500423,5,P003,2.0,455.28,0.0,910.56,910.56,True,Home
500423,6,P030,1.0,312.46,20.0,312.46,249.968,True,Electronics
500424,1,P003,3.0,427.16,0.0,1281.48,1281.48,True,Home
500424,2,P039,3.0,220.44,0.0,661.3199999999999,661.3199999999999,True,Beauty
500425,1,P033,3.0,159.24,15.0,477.72,406.062,True,Sports
500425,2,P036,2.0,387.65,0.0,775.3,775.3,True,Electronics
500425,3,P026,1.0,193.68,0.0,193.68,193.68,True,Beauty
500425,4,P027,1.0,159.09,0.0,159.09,159.09,True,Grocery
500426,1,P056,4.0,217.01,0.0,868.04,868.04,True,Electronics
500426,2,P038,2.0,208.74,0.0,417.48,417.48,True,Sports
500427,1,P009,2.0,685.27,15.0,1370.54,1164.9589999999998,True,Sports
500427,2,P035,1.0,562.56,10.0,562.56,506.304,True,Grocery
500427,3,P023,5.0,51.8,0.0,259.0,259.0,True,Books
500428,1,P055,3.0,450.02,0.0,1350.06,1350.06,True,Beauty
500429,1,P028,2.0,229.8,10.0,459.6,413.64000000000004,True,Electronics
500429,2,P019,3.0,506.97,15.0,1520.91,1292.7735,True,Electronics
500429,3,P033,3.0,168.47,0.0,505.40999999999997,505.40999999999997,True,Sports
500430,1,P018,2.0,65.16,0.0,130.32,130.32,True,Sports
500430,2,P053,1.0,72.27,20.0,72.27,57.816,True,Grocery
500430,3,P019,5.0,459.01,5.0,2295.05,2180.2975,True,Electronics
500431,1,P001,5.0,19.83,20.0,99.14999999999999,79.32,True,Grocery
500431,2,P014,2.0,438.27,15.0,876.54,745.059,True,Books
500432,1,P051,2.0,153.51,5.0,307.02,291.669,True,Electronics
500433,1,P047,1.0,338.61,0.0,338.61,338.61,True,Home
500433,2,P036,5.0,457.05,0.0,2285.25,2285.25,True,Electronics
500433,3,P039,3.0,242.03,5.0,726.09,689.7855,True,Beauty
500433,4,P030,3.0,319.38,10.0,958.14,862.326,True,Electronics
500433,5,P007,3.0,348.15,20.0,1044.4499999999998,835.56,True,Grocery
500433,6,P022,5.0,56.53,5.0,282.65,268.5175,True,Books
500434,1,P043,3.0,377.18,5.0,1131.54,1074.963,True,Beauty
500434,2,P037,1.0,325.13,0.0,325.13,325.13,True,Home
500434,3,P019,1.0,519.76,0.0,519.76,519.76,True,Electronics
500434,4,P053,3.0,57.98,10.0,173.94,156.546,True,Grocery
500434,5,P024,1.0,601.91,0.0,601.91,601.91,True,Sports
500434,6,P056,2.0,235.19,5.0,470.38,446.861,True,Electronics
500435,1,P058,2.0,514.0,10.0,1028.0,925.2,True,Sports
500435,2,P021,1.0,156.1,0.0,156.1,156.1,True,Sports
500436,1,P009,5.0,678.76,10.0,3393.8,3054.42,True,Sports
500437,1,P027,4.0,164.01,15.0,656.04,557.6339999999999,True,Grocery
500437,2,P008,1.0,333.58,0.0,333.58,333.58,True,Electronics
500437,3,P009,1.0,728.13,15.0,728.13,618.9105,True,Sports
500437,4,P028,2.0,255.24,5.0,510.48,484.956,True,Electronics
500437,5,P015,2.0,434.94,15.0,869.88,739.398,True,Books
500437,6,P002,2.0,412.36,15.0,824.72,701.0120000000001,True,Books
500438,1,P050,1.0,472.24,10.0,472.24,425.016,True,Grocery
500438,2,P038,2.0,184.51,20.0,369.02,295.216,True,Sports
500438,3,P039,4.0,218.79,20.0,875.16,700.128,True,Beauty
500438,4,P056,2.0,253.01,15.0,506.02,430.11699999999996,True,Electronics
500438,5,P056,1.0,236.32,10.0,236.32,212.688,True,Electronics
500438,6,P048,1.0,683.02,0.0,683.02,683.02,True,Beauty
500439,1,P023,4.0,67.59,0.0,270.36,270.36,True,Books
500439,2,P033,1.0,144.36,15.0,144.36,122.706,True,Sports
500439,3,P055,1.0,561.52,5.0,561.52,533.444,True,Beauty
500439,4,P052,3.0,394.07,10.0,1182.21,1063.989,True,Sports
500439,5,P041,4.0,642.25,10.0,2569.0,2312.1,True,Home
500440,1,P043,5.0,396.78,10.0,1983.8999999999999,1785.51,True,Beauty
500440,2,P008,2.0,351.05,0.0,702.1,702.1,True,Electronics
500441,1,P009,1.0,664.64,15.0,664.64,564.944,True,Sports
500441,2,P002,1.0,480.87,0.0,480.87,480.87,True,Books
500441,3,P032,5.0,542.34,10.0,2711.7000000000003,2440.53,True,Grocery
500441,4,P051,3.0,134.24,20.0,402.72,322.17600000000004,True,Electronics
500441,5,P052,1.0,308.7,0.0,308.7,308.7,True,Sports
500442,1,P015,1.0,435.25,5.0,435.25,413.48749999999995,True,Books
500442,2,P025,1.0,119.36,0.0,119.36,119.36,True,Books
500442,3,P006,3.0,245.99,10.0,737.97,664.173,True,Sports
500442,4,P018,1.0,65.13,10.0,65.13,58.617,True,Sports
500442,5,P001,3.0,17.62,0.0,52.86,52.86,True,Grocery
500442,6,P056,2.0,236.41,15.0,472.82,401.897,True,Electronics
500443,1,P017,2.0,77.14,0.0,154.28,154.28,True,Beauty
500443,2,P002,1.0,367.6,20.0,367.6,294.08000000000004,True,Books
500443,3,P008,5.0,279.84,20.0,1399.1999999999998,1119.36,True,Electronics
500443,4,P036,4.0,387.79,20.0,1551.16,1240.928,True,Electronics
500443,5,P010,1.0,97.2,0.0,97.2,97.2,True,Electronics
500443,6,P007,4.0,373.84,15.0,1495.36,1271.0559999999998,True,Grocery
500444,1,P048,3.0,588.03,15.0,1764.09,1499.4765,True,Beauty
500445,1,P023,2.0,62.65,20.0,125.3,100.24000000000001,True,Books
500445,2,P055,1.0,483.38,5.0,483.38,459.21099999999996,True,Beauty
500445,3,P044,2.0,468.62,0.0,937.24,937.24,True,Electronics
500445,4,P025,1.0,115.95,20.0,115.95,92.76,True,Books
500446,1,P049,3.0,133.09,0.0,399.27,399.27,True,Electronics
500446,2,P008,1.0,367.39,5.0,367.39,349.02049999999997,True,Electronics
500447,1,P006,1.0,281.47,0.0,281.47,281.47,True,Sports
500447,2,P056,1.0,259.77,0.0,259.77,259.77,True,Electronics
500447,3,P014,1.0,536.61,5.0,536.61,509.7795,True,Books
500448,1,P054,2.0,304.17,15.0,608.34,517.089,True,Home
500448,2,P028,1.0,222.67,15.0,222.67,189.2695,True,Electronics
500448,3,P039,1.0,245.37,0.0,245.37,245.37,True,Beauty
500448,4,P044,1.0,494.09,0.0,494.09,494.09,True,Electronics
500449,1,P003,1.0,420.61,0.0,420.61,420.61,True,Home
500449,2,P056,1.0,224.43,5.0,224.43,213.2085,True,Electronics
500450,1,P024,4.0,603.68,20.0,2414.72,1931.7759999999998,True,Sports
500450,2,P027,2.0,140.94,5.0,281.88,267.786,True,Grocery
500450,3,P048,5.0,708.35,5.0,3541.75,3364.6625,True,Beauty
500450,4,P030,2.0,362.18,15.0,724.36,615.706,True,Electronics
500450,5,P015,1.0,503.08,15.0,503.08,427.618,True,Books
500451,1,P037,2.0,344.62,20.0,689.24,551.392,True,Home
500451,2,P016,4.0,720.52,20.0,2882.08,2305.664,True,Grocery
500451,3,P015,2.0,402.89,20.0,805.78,644.624,True,Books
500451,4,P005,5.0,134.58,15.0,672.9000000000001,571.965,True,Electronics
500451,5,P003,1.0,350.49,0.0,350.49,350.49,True,Home
500451,6,P023,3.0,54.73,20.0,164.19,131.352,True,Books
500453,1,P007,1.0,342.48,20.0,342.48,273.98400000000004,True,Grocery
500454,1,P039,4.0,251.0,10.0,1004.0,903.6,True,Beauty
500454,2,P019,4.0,449.7,0.0,1798.8,1798.8,True,Electronics
500455,1,P050,5.0,398.76,10.0,1993.8,1794.42,True,Grocery
500455,2,P056,1.0,198.36,0.0,198.36,198.36,True,Electronics
500455,3,P033,4.0,174.82,0.0,699.28,699.28,True,Sports
500456,1,P057,1.0,474.37,0.0,474.37,474.37,True,Grocery
500456,2,P042,1.0,428.95,0.0,428.95,428.95,True,Beauty
500456,3,P034,3.0,346.07,5.0,1038.21,986.2995,True,Electronics
500456,4,P007,2.0,368.22,0.0,736.44,736.44,True,Grocery
500456,5,P031,5.0,48.57,0.0,242.85,242.85,True,Electronics
500456,6,P052,5.0,383.38,0.0,1916.9,1916.9,True,Sports
500457,1,P040,2.0,445.72,0.0,891.44,891.44,True,Electronics
500457,2,P027,4.0,167.9,5.0,671.6,638.02,True,Grocery
500457,3,P021,1.0,192.37,10.0,192.37,173.133,True,Sports
500457,4,P005,5.0,132.1,0.0,660.5,660.5,True,Electronics
500457,5,P035,1.0,502.48,20.0,502.48,401.98400000000004,True,Grocery
500458,1,P002,1.0,412.95,5.0,412.95,392.30249999999995,True,Books
500458,2,P024,5.0,540.01,0.0,2700.05,2700.05,True,Sports
500458,3,P056,1.0,259.48,0.0,259.48,259.48,True,Electronics
500458,4,P049,1.0,131.22,20.0,131.22,104.976,True,Electronics
500458,5,P028,5.0,224.15,20.0,1120.75,896.6,True,Electronics
500458,6,P001,5.0,18.16,20.0,90.8,72.64,True,Grocery
500459,1,P034,1.0,328.8,5.0,328.8,312.36,True,Electronics
500459,2,P048,4.0,542.67,0.0,2170.68,2170.68,True,Beauty
500459,3,P017,1.0,80.36,0.0,80.36,80.36,True,Beauty
500459,4,P035,4.0,654.98,5.0,2619.92,2488.924,True,Grocery
500459,5,P055,1.0,548.92,5.0,548.92,521.4739999999999,True,Beauty
500459,6,P001,3.0,23.12,0.0,69.36,69.36,True,Grocery
500461,1,P018,2.0,73.16,10.0,146.32,131.688,True,Sports
500462,1,P005,3.0,170.02,10.0,510.06000000000006,459.0540000000001,True,Electronics
500462,2,P025,2.0,132.37,0.0,264.74,264.74,True,Books
500462,3,P024,3.0,607.22,20.0,1821.66,1457.3280000000002,True,Sports
500462,4,P029,1.0,43.25,10.0,43.25,38.925000000000004,True,Grocery
500462,5,P059,1.0,515.4,5.0,515.4,489.62999999999994,True,Grocery
500463,1,P040,2.0,480.44,0.0,960.88,960.88,True,Electronics
500463,2,P040,2.0,490.97,0.0,981.94,981.94,True,Electronics
500463,3,P050,4.0,398.9,0.0,1595.6,1595.6,True,Grocery
500463,4,P006,2.0,257.74,5.0,515.48,489.706,True,Sports
500464,1,P055,2.0,534.37,15.0,1068.74,908.429,True,Beauty
500464,2,P056,2.0,250.97,0.0,501.94,501.94,True,Electronics
500464,3,P050,2.0,430.92,0.0,861.84,861.84,True,Grocery
500464,4,P020,4.0,404.14,15.0,1616.56,1374.076,True,Home
500464,5,P002,1.0,478.17,0.0,478.17,478.17,True,Books
500465,1,P059,3.0,590.74,0.0,1772.22,1772.22,True,Grocery
500465,2,P056,3.0,218.78,20.0,656.34,525.072,True,Electronics
500465,3,P031,2.0,52.35,20.0,104.7,83.76,True,Electronics
500465,4,P022,1.0,51.37,10.0,51.37,46.233,True,Books
500465,5,P035,2.0,634.35,0.0,1268.7,1268.7,True,Grocery
500466,1,P054,1.0,289.36,15.0,289.36,245.95600000000002,True,Home
500466,2,P004,5.0,352.78,20.0,1763.8999999999999,1411.12,True,Beauty
500466,3,P001,1.0,19.57,0.0,19.57,19.57,True,Grocery
500467,1,P036,5.0,364.33,15.0,1821.6499999999999,1548.4025,True,Electronics
500467,2,P020,4.0,378.83,0.0,1515.32,1515.32,True,Home
500468,1,P005,1.0,168.73,5.0,168.73,160.2935,True,Electronics
500469,1,P034,1.0,332.02,0.0,332.02,332.02,True,Electronics
500469,2,P034,2.0,387.37,20.0,774.74,619.792,True,Electronics
500469,3,P054,2.0,314.81,15.0,629.62,535.177,True,Home
500469,4,P056,4.0,215.85,10.0,863.4,777.06,True,Electronics
500469,5,P055,4.0,523.09,20.0,2092.36,1673.8880000000001,True,Beauty
500469,6,P020,3.0,396.82,10.0,1190.46,1071.414,True,Home
500470,1,P045,2.0,273.73,10.0,547.46,492.71400000000006,True,Grocery
500470,2,P051,4.0,146.43,15.0,585.72,497.862,True,Electronics
500470,3,P042,4.0,427.75,0.0,1711.0,1711.0,True,Beauty
500470,4,P024,2.0,568.71,5.0,1137.42,1080.549,True,Sports
500470,5,P051,1.0,116.61,20.0,116.61,93.28800000000001,True,Electronics
500470,6,P030,3.0,354.89,10.0,1064.67,958.2030000000001,True,Electronics
500471,1,P031,4.0,55.62,10.0,222.48,200.232,True,Electronics
500471,2,P045,4.0,280.88,0.0,1123.52,1123.52,True,Grocery
500471,3,P018,2.0,81.99,10.0,163.98,147.582,True,Sports
500471,4,P044,1.0,485.59,15.0,485.59,412.75149999999996,True,Electronics
500472,1,P036,4.0,469.35,5.0,1877.4,1783.53,True,Electronics
500472,2,P021,2.0,203.06,0.0,406.12,406.12,True,Sports
500472,3,P045,2.0,315.74,5.0,631.48,599.906,True,Grocery
500472,4,P053,5.0,63.24,0.0,316.2,316.2,True,Grocery
500472,5,P040,2.0,476.04,10.0,952.08,856.8720000000001,True,Electronics
500473,1,P013,5.0,240.67,20.0,1203.35,962.68,True,Beauty
500474,1,P009,4.0,604.07,0.0,2416.28,2416.28,True,Sports
500474,2,P021,1.0,186.26,10.0,186.26,167.634,True,Sports
500474,3,P051,1.0,126.28,0.0,126.28,126.28,True,Electronics
500474,4,P020,1.0,364.73,20.0,364.73,291.78400000000005,True,Home
500475,1,P001,2.0,22.68,15.0,45.36,38.556,True,Grocery
500475,2,P003,2.0,444.24,15.0,888.48,755.208,True,Home
500475,3,P003,3.0,415.56,0.0,1246.68,1246.68,True,Home
500475,4,P028,1.0,233.59,0.0,233.59,233.59,True,Electronics
500475,5,P014,5.0,481.11,0.0,2405.55,2405.55,True,Books
500476,1,P045,5.0,294.8,10.0,1474.0,1326.6000000000001,True,Grocery
500476,2,P013,1.0,306.66,0.0,306.66,306.66,True,Beauty
500476,3,P027,4.0,162.83,5.0,651.32,618.754,True,Grocery
500477,1,P003,5.0,400.6,10.0,2003.0,1802.7,True,Home
500477,2,P051,1.0,123.85,0.0,123.85,123.85,True,Electronics
500477,3,P032,1.0,504.17,20.0,504.17,403.336,True,Grocery
500477,4,P005,1.0,160.43,0.0,160.43,160.43,True,Electronics
500477,5,P008,1.0,303.46,15.0,303.46,257.941,True,Electronics
500477,6,P014,5.0,506.49,5.0,2532.45,2405.8275,True,Books
500478,1,P056,1.0,227.52,15.0,227.52,193.392,True,Electronics
500479,1,P036,5.0,428.69,0.0,2143.45,2143.45,True,Electronics
500479,2,P004,1.0,404.38,15.0,404.38,343.723,True,Beauty
500479,3,P042,2.0,386.8,0.0,773.6,773.6,True,Beauty
500479,4,P009,5.0,565.16,15.0,2825.7999999999997,2401.93,True,Sports
500480,1,P060,1.0,179.15,15.0,179.15,152.2775,True,Books
500481,1,P052,2.0,314.39,0.0,628.78,628.78,True,Sports
500482,1,P044,2.0,508.13,5.0,1016.26,965.447,True,Electronics
500482,2,P054,1.0,259.73,20.0,259.73,207.78400000000002,True,Home
500482,3,P026,1.0,212.23,10.0,212.23,191.007,True,Beauty
500482,4,P009,1.0,560.99,0.0,560.99,560.99,True,Sports
500483,1,P043,2.0,340.53,0.0,681.06,681.06,True,Beauty
500483,2,P032,2.0,468.82,0.0,937.64,937.64,True,Grocery
500484,1,P029,5.0,48.46,0.0,242.3,242.3,True,Grocery
500485,1,P042,1.0,455.0,10.0,455.0,409.5,True,Beauty
500486,1,P049,2.0,124.92,0.0,249.84,249.84,True,Electronics
500486,2,P013,5.0,244.88,20.0,1224.4,979.5200000000001,True,Beauty
500486,3,P021,5.0,157.89,5.0,789.4499999999999,749.9774999999998,True,Sports
500486,4,P024,4.0,642.81,5.0,2571.24,2442.678,True,Sports
500486,5,P050,1.0,507.33,20.0,507.33,405.86400000000003,True,Grocery
500486,6,P018,1.0,66.68,0.0,66.68,66.68,True,Sports
500487,1,P003,5.0,388.86,0.0,1944.3000000000002,1944.3000000000002,True,Home
500487,2,P046,2.0,49.46,15.0,98.92,84.082,True,Electronics
500487,3,P039,2.0,243.68,10.0,487.36,438.624,True,Beauty
500488,1,P056,4.0,199.74,20.0,798.96,639.1680000000001,True,Electronics
500488,2,P017,3.0,84.65,5.0,253.95000000000002,241.2525,True,Beauty
500489,1,P002,5.0,449.93,0.0,2249.65,2249.65,True,Books
500489,2,P012,3.0,284.04,20.0,852.1200000000001,681.6960000000001,True,Beauty
500489,3,P035,4.0,639.26,15.0,2557.04,2173.484,True,Grocery
500489,5,P056,5.0,237.28,0.0,1186.4,1186.4,True,Electronics
500489,6,P046,3.0,40.03,5.0,120.09,114.0855,True,Electronics
500490,1,P022,3.0,57.24,0.0,171.72,171.72,True,Books
500490,2,P028,1.0,207.19,20.0,207.19,165.752,True,Electronics
500490,3,P042,3.0,385.21,0.0,1155.6299999999999,1155.6299999999999,True,Beauty
500491,1,P051,1.0,144.78,0.0,144.78,144.78,True,Electronics
500491,2,P019,1.0,429.99,0.0,429.99,429.99,True,Electronics
500491,3,P057,3.0,465.47,0.0,1396.41,1396.41,True,Grocery
500491,4,P016,5.0,557.37,5.0,2786.85,2647.5074999999997,True,Grocery
500492,1,P006,4.0,225.69,15.0,902.76,767.346,True,Sports
500492,2,P047,1.0,398.4,10.0,398.4,358.56,True,Home
500492,3,P014,1.0,471.37,0.0,471.37,471.37,True,Books
500492,4,P007,2.0,395.46,0.0,790.92,790.92,True,Grocery
500492,5,P010,2.0,104.26,0.0,208.52,208.52,True,Electronics
500492,6,P015,1.0,452.62,10.0,452.62,407.358,True,Books
500493,1,P026,2.0,202.5,0.0,405.0,405.0,True,Beauty
500493,2,P050,5.0,426.72,20.0,2133.6000000000004,1706.8800000000003,True,Grocery
500493,3,P017,1.0,100.03,0.0,100.03,100.03,True,Beauty
500494,1,P051,2.0,151.69,0.0,303.38,303.38,True,Electronics
500494,2,P002,1.0,439.99,15.0,439.99,373.9915,True,Books
500494,3,P015,3.0,449.99,0.0,1349.97,1349.97,True,Books
500494,4,P056,1.0,256.32,0.0,256.32,256.32,True,Electronics
500495,1,P008,1.0,287.41,0.0,287.41,287.41,True,Electronics
500495,2,P040,4.0,479.99,0.0,1919.96,1919.96,True,Electronics
500495,3,P046,4.0,46.77,5.0,187.08,177.726,True,Electronics
500495,4,P007,1.0,408.36,15.0,408.36,347.106,True,Grocery
500495,5,P006,1.0,270.04,0.0,270.04,270.04,True,Sports
500495,6,P004,5.0,342.96,5.0,1714.8,1629.06,True,Beauty
500496,1,P037,2.0,341.79,5.0,683.58,649.401,True,Home
500496,2,P029,5.0,56.87,5.0,284.34999999999997,270.13249999999994,True,Grocery
500496,3,P005,1.0,145.76,20.0,145.76,116.608,True,Electronics
500497,1,P043,1.0,376.95,10.0,376.95,339.255,True,Beauty
500497,2,P007,3.0,374.01,0.0,1122.03,1122.03,True,Grocery
500498,1,P050,3.0,485.47,10.0,1456.41,1310.769,True,Grocery
500498,2,P050,5.0,474.36,20.0,2371.8,1897.4400000000003,True,Grocery
500498,3,P054,2.0,263.24,5.0,526.48,500.156,True,Home
500498,4,P042,2.0,437.42,20.0,874.84,699.8720000000001,True,Beauty
500498,5,P005,1.0,133.1,15.0,133.1,113.13499999999999,True,Electronics
500499,1,P019,1.0,442.84,0.0,442.84,442.84,True,Electronics
500499,2,P050,3.0,489.42,10.0,1468.26,1321.434,True,Grocery
500499,3,P060,4.0,152.29,0.0,609.16,609.16,True,Books
500500,1,P001,1.0,18.7,0.0,18.7,18.7,True,Grocery
500500,2,P013,5.0,278.94,15.0,1394.7,1185.4950000000001,True,Beauty
500500,3,P043,2.0,393.78,15.0,787.56,669.4259999999999,True,Beauty
500500,4,P027,4.0,155.4,10.0,621.6,559.44,True,Grocery
500500,5,P007,3.0,342.85,0.0,1028.5500000000002,1028.5500000000002,True,Grocery
500500,6,P052,3.0,376.94,10.0,1130.82,1017.7379999999999,True,Sports
500501,1,P023,2.0,52.22,10.0,104.44,93.996,True,Books
500501,2,P031,1.0,42.79,10.0,42.79,38.511,True,Electronics
500502,1,P015,3.0,467.06,0.0,1401.18,1401.18,True,Books
500502,2,P052,3.0,362.31,0.0,1086.93,1086.93,True,Sports
500502,3,P049,4.0,107.29,0.0,429.16,429.16,True,Electronics
500502,4,P006,3.0,220.37,15.0,661.11,561.9435,True,Sports
500502,5,P059,2.0,532.61,20.0,1065.22,852.176,True,Grocery
500502,6,P010,2.0,83.89,15.0,167.78,142.613,True,Electronics
500503,1,P031,1.0,51.35,0.0,51.35,51.35,True,Electronics
500503,2,P044,1.0,470.33,15.0,470.33,399.78049999999996,True,Electronics
500503,3,P052,1.0,323.24,0.0,323.24,323.24,True,Sports
500503,4,P003,1.0,452.64,0.0,452.64,452.64,True,Home
500503,5,P999,5.0,236.97,10.0,1184.85,1066.365,False,
500504,1,P007,2.0,385.93,5.0,771.86,733.2669999999999,True,Grocery
500505,1,P033,1.0,148.57,15.0,148.57,126.2845,True,Sports
500505,2,P059,4.0,614.9,20.0,2459.6,1967.68,True,Grocery
500505,3,P047,1.0,325.46,0.0,325.46,325.46,True,Home
500505,4,P007,4.0,429.35,10.0,1717.4,1545.66,True,Grocery
500505,5,P028,5.0,267.14,0.0,1335.6999999999998,1335.6999999999998,True,Electronics
500505,6,P049,1.0,105.31,5.0,105.31,100.0445,True,Electronics
500506,1,P029,4.0,48.67,0.0,194.68,194.68,True,Grocery
500506,2,P043,1.0,370.99,0.0,370.99,370.99,True,Beauty
500506,3,P021,1.0,207.22,0.0,207.22,207.22,True,Sports
500506,4,P003,4.0,402.95,5.0,1611.8,1531.2099999999998,True,Home
500506,5,P031,2.0,50.43,0.0,100.86,100.86,True,Electronics
500507,1,P016,5.0,703.08,0.0,3515.4,3515.4,True,Grocery
500507,2,P004,4.0,356.39,0.0,1425.56,1425.56,True,Beauty
500508,1,P058,4.0,493.14,20.0,1972.56,1578.048,True,Sports
500509,1,P024,1.0,609.66,0.0,609.66,609.66,True,Sports
500509,2,P019,1.0,425.08,15.0,425.08,361.318,True,Electronics
500510,1,P059,1.0,670.69,20.0,670.69,536.552,True,Grocery
500510,2,P050,2.0,384.02,10.0,768.04,691.236,True,Grocery
500510,3,P052,4.0,326.57,20.0,1306.28,1045.0240000000001,True,Sports
500510,4,P050,1.0,497.01,5.0,497.01,472.1595,True,Grocery
500511,1,P025,5.0,135.3,5.0,676.5,642.675,True,Books
500511,2,P056,1.0,234.28,0.0,234.28,234.28,True,Electronics
500511,3,P042,1.0,419.23,0.0,419.23,419.23,True,Beauty
500511,4,P057,3.0,400.54,0.0,1201.6200000000001,1201.6200000000001,True,Grocery
500511,5,P026,2.0,205.62,0.0,411.24,411.24,True,Beauty
500512,1,P006,2.0,251.45,0.0,502.9,502.9,True,Sports
500512,2,P015,3.0,441.94,5.0,1325.82,1259.5289999999998,True,Books
500512,3,P029,3.0,48.89,5.0,146.67000000000002,139.3365,True,Grocery
500512,4,P047,4.0,382.24,0.0,1528.96,1528.96,True,Home
500512,5,P045,1.0,339.97,20.0,339.97,271.97600000000006,True,Grocery
500512,6,P054,4.0,300.22,0.0,1200.88,1200.88,True,Home
500513,1,P022,3.0,48.89,10.0,146.67000000000002,132.00300000000001,True,Books
500513,2,P056,3.0,214.23,20.0,642.6899999999999,514.1519999999999,True,Electronics
500513,3,P059,2.0,515.89,15.0,1031.78,877.0129999999999,True,Grocery
500513,4,P005,2.0,143.73,0.0,287.46,287.46,True,Electronics
500514,1,P053,2.0,75.13,0.0,150.26,150.26,True,Grocery
500514,2,P034,2.0,347.41,15.0,694.82,590.597,True,Electronics
500514,3,P060,5.0,161.77,5.0,808.85,768.4075,True,Books
500515,1,P059,4.0,640.42,0.0,2561.68,2561.68,True,Grocery
500516,1,P023,3.0,69.25,10.0,207.75,186.975,True,Books
500516,2,P052,5.0,303.26,10.0,1516.3,1364.67,True,Sports
500517,1,P020,1.0,348.25,15.0,348.25,296.0125,True,Home
500517,2,P046,4.0,46.82,10.0,187.28,168.552,True,Electronics
500518,1,P001,1.0,22.84,15.0,22.84,19.413999999999998,True,Grocery
500519,1,P021,3.0,157.96,0.0,473.88,473.88,True,Sports
500519,2,P045,2.0,274.71,15.0,549.42,467.00699999999995,True,Grocery
500519,3,P032,4.0,471.78,5.0,1887.12,1792.764,True,Grocery
500519,4,P006,4.0,225.75,15.0,903.0,767.55,True,Sports
500520,1,P015,3.0,432.05,0.0,1296.15,1296.15,True,Books
500521,1,P057,4.0,409.23,0.0,1636.92,1636.92,True,Grocery
500522,1,P014,3.0,408.19,0.0,1224.57,1224.57,True,Books
500522,2,P027,1.0,145.91,0.0,145.91,145.91,True,Grocery
500523,1,P024,2.0,558.44,0.0,1116.88,1116.88,True,Sports
500523,2,P042,4.0,446.91,0.0,1787.64,1787.64,True,Beauty
500523,3,P004,2.0,391.09,0.0,782.18,782.18,True,Beauty
500524,1,P058,1.0,594.96,0.0,594.96,594.96,True,Sports
500524,2,P022,4.0,51.44,0.0,205.76,205.76,True,Books
500524,3,P048,2.0,606.74,5.0,1213.48,1152.806,True,Beauty
500524,4,P003,2.0,375.33,15.0,750.66,638.0609999999999,True,Home
500524,5,P011,1.0,515.96,15.0,515.96,438.56600000000003,True,Beauty
500524,6,P025,4.0,118.96,10.0,475.84,428.256,True,Books
500525,1,P031,2.0,49.32,15.0,98.64,83.844,True,Electronics
500525,2,P010,1.0,80.17,0.0,80.17,80.17,True,Electronics
500525,3,P018,1.0,63.76,20.0,63.76,51.008,True,Sports
500525,4,P043,1.0,338.54,15.0,338.54,287.759,True,Beauty
500525,5,P039,4.0,193.34,20.0,773.36,618.6880000000001,True,Beauty
500525,6,P046,4.0,46.08,10.0,184.32,165.888,True,Electronics
500526,1,P018,1.0,75.2,15.0,75.2,63.92,True,Sports
500526,2,P033,5.0,142.08,5.0,710.4000000000001,674.8800000000001,True,Sports
500526,3,P004,4.0,322.73,0.0,1290.92,1290.92,True,Beauty
500526,4,P023,1.0,53.93,15.0,53.93,45.8405,True,Books
500527,1,P026,3.0,184.24,5.0,552.72,525.084,True,Beauty
500527,2,P040,2.0,407.28,20.0,814.56,651.648,True,Electronics
500527,3,P059,1.0,661.08,0.0,661.08,661.08,True,Grocery
500527,4,P003,3.0,431.86,20.0,1295.58,1036.464,True,Home
500528,1,P021,4.0,187.83,0.0,751.32,751.32,True,Sports
500528,2,P018,4.0,81.13,10.0,324.52,292.068,True,Sports
500529,1,P017,1.0,88.98,5.0,88.98,84.531,True,Beauty
500529,2,P056,2.0,237.8,0.0,475.6,475.6,True,Electronics
500529,3,P057,1.0,453.86,15.0,453.86,385.781,True,Grocery
500529,4,P049,5.0,133.81,5.0,669.05,635.5975,True,Electronics
500529,5,P024,1.0,524.1,5.0,524.1,497.895,True,Sports
500530,1,P015,1.0,515.14,15.0,515.14,437.86899999999997,True,Books
500530,2,P014,3.0,454.0,5.0,1362.0,1293.8999999999999,True,Books
500530,3,P048,3.0,595.79,10.0,1787.37,1608.633,True,Beauty
500530,4,P059,1.0,531.81,10.0,531.81,478.62899999999996,True,Grocery
500530,5,P014,2.0,537.7,0.0,1075.4,1075.4,True,Books
500530,6,P003,2.0,343.58,10.0,687.16,618.444,True,Home
500531,1,P045,1.0,334.73,10.0,334.73,301.257,True,Grocery
500531,2,P004,4.0,344.21,10.0,1376.84,1239.156,True,Beauty
500531,3,P050,1.0,495.36,15.0,495.36,421.056,True,Grocery
500532,1,P051,2.0,115.7,15.0,231.4,196.69,True,Electronics
500532,2,P007,2.0,370.32,15.0,740.64,629.544,True,Grocery
500532,3,P045,5.0,303.16,0.0,1515.8000000000002,1515.8000000000002,True,Grocery
500533,1,P036,5.0,448.38,20.0,2241.9,1793.5200000000002,True,Electronics
500533,2,P009,4.0,574.08,0.0,2296.32,2296.32,True,Sports
500533,3,P014,1.0,525.6,20.0,525.6,420.48,True,Books
500533,4,P036,1.0,407.21,5.0,407.21,386.8495,True,Electronics
500533,5,P010,1.0,103.23,20.0,103.23,82.584,True,Electronics
500534,1,P023,3.0,51.7,10.0,155.10000000000002,139.59000000000003,True,Books
500534,2,P021,4.0,193.3,5.0,773.2,734.54,True,Sports
500534,3,P026,3.0,204.18,0.0,612.54,612.54,True,Beauty
500534,4,P008,5.0,299.62,20.0,1498.1,1198.48,True,Electronics
500535,1,P001,4.0,20.49,0.0,81.96,81.96,True,Grocery
500535,2,P006,5.0,230.85,20.0,1154.25,923.4000000000001,True,Sports
500535,3,P007,5.0,418.97,20.0,2094.8500000000004,1675.8800000000003,True,Grocery
500535,4,P048,1.0,537.72,10.0,537.72,483.94800000000004,True,Beauty
500535,5,P027,1.0,144.42,0.0,144.42,144.42,True,Grocery
500536,1,P050,2.0,469.33,0.0,938.66,938.66,True,Grocery
500536,2,P027,5.0,142.08,20.0,710.4000000000001,568.32,True,Grocery
500536,3,P042,1.0,379.94,10.0,379.94,341.946,True,Beauty
500536,4,P006,5.0,222.52,0.0,1112.6000000000001,1112.6000000000001,True,Sports
500536,5,P056,1.0,207.77,5.0,207.77,197.3815,True,Electronics
500536,6,P006,1.0,272.0,15.0,272.0,231.2,True,Sports
500537,1,P013,1.0,257.52,15.0,257.52,218.89199999999997,True,Beauty
500537,2,P051,2.0,139.72,20.0,279.44,223.55200000000002,True,Electronics
500537,3,P024,2.0,662.22,15.0,1324.44,1125.7740000000001,True,Sports
500538,1,P022,2.0,53.46,15.0,106.92,90.882,True,Books
500538,2,P009,3.0,627.02,5.0,1881.06,1787.0069999999998,True,Sports
500538,3,P049,3.0,135.3,15.0,405.90000000000003,345.01500000000004,True,Electronics
500538,4,P040,1.0,411.36,15.0,411.36,349.656,True,Electronics
500538,5,P026,5.0,206.97,10.0,1034.85,931.3649999999999,True,Beauty
500538,6,P045,3.0,266.72,5.0,800.1600000000001,760.152,True,Grocery
500539,1,P017,1.0,79.54,20.0,79.54,63.632000000000005,True,Beauty
500539,2,P003,2.0,397.66,15.0,795.32,676.022,True,Home
500540,1,P007,1.0,357.17,0.0,357.17,357.17,True,Grocery
500541,1,P054,3.0,326.99,0.0,980.97,980.97,True,Home
500541,2,P030,1.0,306.17,0.0,306.17,306.17,True,Electronics
500541,3,P043,5.0,411.44,15.0,2057.2,1748.62,True,Beauty
500541,4,P055,1.0,487.19,5.0,487.19,462.8305,True,Beauty
500542,1,P019,3.0,520.31,0.0,1560.9299999999998,1560.9299999999998,True,Electronics
500543,1,P021,1.0,203.5,5.0,203.5,193.325,True,Sports
500543,2,P008,5.0,299.45,5.0,1497.25,1422.3875,True,Electronics
500543,3,P010,5.0,99.03,5.0,495.15,470.3925,True,Electronics
500543,4,P010,1.0,86.6,15.0,86.6,73.61,True,Electronics
500544,1,P034,1.0,371.89,0.0,371.89,371.89,True,Electronics
500544,2,P042,1.0,456.98,0.0,456.98,456.98,True,Beauty
500544,3,P002,2.0,477.19,0.0,954.38,954.38,True,Books
500544,4,P030,2.0,299.05,15.0,598.1,508.385,True,Electronics
500544,5,P009,3.0,681.04,10.0,2043.12,1838.808,True,Sports
500545,1,P039,5.0,225.12,0.0,1125.6,1125.6,True,Beauty
500545,2,P054,4.0,315.78,20.0,1263.12,1010.496,True,Home
500545,3,P048,5.0,609.86,0.0,3049.3,3049.3,True,Beauty
500546,1,P054,1.0,254.41,5.0,254.41,241.68949999999998,True,Home
500546,2,P012,1.0,285.47,0.0,285.47,285.47,True,Beauty
500546,3,P015,1.0,474.41,0.0,474.41,474.41,True,Books
500546,4,P028,2.0,239.67,0.0,479.34,479.34,True,Electronics
500546,5,P055,1.0,421.99,10.0,421.99,379.791,True,Beauty
500546,6,P038,1.0,243.68,15.0,243.68,207.12800000000001,True,Sports
500547,1,P060,5.0,152.52,0.0,762.6,762.6,True,Books
500547,2,P018,4.0,81.51,0.0,326.04,326.04,True,Sports
500547,3,P024,2.0,519.52,15.0,1039.04,883.184,True,Sports
500547,4,P032,2.0,470.32,10.0,940.64,846.576,True,Grocery
500547,5,P009,2.0,618.14,5.0,1236.28,1174.466,True,Sports
500547,6,P047,2.0,399.69,10.0,799.38,719.442,True,Home
500548,1,P008,1.0,299.48,0.0,299.48,299.48,True,Electronics
500548,2,P048,1.0,550.61,20.0,550.61,440.48800000000006,True,Beauty
500548,3,P013,1.0,244.28,0.0,244.28,244.28,True,Beauty
500548,4,P024,2.0,653.58,20.0,1307.16,1045.728,True,Sports
500548,5,P015,4.0,497.43,0.0,1989.72,1989.72,True,Books
500548,6,P051,2.0,137.43,0.0,274.86,274.86,True,Electronics
500549,1,P022,2.0,56.92,0.0,113.84,113.84,True,Books
500549,2,P049,2.0,133.37,5.0,266.74,253.403,True,Electronics
500549,3,P048,2.0,586.39,10.0,1172.78,1055.502,True,Beauty
500549,4,P047,5.0,325.25,0.0,1626.25,1626.25,True,Home
500549,5,P054,3.0,259.93,0.0,779.79,779.79,True,Home
500549,6,P046,1.0,38.88,0.0,38.88,38.88,True,Electronics
500550,1,P018,1.0,75.91,0.0,75.91,75.91,True,Sports
500550,2,P048,2.0,594.19,0.0,1188.38,1188.38,True,Beauty
500550,3,P048,1.0,636.01,0.0,636.01,636.01,True,Beauty
500550,4,P057,1.0,453.6,15.0,453.6,385.56,True,Grocery
500550,5,P042,5.0,390.78,20.0,1953.8999999999999,1563.12,True,Beauty
500551,1,P040,1.0,425.9,0.0,425.9,425.9,True,Electronics
500551,2,P042,2.0,478.06,10.0,956.12,860.508,True,Beauty
500551,3,P017,1.0,84.98,10.0,84.98,76.482,True,Beauty
500552,1,P011,3.0,392.89,0.0,1178.67,1178.67,True,Beauty
500552,2,P009,5.0,735.39,0.0,3676.95,3676.95,True,Sports
500553,1,P019,2.0,472.44,15.0,944.88,803.148,True,Electronics
500553,2,P034,1.0,327.96,0.0,327.96,327.96,True,Electronics
500553,3,P032,2.0,543.78,20.0,1087.56,870.048,True,Grocery
500553,4,P049,4.0,126.03,5.0,504.12,478.914,True,Electronics
500553,5,P016,2.0,740.51,0.0,1481.02,1481.02,True,Grocery
500554,1,P027,2.0,146.93,0.0,293.86,293.86,True,Grocery
500554,2,P026,1.0,183.6,10.0,183.6,165.24,True,Beauty
500555,1,P048,2.0,639.2,0.0,1278.4,1278.4,True,Beauty
500555,2,P038,2.0,232.57,0.0,465.14,465.14,True,Sports
500555,3,P058,1.0,573.57,0.0,573.57,573.57,True,Sports
500555,4,P040,4.0,476.92,20.0,1907.68,1526.1440000000002,True,Electronics
500555,5,P048,1.0,681.16,0.0,681.16,681.16,True,Beauty
500556,1,P049,3.0,117.86,0.0,353.58,353.58,True,Electronics
500556,2,P034,1.0,392.79,5.0,392.79,373.1505,True,Electronics
500556,3,P018,5.0,76.5,10.0,382.5,344.25,True,Sports
500556,4,P042,1.0,375.38,20.0,375.38,300.30400000000003,True,Beauty
500556,5,P010,4.0,85.5,0.0,342.0,342.0,True,Electronics
500557,1,P045,1.0,329.81,20.0,329.81,263.848,True,Grocery
500557,2,P012,1.0,226.5,20.0,226.5,181.20000000000002,True,Beauty
500557,3,P019,4.0,494.7,5.0,1978.8,1879.86,True,Electronics
500557,4,P009,2.0,636.42,0.0,1272.84,1272.84,True,Sports
500558,1,P057,4.0,485.36,0.0,1941.44,1941.44,True,Grocery
500558,2,P034,1.0,401.16,0.0,401.16,401.16,True,Electronics
500558,3,P047,3.0,399.41,0.0,1198.23,1198.23,True,Home
500558,4,P017,1.0,80.05,10.0,80.05,72.045,True,Beauty
500559,1,P057,1.0,493.71,0.0,493.71,493.71,True,Grocery
500559,2,P053,1.0,72.51,20.0,72.51,58.00800000000001,True,Grocery
500560,1,P012,1.0,295.27,10.0,295.27,265.743,True,Beauty
500560,2,P005,1.0,147.49,0.0,147.49,147.49,True,Electronics
500560,3,P002,1.0,389.21,0.0,389.21,389.21,True,Books
500560,4,P059,1.0,532.1,0.0,532.1,532.1,True,Grocery
500560,5,P004,4.0,335.2,10.0,1340.8,1206.72,True,Beauty
500561,1,P022,5.0,60.93,15.0,304.65,258.9525,True,Books
500561,2,P046,3.0,42.94,0.0,128.82,128.82,True,Electronics
500561,3,P033,1.0,167.32,0.0,167.32,167.32,True,Sports
500561,4,P045,1.0,328.39,20.0,328.39,262.712,True,Grocery
500561,5,P027,2.0,165.61,20.0,331.22,264.97600000000006,True,Grocery
500562,1,P026,2.0,231.8,5.0,463.6,440.42,True,Beauty
500562,2,P053,2.0,75.31,10.0,150.62,135.55800000000002,True,Grocery
500563,1,P039,4.0,222.66,5.0,890.64,846.108,True,Beauty
500563,2,P006,1.0,240.19,0.0,240.19,240.19,True,Sports
500564,1,P005,3.0,146.35,0.0,439.04999999999995,439.04999999999995,True,Electronics
500564,2,P035,1.0,577.79,5.0,577.79,548.9005,True,Grocery
500564,3,P047,1.0,345.66,15.0,345.66,293.81100000000004,True,Home
500565,1,P013,1.0,267.17,0.0,267.17,267.17,True,Beauty
500565,2,P031,2.0,44.09,5.0,88.18,83.771,True,Electronics
500565,3,P060,2.0,159.73,0.0,319.46,319.46,True,Books
500566,1,P046,5.0,50.13,15.0,250.65,213.0525,True,Electronics
500566,2,P008,3.0,333.18,0.0,999.54,999.54,True,Electronics
500566,3,P031,2.0,44.46,20.0,88.92,71.13600000000001,True,Electronics
500567,1,P019,2.0,495.09,0.0,990.18,990.18,True,Electronics
500567,2,P054,2.0,328.43,5.0,656.86,624.0169999999999,True,Home
500567,3,P019,1.0,458.65,15.0,458.65,389.85249999999996,True,Electronics
500567,4,P009,1.0,702.77,20.0,702.77,562.216,True,Sports
500567,5,P007,5.0,412.07,20.0,2060.35,1648.28,True,Grocery
500567,6,P046,1.0,39.38,5.0,39.38,37.411,True,Electronics
500568,1,P046,1.0,44.47,0.0,44.47,44.47,True,Electronics
500568,2,P029,2.0,47.28,5.0,94.56,89.832,True,Grocery
500569,1,P018,2.0,65.8,0.0,131.6,131.6,True,Sports
500569,2,P036,4.0,376.92,0.0,1507.68,1507.68,True,Electronics
500569,3,P019,1.0,437.83,5.0,437.83,415.9385,True,Electronics
500569,4,P027,4.0,171.43,0.0,685.72,685.72,True,Grocery
500569,5,P045,3.0,345.55,10.0,1036.65,932.9850000000001,True,Grocery
500569,6,P020,1.0,400.88,0.0,400.88,400.88,True,Home
500570,1,P036,5.0,430.9,5.0,2154.5,2046.7749999999999,True,Electronics
500570,2,P019,3.0,531.02,5.0,1593.06,1513.407,True,Electronics
500571,1,P028,4.0,220.13,20.0,880.52,704.416,True,Electronics
500572,1,P005,3.0,143.6,0.0,430.79999999999995,430.79999999999995,True,Electronics
500572,2,P017,1.0,81.7,0.0,81.7,81.7,True,Beauty
500572,3,P018,1.0,80.57,15.0,80.57,68.4845,True,Sports
500572,4,P043,1.0,384.31,10.0,384.31,345.879,True,Beauty
500572,5,P047,5.0,373.52,0.0,1867.6,1867.6,True,Home
500572,6,P021,3.0,160.1,10.0,480.29999999999995,432.27,True,Sports
500573,1,P028,1.0,250.0,15.0,250.0,212.5,True,Electronics
500574,1,P027,4.0,134.94,5.0,539.76,512.7719999999999,True,Grocery
500575,1,P019,2.0,484.12,15.0,968.24,823.004,True,Electronics
500575,2,P028,3.0,221.07,5.0,663.21,630.0495,True,Electronics
500575,3,P028,1.0,256.01,0.0,256.01,256.01,True,Electronics
500575,4,P056,1.0,210.64,5.0,210.64,200.10799999999998,True,Electronics
500575,5,P010,3.0,102.78,0.0,308.34000000000003,308.34000000000003,True,Electronics
500576,1,P055,1.0,515.43,5.0,515.43,489.65849999999995,True,Beauty
500576,2,P027,1.0,155.38,0.0,155.38,155.38,True,Grocery
500576,3,P051,1.0,153.52,5.0,153.52,145.844,True,Electronics
500577,1,P047,3.0,345.11,0.0,1035.33,1035.33,True,Home
500577,2,P046,2.0,49.63,0.0,99.26,99.26,True,Electronics
500577,3,P034,5.0,301.33,20.0,1506.6499999999999,1205.32,True,Electronics
500577,4,P020,3.0,348.01,15.0,1044.03,887.4254999999999,True,Home
500577,5,P018,2.0,81.25,20.0,162.5,130.0,True,Sports
500578,1,P041,2.0,628.95,0.0,1257.9,1257.9,True,Home
500579,1,P004,1.0,404.74,15.0,404.74,344.029,True,Beauty
500579,2,P029,1.0,45.28,0.0,45.28,45.28,True,Grocery
500579,3,P059,3.0,601.51,20.0,1804.53,1443.624,True,Grocery
500580,1,P015,2.0,435.11,0.0,870.22,870.22,True,Books
500581,1,P002,2.0,450.02,0.0,900.04,900.04,True,Books
500581,2,P035,2.0,658.52,10.0,1317.04,1185.336,True,Grocery
500581,3,P041,2.0,709.53,0.0,1419.06,1419.06,True,Home
500581,4,P059,2.0,515.79,15.0,1031.58,876.843,True,Grocery
500581,5,P016,4.0,641.06,0.0,2564.24,2564.24,True,Grocery
500581,6,P056,1.0,252.91,15.0,252.91,214.9735,True,Electronics
500582,1,P007,5.0,408.69,5.0,2043.45,1941.2775,True,Grocery
500582,2,P007,4.0,378.87,0.0,1515.48,1515.48,True,Grocery
500583,1,P054,5.0,331.19,5.0,1655.95,1573.1525,True,Home
500583,2,P021,2.0,186.05,0.0,372.1,372.1,True,Sports
500583,3,P031,1.0,50.26,10.0,50.26,45.234,True,Electronics
500584,1,P029,3.0,51.95,0.0,155.85000000000002,155.85000000000002,True,Grocery
500584,2,P045,2.0,318.23,5.0,636.46,604.6370000000001,True,Grocery
500584,3,P015,3.0,481.32,0.0,1443.96,1443.96,True,Books
500585,1,P049,5.0,116.28,10.0,581.4,523.26,True,Electronics
500585,2,P014,1.0,437.56,0.0,437.56,437.56,True,Books
500586,1,P056,1.0,208.68,0.0,208.68,208.68,True,Electronics
500586,2,P029,4.0,53.85,0.0,215.4,215.4,True,Grocery
500586,3,P060,3.0,161.45,15.0,484.34999999999997,411.69749999999993,True,Books
500586,4,P029,1.0,49.35,0.0,49.35,49.35,True,Grocery
500587,1,P034,2.0,379.24,10.0,758.48,682.6320000000001,True,Electronics
500587,2,P026,3.0,245.47,0.0,736.41,736.41,True,Beauty
500587,3,P023,1.0,67.95,0.0,67.95,67.95,True,Books
500587,4,P009,2.0,664.37,0.0,1328.74,1328.74,True,Sports
500588,1,P028,3.0,230.68,0.0,692.04,692.04,True,Electronics
500588,2,P045,1.0,345.44,0.0,345.44,345.44,True,Grocery
500589,1,P039,2.0,205.61,0.0,411.22,411.22,True,Beauty
500589,2,P018,5.0,61.34,20.0,306.70000000000005,245.36000000000004,True,Sports
500589,3,P013,5.0,306.02,0.0,1530.1,1530.1,True,Beauty
500590,1,P028,1.0,252.43,15.0,252.43,214.56550000000001,True,Electronics
500591,1,P042,2.0,396.45,20.0,792.9,634.32,True,Beauty
500591,2,P034,4.0,400.58,10.0,1602.32,1442.088,True,Electronics
500591,3,P059,2.0,646.75,0.0,1293.5,1293.5,True,Grocery
500591,4,P031,3.0,48.24,20.0,144.72,115.77600000000001,True,Electronics
500591,5,P006,1.0,261.75,20.0,261.75,209.4,True,Sports
500591,6,P049,3.0,134.97,15.0,404.90999999999997,344.1735,True,Electronics
500592,1,P046,3.0,38.82,0.0,116.46000000000001,116.46000000000001,True,Electronics
500592,2,P047,1.0,335.86,0.0,335.86,335.86,True,Home
500592,3,P052,1.0,393.3,0.0,393.3,393.3,True,Sports
500593,1,P032,1.0,560.03,10.0,560.03,504.027,True,Grocery
500593,2,P058,3.0,466.67,10.0,1400.01,1260.009,True,Sports
500594,1,P032,3.0,458.63,0.0,1375.8899999999999,1375.8899999999999,True,Grocery
500594,2,P031,2.0,49.46,15.0,98.92,84.082,True,Electronics
500594,3,P037,1.0,318.03,0.0,318.03,318.03,True,Home
500594,4,P016,2.0,629.79,0.0,1259.58,1259.58,True,Grocery
500594,5,P046,4.0,42.68,0.0,170.72,170.72,True,Electronics
500594,6,P046,1.0,40.8,10.0,40.8,36.72,True,Electronics
500595,1,P013,1.0,269.73,5.0,269.73,256.2435,True,Beauty
500595,2,P033,5.0,172.58,5.0,862.9000000000001,819.755,True,Sports
500595,3,P007,5.0,368.13,0.0,1840.65,1840.65,True,Grocery
500595,4,P032,5.0,548.81,15.0,2744.0499999999997,2332.4424999999997,True,Grocery
500595,5,P007,1.0,367.26,0.0,367.26,367.26,True,Grocery
500596,1,P060,1.0,141.52,20.0,141.52,113.21600000000001,True,Books
500596,2,P001,4.0,17.3,20.0,69.2,55.36000000000001,True,Grocery
500597,1,P041,1.0,644.3,10.0,644.3,579.87,True,Home
500597,2,P034,5.0,363.11,10.0,1815.5500000000002,1633.9950000000001,True,Electronics
500597,3,P017,2.0,79.66,10.0,159.32,143.388,True,Beauty
500597,4,P025,1.0,140.89,0.0,140.89,140.89,True,Books
500597,5,P056,1.0,250.01,0.0,250.01,250.01,True,Electronics
500598,1,P050,5.0,459.33,0.0,2296.65,2296.65,True,Grocery
500598,2,P013,1.0,297.82,0.0,297.82,297.82,True,Beauty
500598,3,P017,3.0,75.0,15.0,225.0,191.25,True,Beauty
500599,1,P050,5.0,440.28,0.0,2201.3999999999996,2201.3999999999996,True,Grocery
500599,2,P046,4.0,47.53,0.0,190.12,190.12,True,Electronics
500600,1,P021,1.0,157.39,20.0,157.39,125.91199999999999,True,Sports
500601,1,P025,4.0,143.29,5.0,573.16,544.502,True,Books
500601,2,P020,2.0,430.79,5.0,861.58,818.501,True,Home
500601,3,P057,3.0,487.06,0.0,1461.18,1461.18,True,Grocery
500601,4,P002,1.0,468.69,0.0,468.69,468.69,True,Books
500602,1,P015,2.0,420.66,0.0,841.32,841.32,True,Books
500602,2,P012,3.0,235.75,0.0,707.25,707.25,True,Beauty
500602,3,P009,1.0,606.0,15.0,606.0,515.1,True,Sports
500602,4,P058,1.0,531.91,15.0,531.91,452.1235,True,Sports
500602,5,P031,1.0,45.1,0.0,45.1,45.1,True,Electronics
500602,6,P014,1.0,489.28,20.0,489.28,391.424,True,Books
500603,1,P036,2.0,437.44,0.0,874.88,874.88,True,Electronics
500603,3,P036,3.0,474.72,5.0,1424.16,1352.952,True,Electronics
500603,4,P029,3.0,54.51,20.0,163.53,130.824,True,Grocery
500603,5,P016,2.0,655.82,15.0,1311.64,1114.894,True,Grocery
500603,6,P028,1.0,229.16,20.0,229.16,183.328,True,Electronics
500604,1,P025,5.0,137.92,5.0,689.5999999999999,655.1199999999999,True,Books
500604,2,P032,2.0,523.12,0.0,1046.24,1046.24,True,Grocery
500604,3,P019,1.0,424.2,0.0,424.2,424.2,True,Electronics
500605,1,P058,1.0,463.11,20.0,463.11,370.48800000000006,True,Sports
500605,2,P040,2.0,447.75,0.0,895.5,895.5,True,Electronics
500605,3,P021,1.0,159.81,0.0,159.81,159.81,True,Sports
500605,4,P048,1.0,691.69,0.0,691.69,691.69,True,Beauty
500605,5,P048,5.0,692.89,15.0,3464.45,2944.7825,True,Beauty
500606,1,P027,4.0,169.96,0.0,679.84,679.84,True,Grocery
500606,2,P019,5.0,437.33,10.0,2186.65,1967.9850000000001,True,Electronics
500606,3,P043,2.0,397.46,0.0,794.92,794.92,True,Beauty
500606,4,P005,1.0,160.09,0.0,160.09,160.09,True,Electronics
500607,1,P022,3.0,62.68,0.0,188.04,188.04,True,Books
500607,2,P040,2.0,380.03,0.0,760.06,760.06,True,Electronics
500607,3,P015,1.0,430.75,15.0,430.75,366.1375,True,Books
500607,4,P013,1.0,279.98,5.0,279.98,265.981,True,Beauty
500607,5,P001,3.0,21.19,20.0,63.57000000000001,50.85600000000001,True,Grocery
500608,1,P042,3.0,372.11,5.0,1116.33,1060.5134999999998,True,Beauty
500608,2,P054,3.0,290.18,10.0,870.54,783.486,True,Home
500608,3,P048,1.0,656.92,0.0,656.92,656.92,True,Beauty
500608,4,P044,5.0,532.77,0.0,2663.85,2663.85,True,Electronics
500608,5,P017,1.0,90.36,0.0,90.36,90.36,True,Beauty
500609,1,P047,2.0,323.31,0.0,646.62,646.62,True,Home
500609,2,P041,2.0,688.94,10.0,1377.88,1240.092,True,Home
500610,1,P026,1.0,183.86,0.0,183.86,183.86,True,Beauty
500610,2,P040,1.0,464.33,0.0,464.33,464.33,True,Electronics
500610,3,P003,3.0,360.66,5.0,1081.98,1027.8809999999999,True,Home
500610,4,P002,1.0,415.74,10.0,415.74,374.166,True,Books
500611,1,P004,4.0,322.55,0.0,1290.2,1290.2,True,Beauty
500611,2,P017,1.0,81.13,0.0,81.13,81.13,True,Beauty
500611,3,P053,2.0,68.53,10.0,137.06,123.354,True,Grocery
500611,4,P021,5.0,194.65,5.0,973.25,924.5875,True,Sports
500611,5,P053,2.0,72.3,15.0,144.6,122.91,True,Grocery
500611,6,P048,1.0,650.75,0.0,650.75,650.75,True,Beauty
500612,1,P038,4.0,238.17,0.0,952.68,952.68,True,Sports
500612,2,P041,5.0,697.28,0.0,3486.3999999999996,3486.3999999999996,True,Home
500613,1,P013,2.0,262.53,0.0,525.06,525.06,True,Beauty
500613,2,P059,1.0,550.73,10.0,550.73,495.65700000000004,True,Grocery
500614,1,P014,5.0,532.27,0.0,2661.35,2661.35,True,Books
500614,2,P013,4.0,255.02,0.0,1020.08,1020.08,True,Beauty
500615,1,P027,2.0,160.95,0.0,321.9,321.9,True,Grocery
500615,2,P060,3.0,136.63,10.0,409.89,368.901,True,Books
500615,3,P033,1.0,162.59,0.0,162.59,162.59,True,Sports
500616,1,P033,1.0,134.01,5.0,134.01,127.30949999999999,True,Sports
500616,2,P020,5.0,403.32,5.0,2016.6,1915.7699999999998,True,Home
500616,3,P025,4.0,145.39,0.0,581.56,581.56,True,Books
500617,1,P005,3.0,166.92,5.0,500.76,475.722,True,Electronics
500617,2,P018,1.0,78.42,0.0,78.42,78.42,True,Sports
500617,3,P028,1.0,240.97,0.0,240.97,240.97,True,Electronics
500617,4,P035,2.0,488.33,20.0,976.66,781.328,True,Grocery
500617,5,P059,4.0,533.06,10.0,2132.24,1919.0159999999998,True,Grocery
500618,1,P023,4.0,51.39,20.0,205.56,164.448,True,Books
500618,2,P025,5.0,114.05,10.0,570.25,513.225,True,Books
500619,1,P003,4.0,380.07,20.0,1520.28,1216.224,True,Home
500619,2,P053,1.0,65.83,10.0,65.83,59.247,True,Grocery
500619,3,P028,1.0,233.83,0.0,233.83,233.83,True,Electronics
500619,4,P038,5.0,230.29,15.0,1151.45,978.7325,True,Sports
500619,5,P051,1.0,118.02,0.0,118.02,118.02,True,Electronics
500620,1,P023,1.0,52.56,20.0,52.56,42.048,True,Books
500620,2,P040,3.0,495.99,10.0,1487.97,1339.173,True,Electronics
500621,1,P012,1.0,304.14,10.0,304.14,273.726,True,Beauty
500622,1,P001,1.0,18.83,0.0,18.83,18.83,True,Grocery
500622,2,P038,4.0,242.75,20.0,971.0,776.8000000000001,True,Sports
500623,1,P030,3.0,347.43,10.0,1042.29,938.061,True,Electronics
500623,2,P034,2.0,363.07,15.0,726.14,617.2189999999999,True,Electronics
500624,1,P026,1.0,211.23,5.0,211.23,200.6685,True,Beauty
500624,2,P042,1.0,430.52,10.0,430.52,387.468,True,Beauty
500624,3,P023,1.0,52.61,15.0,52.61,44.7185,True,Books
500624,4,P046,1.0,41.44,0.0,41.44,41.44,True,Electronics
500625,1,P009,1.0,571.78,0.0,571.78,571.78,True,Sports
500625,2,P060,1.0,140.06,0.0,140.06,140.06,True,Books
500625,3,P005,3.0,134.83,15.0,404.49,343.8165,True,Electronics
500625,4,P059,1.0,573.7,10.0,573.7,516.33,True,Grocery
500625,5,P046,3.0,39.74,20.0,119.22,95.376,True,Electronics
500625,6,P042,2.0,369.61,0.0,739.22,739.22,True,Beauty
500626,1,P056,4.0,196.2,15.0,784.8,667.0799999999999,True,Electronics
500626,2,P045,4.0,301.88,0.0,1207.52,1207.52,True,Grocery
500626,3,P033,1.0,139.23,20.0,139.23,111.384,True,Sports
500626,4,P033,3.0,139.21,5.0,417.63,396.7485,True,Sports
500626,5,P007,2.0,382.56,20.0,765.12,612.096,True,Grocery
500627,1,P059,4.0,657.07,15.0,2628.28,2234.038,True,Grocery
500627,2,P050,5.0,456.2,5.0,2281.0,2166.95,True,Grocery
500627,3,P024,4.0,555.12,10.0,2220.48,1998.432,True,Sports
500627,4,P011,5.0,405.23,20.0,2026.15,1620.92,True,Beauty
500627,5,P041,2.0,664.24,0.0,1328.48,1328.48,True,Home
500628,1,P019,5.0,490.42,20.0,2452.1,1961.68,True,Electronics
500628,2,P018,1.0,65.98,0.0,65.98,65.98,True,Sports
500628,3,P020,2.0,372.95,10.0,745.9,671.31,True,Home
500628,4,P030,2.0,317.53,0.0,635.06,635.06,True,Electronics
500629,1,P033,4.0,177.65,5.0,710.6,675.0699999999999,True,Sports
500629,2,P005,3.0,164.78,5.0,494.34000000000003,469.623,True,Electronics
500629,3,P028,2.0,267.28,0.0,534.56,534.56,True,Electronics
500629,4,P024,1.0,650.69,15.0,650.69,553.0865,True,Sports
500629,5,P017,2.0,94.0,5.0,188.0,178.6,True,Beauty
500629,6,P050,2.0,423.52,0.0,847.04,847.04,True,Grocery
500630,1,P006,1.0,268.04,0.0,268.04,268.04,True,Sports
500630,2,P023,3.0,56.68,0.0,170.04,170.04,True,Books
500630,3,P005,2.0,150.99,15.0,301.98,256.683,True,Electronics
500630,4,P050,3.0,420.68,0.0,1262.04,1262.04,True,Grocery
500631,1,P054,1.0,309.89,0.0,309.89,309.89,True,Home
500631,2,P010,2.0,93.43,5.0,186.86,177.517,True,Electronics
500631,3,P011,4.0,518.57,20.0,2074.28,1659.4240000000002,True,Beauty
500631,4,P038,1.0,211.56,20.0,211.56,169.24800000000002,True,Sports
500631,5,P002,2.0,418.31,15.0,836.62,711.127,True,Books
500632,1,P022,1.0,52.61,0.0,52.61,52.61,True,Books
500633,1,P026,3.0,205.24,15.0,615.72,523.362,True,Beauty
500633,2,P045,5.0,282.91,5.0,1414.5500000000002,1343.8225000000002,True,Grocery
500634,1,P006,3.0,260.01,0.0,780.03,780.03,True,Sports
500634,2,P004,1.0,358.83,15.0,358.83,305.0055,True,Beauty
500634,3,P018,5.0,75.61,10.0,378.05,340.245,True,Sports
500635,1,P056,5.0,238.76,0.0,1193.8,1193.8,True,Electronics
500635,2,P041,1.0,628.67,0.0,628.67,628.67,True,Home
500636,1,P010,1.0,97.68,20.0,97.68,78.144,True,Electronics
500636,2,P009,1.0,680.68,5.0,680.68,646.646,True,Sports
500636,3,P019,5.0,456.18,0.0,2280.9,2280.9,True,Electronics
500636,4,P015,1.0,505.46,0.0,505.46,505.46,True,Books
500637,1,P001,1.0,19.33,10.0,19.33,17.397,True,Grocery
500637,2,P043,5.0,394.77,5.0,1973.85,1875.1574999999998,True,Beauty
500637,3,P057,4.0,456.38,0.0,1825.52,1825.52,True,Grocery
500638,1,P044,1.0,530.04,10.0,530.04,477.036,True,Electronics
500639,1,P030,2.0,296.7,0.0,593.4,593.4,True,Electronics
500640,1,P004,1.0,341.22,15.0,341.22,290.03700000000003,True,Beauty
500640,2,P043,4.0,357.48,0.0,1429.92,1429.92,True,Beauty
500640,3,P040,5.0,498.36,10.0,2491.8,2242.6200000000003,True,Electronics
500640,4,P038,2.0,222.38,0.0,444.76,444.76,True,Sports
500641,1,P026,1.0,211.07,15.0,211.07,179.40949999999998,True,Beauty
500642,1,P043,1.0,377.5,0.0,377.5,377.5,True,Beauty
500642,2,P035,3.0,579.93,20.0,1739.79,1391.832,True,Grocery
500642,3,P012,4.0,296.75,15.0,1187.0,1008.9499999999999,True,Beauty
500643,1,P023,1.0,66.84,10.0,66.84,60.156000000000006,True,Books
500643,2,P026,2.0,183.06,20.0,366.12,292.896,True,Beauty
500643,3,P014,1.0,532.24,15.0,532.24,452.404,True,Books
500643,4,P012,1.0,295.56,15.0,295.56,251.226,True,Beauty
500643,5,P050,4.0,398.62,15.0,1594.48,1355.308,True,Grocery
500643,6,P004,1.0,320.77,0.0,320.77,320.77,True,Beauty
500644,1,P056,1.0,225.16,0.0,225.16,225.16,True,Electronics
500644,2,P017,3.0,88.38,0.0,265.14,265.14,True,Beauty
500644,3,P060,1.0,157.17,0.0,157.17,157.17,True,Books
500645,1,P041,3.0,568.22,0.0,1704.66,1704.66,True,Home
500646,1,P041,3.0,729.31,0.0,2187.93,2187.93,True,Home
500646,2,P031,1.0,55.01,0.0,55.01,55.01,True,Electronics
500646,3,P027,1.0,151.63,10.0,151.63,136.467,True,Grocery
500646,4,P037,4.0,380.8,20.0,1523.2,1218.5600000000002,True,Home
500646,5,P002,2.0,463.23,5.0,926.46,880.137,True,Books
500647,1,P035,5.0,503.52,0.0,2517.6,2517.6,True,Grocery
500648,1,P019,1.0,527.53,0.0,527.53,527.53,True,Electronics
500648,2,P007,1.0,392.38,5.0,392.38,372.76099999999997,True,Grocery
500648,3,P010,1.0,87.41,5.0,87.41,83.03949999999999,True,Electronics
500648,4,P025,2.0,140.32,0.0,280.64,280.64,True,Books
500648,5,P044,1.0,523.69,0.0,523.69,523.69,True,Electronics
500649,1,P058,5.0,475.37,0.0,2376.85,2376.85,True,Sports
500649,2,P036,1.0,467.51,10.0,467.51,420.759,True,Electronics
500649,3,P049,1.0,116.48,0.0,116.48,116.48,True,Electronics
500650,1,P060,3.0,169.02,5.0,507.06000000000006,481.70700000000005,True,Books
500651,1,P033,2.0,141.9,0.0,283.8,283.8,True,Sports
500652,1,P056,1.0,256.21,0.0,256.21,256.21,True,Electronics
500652,2,P058,4.0,547.5,10.0,2190.0,1971.0,True,Sports
500652,3,P041,5.0,636.42,0.0,3182.1,3182.1,True,Home
500653,1,P015,4.0,487.93,15.0,1951.72,1658.962,True,Books
500653,2,P017,4.0,80.36,0.0,321.44,321.44,True,Beauty
500653,3,P013,1.0,304.83,0.0,304.83,304.83,True,Beauty
500653,4,P007,5.0,424.99,10.0,2124.95,1912.455,True,Grocery
500653,5,P009,1.0,642.36,0.0,642.36,642.36,True,Sports
500653,6,P044,2.0,427.03,15.0,854.06,725.9509999999999,True,Electronics
500654,1,P022,1.0,50.85,20.0,50.85,40.68000000000001,True,Books
500655,1,P045,3.0,278.01,0.0,834.03,834.03,True,Grocery
500655,2,P016,4.0,591.5,10.0,2366.0,2129.4,True,Grocery
500655,3,P008,1.0,340.42,15.0,340.42,289.357,True,Electronics
500655,4,P043,5.0,394.97,0.0,1974.8500000000001,1974.8500000000001,True,Beauty
500655,5,P008,3.0,288.95,5.0,866.8499999999999,823.5074999999998,True,Electronics
500656,1,P026,2.0,233.41,10.0,466.82,420.138,True,Beauty
500656,2,P010,1.0,89.38,20.0,89.38,71.504,True,Electronics
500656,3,P024,1.0,645.24,0.0,645.24,645.24,True,Sports
500656,4,P013,5.0,310.36,15.0,1551.8000000000002,1319.0300000000002,True,Beauty
500657,1,P027,2.0,162.1,20.0,324.2,259.36,True,Grocery
500657,2,P050,1.0,502.48,0.0,502.48,502.48,True,Grocery
500658,1,P014,5.0,461.9,15.0,2309.5,1963.075,True,Books
500658,2,P055,5.0,445.85,0.0,2229.25,2229.25,True,Beauty
500658,3,P038,1.0,227.68,5.0,227.68,216.296,True,Sports
500658,4,P033,5.0,159.81,0.0,799.05,799.05,True,Sports
500658,5,P052,1.0,342.4,10.0,342.4,308.15999999999997,True,Sports
500658,6,P038,2.0,226.82,0.0,453.64,453.64,True,Sports
500659,1,P032,1.0,596.8,5.0,596.8,566.9599999999999,True,Grocery
500659,2,P043,2.0,405.96,0.0,811.92,811.92,True,Beauty
500659,3,P019,1.0,536.24,0.0,536.24,536.24,True,Electronics
500659,4,P040,1.0,457.73,5.0,457.73,434.8435,True,Electronics
500659,5,P056,1.0,200.0,0.0,200.0,200.0,True,Electronics
500659,6,P001,1.0,23.22,0.0,23.22,23.22,True,Grocery
500660,1,P053,5.0,57.51,10.0,287.55,258.795,True,Grocery
500660,2,P055,4.0,540.06,0.0,2160.24,2160.24,True,Beauty
500660,3,P032,5.0,457.97,0.0,2289.8500000000004,2289.8500000000004,True,Grocery
500660,4,P037,1.0,344.01,10.0,344.01,309.609,True,Home
500661,1,P038,1.0,224.54,20.0,224.54,179.632,True,Sports
500662,1,P047,4.0,402.37,0.0,1609.48,1609.48,True,Home
500662,2,P042,3.0,414.53,15.0,1243.59,1057.0514999999998,True,Beauty
500662,3,P024,5.0,495.98,20.0,2479.9,1983.92,True,Sports
500662,4,P048,2.0,647.1,0.0,1294.2,1294.2,True,Beauty
500662,5,P041,2.0,651.39,10.0,1302.78,1172.502,True,Home
500663,1,P048,1.0,609.56,0.0,609.56,609.56,True,Beauty
500663,2,P039,1.0,238.86,0.0,238.86,238.86,True,Beauty
500663,3,P004,1.0,307.09,0.0,307.09,307.09,True,Beauty
500663,4,P012,5.0,274.77,5.0,1373.85,1305.1574999999998,True,Beauty
500664,1,P016,2.0,666.21,0.0,1332.42,1332.42,True,Grocery
500664,2,P012,5.0,284.46,0.0,1422.3,1422.3,True,Beauty
500664,3,P041,2.0,737.19,0.0,1474.38,1474.38,True,Home
500664,4,P052,4.0,398.06,15.0,1592.24,1353.404,True,Sports
500664,5,P029,4.0,52.35,15.0,209.4,177.99,True,Grocery
500664,6,P023,1.0,58.09,10.0,58.09,52.281000000000006,True,Books
500665,1,P028,5.0,205.07,0.0,1025.35,1025.35,True,Electronics
500665,2,P051,3.0,132.79,20.0,398.37,318.696,True,Electronics
500665,3,P038,1.0,222.46,0.0,222.46,222.46,True,Sports
500665,4,P012,1.0,239.55,0.0,239.55,239.55,True,Beauty
500666,1,P050,2.0,426.09,10.0,852.18,766.962,True,Grocery
500666,2,P043,2.0,325.98,15.0,651.96,554.166,True,Beauty
500666,3,P025,1.0,122.91,10.0,122.91,110.619,True,Books
500667,1,P016,5.0,652.91,15.0,3264.5499999999997,2774.8675,True,Grocery
500667,3,P040,1.0,433.31,20.0,433.31,346.648,True,Electronics
500668,1,P021,1.0,189.19,0.0,189.19,189.19,True,Sports
500668,2,P052,2.0,403.19,0.0,806.38,806.38,True,Sports
500668,3,P002,1.0,386.8,10.0,386.8,348.12,True,Books
500668,4,P005,1.0,177.13,10.0,177.13,159.417,True,Electronics
500669,1,P055,3.0,450.58,0.0,1351.74,1351.74,True,Beauty
500669,2,P029,1.0,57.15,0.0,57.15,57.15,True,Grocery
500669,3,P047,2.0,407.64,0.0,815.28,815.28,True,Home
500669,4,P037,1.0,351.28,0.0,351.28,351.28,True,Home
500669,5,P043,1.0,416.57,20.0,416.57,333.25600000000003,True,Beauty
500670,1,P032,5.0,445.17,5.0,2225.85,2114.5575,True,Grocery
500670,3,P017,1.0,75.69,0.0,75.69,75.69,True,Beauty
500670,4,P034,1.0,322.54,10.0,322.54,290.286,True,Electronics
500671,1,P060,1.0,166.46,10.0,166.46,149.81400000000002,True,Books
500671,2,P048,1.0,672.37,15.0,672.37,571.5145,True,Beauty
500671,3,P038,2.0,204.3,20.0,408.6,326.88000000000005,True,Sports
500671,4,P040,1.0,489.53,20.0,489.53,391.624,True,Electronics
500671,5,P034,1.0,355.87,0.0,355.87,355.87,True,Electronics
500671,6,P019,2.0,467.72,15.0,935.44,795.124,True,Electronics
500672,1,P017,1.0,96.84,15.0,96.84,82.31400000000001,True,Beauty
500672,2,P011,1.0,393.92,5.0,393.92,374.224,True,Beauty
500672,3,P047,1.0,407.27,5.0,407.27,386.90649999999994,True,Home
500673,1,P011,1.0,509.11,5.0,509.11,483.6545,True,Beauty
500674,1,P022,2.0,51.32,10.0,102.64,92.376,True,Books
500674,2,P054,2.0,281.99,10.0,563.98,507.58200000000005,True,Home
500674,3,P037,1.0,334.2,15.0,334.2,284.07,True,Home
500674,4,P060,1.0,154.1,5.0,154.1,146.39499999999998,True,Books
500674,5,P011,2.0,518.99,15.0,1037.98,882.283,True,Beauty
500675,1,P011,2.0,465.35,0.0,930.7,930.7,True,Beauty
500676,1,P037,4.0,359.03,15.0,1436.12,1220.7019999999998,True,Home
500676,2,P030,3.0,317.86,15.0,953.58,810.543,True,Electronics
500676,3,P041,1.0,617.85,10.0,617.85,556.065,True,Home
500676,4,P045,2.0,314.18,15.0,628.36,534.106,True,Grocery
500676,5,P037,5.0,364.89,5.0,1824.4499999999998,1733.2274999999997,True,Home
500677,1,P034,2.0,369.86,5.0,739.72,702.734,True,Electronics
500678,1,P010,2.0,92.96,20.0,185.92,148.736,True,Electronics
500678,2,P050,3.0,436.78,10.0,1310.34,1179.306,True,Grocery
500679,1,P031,1.0,53.39,15.0,53.39,45.3815,True,Electronics
500679,2,P047,5.0,328.97,5.0,1644.8500000000001,1562.6075,True,Home
500680,1,P007,1.0,378.13,15.0,378.13,321.4105,True,Grocery
500680,2,P041,5.0,731.79,5.0,3658.95,3476.0024999999996,True,Home
500680,3,P040,2.0,482.99,5.0,965.98,917.6809999999999,True,Electronics
500681,1,P008,1.0,323.65,15.0,323.65,275.10249999999996,True,Electronics
500681,2,P032,3.0,515.37,0.0,1546.1100000000001,1546.1100000000001,True,Grocery
500681,3,P033,2.0,168.79,0.0,337.58,337.58,True,Sports
500681,4,P013,1.0,321.9,0.0,321.9,321.9,True,Beauty
500681,5,P027,1.0,155.32,0.0,155.32,155.32,True,Grocery
500681,6,P018,1.0,77.21,10.0,77.21,69.48899999999999,True,Sports
500682,1,P055,1.0,490.47,5.0,490.47,465.9465,True,Beauty
500682,2,P028,1.0,207.07,0.0,207.07,207.07,True,Electronics
500683,1,P024,2.0,644.66,0.0,1289.32,1289.32,True,Sports
500683,2,P030,4.0,318.65,20.0,1274.6,1019.68,True,Electronics
500683,3,P040,5.0,438.21,20.0,2191.0499999999997,1752.84,True,Electronics
500683,4,P035,3.0,652.4,20.0,1957.1999999999998,1565.76,True,Grocery
500683,5,P033,5.0,156.77,0.0,783.85,783.85,True,Sports
500684,1,P011,2.0,505.77,0.0,1011.54,1011.54,True,Beauty
500684,2,P034,1.0,340.71,15.0,340.71,289.6035,True,Electronics
500684,3,P012,2.0,296.82,5.0,593.64,563.958,True,Beauty
500684,4,P060,2.0,150.21,5.0,300.42,285.399,True,Books
500684,5,P060,1.0,154.67,0.0,154.67,154.67,True,Books
500684,6,P052,5.0,333.02,0.0,1665.1,1665.1,True,Sports
500685,1,P040,1.0,486.52,5.0,486.52,462.19399999999996,True,Electronics
500685,2,P053,4.0,61.11,10.0,244.44,219.996,True,Grocery
500685,3,P049,2.0,121.71,10.0,243.42,219.078,True,Electronics
500686,1,P046,2.0,45.61,10.0,91.22,82.098,True,Electronics
500686,2,P043,1.0,339.38,0.0,339.38,339.38,True,Beauty
500687,1,P010,1.0,96.92,15.0,96.92,82.382,True,Electronics
500687,2,P054,4.0,277.66,20.0,1110.64,888.5120000000002,True,Home
500687,3,P008,1.0,312.83,20.0,312.83,250.264,True,Electronics
500687,4,P021,2.0,180.51,10.0,361.02,324.918,True,Sports
500687,5,P037,3.0,367.39,5.0,1102.17,1047.0615,True,Home
500687,6,P007,4.0,355.48,5.0,1421.92,1350.824,True,Grocery
500688,1,P009,1.0,609.41,10.0,609.41,548.4689999999999,True,Sports
500688,2,P001,4.0,18.05,0.0,72.2,72.2,True,Grocery
500689,1,P033,3.0,172.48,0.0,517.4399999999999,517.4399999999999,True,Sports
500689,2,P016,1.0,716.98,5.0,716.98,681.131,True,Grocery
500689,3,P036,2.0,440.95,20.0,881.9,705.52,True,Electronics
500690,1,P050,2.0,407.6,0.0,815.2,815.2,True,Grocery
500690,2,P016,2.0,626.02,20.0,1252.04,1001.6320000000001,True,Grocery
500691,1,P011,1.0,482.85,0.0,482.85,482.85,True,Beauty
500691,2,P058,3.0,585.33,20.0,1755.9900000000002,1404.7920000000004,True,Sports
500692,1,P022,1.0,61.07,20.0,61.07,48.856,True,Books
500692,2,P060,1.0,140.29,15.0,140.29,119.24649999999998,True,Books
500692,3,P036,4.0,468.68,20.0,1874.72,1499.776,True,Electronics
500693,1,P008,1.0,366.59,0.0,366.59,366.59,True,Electronics
500693,2,P014,2.0,399.36,15.0,798.72,678.912,True,Books
500693,3,P036,1.0,434.21,10.0,434.21,390.789,True,Electronics
500693,4,P007,1.0,389.14,15.0,389.14,330.769,True,Grocery
500693,5,P007,2.0,385.14,0.0,770.28,770.28,True,Grocery
500694,1,P003,1.0,400.49,0.0,400.49,400.49,True,Home
500694,2,P006,1.0,294.78,10.0,294.78,265.30199999999996,True,Sports
500694,3,P043,5.0,317.3,0.0,1586.5,1586.5,True,Beauty
500694,4,P045,1.0,331.88,10.0,331.88,298.692,True,Grocery
500695,1,P048,1.0,700.29,10.0,700.29,630.261,True,Beauty
500695,2,P048,2.0,637.58,0.0,1275.16,1275.16,True,Beauty
500695,3,P058,4.0,585.01,15.0,2340.04,1989.0339999999999,True,Sports
500695,4,P034,1.0,403.06,10.0,403.06,362.754,True,Electronics
500695,5,P016,2.0,658.53,0.0,1317.06,1317.06,True,Grocery
500696,1,P005,3.0,147.99,0.0,443.97,443.97,True,Electronics
500696,2,P008,1.0,334.55,10.0,334.55,301.095,True,Electronics
500696,3,P032,1.0,509.88,5.0,509.88,484.38599999999997,True,Grocery
500696,4,P055,1.0,482.93,10.0,482.93,434.637,True,Beauty
500696,5,P054,3.0,300.01,20.0,900.03,720.024,True,Home
500696,6,P018,5.0,82.79,0.0,413.95000000000005,413.95000000000005,True,Sports
500697,1,P030,5.0,342.52,5.0,1712.6,1626.9699999999998,True,Electronics
500698,1,P015,5.0,453.88,0.0,2269.4,2269.4,True,Books
500698,2,P004,1.0,357.37,10.0,357.37,321.63300000000004,True,Beauty
500698,3,P006,4.0,270.83,15.0,1083.32,920.8219999999999,True,Sports
500699,1,P027,1.0,149.32,20.0,149.32,119.456,True,Grocery
500699,2,P052,2.0,348.98,5.0,697.96,663.062,True,Sports
500699,3,P022,4.0,56.86,0.0,227.44,227.44,True,Books
500699,4,P037,1.0,339.33,5.0,339.33,322.3635,True,Home
500699,5,P019,3.0,539.92,0.0,1619.7599999999998,1619.7599999999998,True,Electronics
500699,6,P039,2.0,230.28,0.0,460.56,460.56,True,Beauty
500700,1,P052,1.0,399.94,10.0,399.94,359.946,True,Sports
500700,2,P004,1.0,345.25,0.0,345.25,345.25,True,Beauty
500700,3,P013,1.0,304.38,15.0,304.38,258.723,True,Beauty
500701,1,P010,1.0,91.73,5.0,91.73,87.1435,True,Electronics
500701,2,P017,4.0,85.24,15.0,340.96,289.816,True,Beauty
500701,3,P043,1.0,369.24,10.0,369.24,332.31600000000003,True,Beauty
500701,4,P005,1.0,176.61,20.0,176.61,141.288,True,Electronics
500701,5,P057,1.0,463.88,0.0,463.88,463.88,True,Grocery
500702,1,P006,2.0,224.05,10.0,448.1,403.29,True,Sports
500702,2,P051,1.0,126.13,10.0,126.13,113.517,True,Electronics
500702,3,P001,5.0,21.29,5.0,106.44999999999999,101.12749999999998,True,Grocery
500702,4,P059,3.0,600.46,0.0,1801.38,1801.38,True,Grocery
500702,5,P048,4.0,573.95,10.0,2295.8,2066.2200000000003,True,Beauty
500703,1,P028,1.0,214.25,5.0,214.25,203.5375,True,Electronics
500703,2,P040,2.0,479.36,5.0,958.72,910.784,True,Electronics
500703,3,P016,5.0,701.25,0.0,3506.25,3506.25,True,Grocery
500703,4,P050,2.0,411.09,0.0,822.18,822.18,True,Grocery
500704,1,P022,1.0,61.35,0.0,61.35,61.35,True,Books
500704,2,P056,1.0,230.49,20.0,230.49,184.39200000000002,True,Electronics
500705,1,P013,1.0,317.52,0.0,317.52,317.52,True,Beauty
500705,2,P020,1.0,385.36,0.0,385.36,385.36,True,Home
500705,3,P030,5.0,356.67,5.0,1783.3500000000001,1694.1825000000001,True,Electronics
500705,4,P030,4.0,347.88,0.0,1391.52,1391.52,True,Electronics
500706,1,P054,2.0,283.48,10.0,566.96,510.26400000000007,True,Home
500707,1,P059,5.0,663.73,0.0,3318.65,3318.65,True,Grocery
500707,2,P059,5.0,648.13,0.0,3240.65,3240.65,True,Grocery
500707,3,P047,5.0,364.19,15.0,1820.95,1547.8075,True,Home
500708,1,P017,2.0,96.83,0.0,193.66,193.66,True,Beauty
500708,2,P037,5.0,356.66,10.0,1783.3000000000002,1604.9700000000003,True,Home
500708,3,P014,2.0,438.34,0.0,876.68,876.68,True,Books
500708,4,P039,2.0,247.72,0.0,495.44,495.44,True,Beauty
500708,5,P041,4.0,610.57,20.0,2442.28,1953.8240000000003,True,Home
500709,1,P023,1.0,58.16,0.0,58.16,58.16,True,Books
500709,2,P008,4.0,352.18,0.0,1408.72,1408.72,True,Electronics
500709,3,P017,2.0,75.24,20.0,150.48,120.384,True,Beauty
500709,4,P021,1.0,191.99,0.0,191.99,191.99,True,Sports
500710,1,P025,2.0,131.81,0.0,263.62,263.62,True,Books
500711,1,P015,2.0,501.57,5.0,1003.14,952.983,True,Books
500711,2,P026,1.0,194.58,0.0,194.58,194.58,True,Beauty
500712,1,P013,1.0,254.89,5.0,254.89,242.14549999999997,True,Beauty
500712,2,P056,1.0,222.04,10.0,222.04,199.83599999999998,True,Electronics
500712,3,P060,2.0,176.0,5.0,352.0,334.4,True,Books
500712,4,P044,2.0,414.71,15.0,829.42,705.007,True,Electronics
500712,5,P033,2.0,141.26,20.0,282.52,226.016,True,Sports
500712,6,P032,5.0,447.62,0.0,2238.1,2238.1,True,Grocery
500713,1,P004,3.0,307.48,5.0,922.44,876.318,True,Beauty
500714,1,P020,2.0,358.31,5.0,716.62,680.789,True,Home
500714,2,P026,4.0,197.31,0.0,789.24,789.24,True,Beauty
500714,3,P015,5.0,427.74,0.0,2138.7,2138.7,True,Books
500714,4,P007,2.0,408.69,15.0,817.38,694.773,True,Grocery
500714,5,P007,4.0,397.33,20.0,1589.32,1271.4560000000001,True,Grocery
500714,6,P050,5.0,416.17,5.0,2080.85,1976.8075,True,Grocery
500715,1,P046,2.0,42.91,15.0,85.82,72.94699999999999,True,Electronics
500715,2,P010,2.0,93.07,15.0,186.14,158.219,True,Electronics
500715,3,P022,3.0,53.49,10.0,160.47,144.423,True,Books
500715,4,P030,1.0,385.0,15.0,385.0,327.25,True,Electronics
500715,5,P030,2.0,374.33,0.0,748.66,748.66,True,Electronics
500716,1,P004,5.0,317.33,20.0,1586.6499999999999,1269.32,True,Beauty
500716,2,P051,5.0,119.96,0.0,599.8,599.8,True,Electronics
500716,3,P055,1.0,494.44,10.0,494.44,444.996,True,Beauty
500716,4,P015,1.0,440.61,5.0,440.61,418.5795,True,Books
500717,1,P030,2.0,322.71,10.0,645.42,580.8779999999999,True,Electronics
500717,2,P057,3.0,461.94,10.0,1385.82,1247.238,True,Grocery
500717,3,P004,4.0,393.65,15.0,1574.6,1338.4099999999999,True,Beauty
500717,4,P023,2.0,58.23,5.0,116.46,110.63699999999999,True,Books
500718,1,P056,2.0,236.56,10.0,473.12,425.808,True,Electronics
500718,2,P056,2.0,229.33,0.0,458.66,458.66,True,Electronics
500718,3,P015,2.0,474.86,0.0,949.72,949.72,True,Books
500718,4,P019,2.0,436.84,20.0,873.68,698.944,True,Electronics
500719,1,P029,5.0,44.74,0.0,223.70000000000002,223.70000000000002,True,Grocery
500720,1,P034,2.0,338.57,0.0,677.14,677.14,True,Electronics
500720,2,P026,4.0,202.83,15.0,811.32,689.6220000000001,True,Beauty
500720,3,P013,2.0,284.01,15.0,568.02,482.81699999999995,True,Beauty
500720,4,P999,1.0,482.85,20.0,482.85,386.28000000000003,False,
500721,1,P009,5.0,674.44,0.0,3372.2000000000003,3372.2000000000003,True,Sports
500721,2,P032,1.0,589.91,5.0,589.91,560.4145,True,Grocery
500721,3,P011,1.0,412.31,0.0,412.31,412.31,True,Beauty
500721,4,P037,3.0,400.78,15.0,1202.34,1021.9889999999999,True,Home
500722,1,P010,3.0,90.11,20.0,270.33,216.264,True,Electronics
500722,2,P012,2.0,294.7,10.0,589.4,530.46,True,Beauty
500722,3,P010,2.0,81.37,0.0,162.74,162.74,True,Electronics
500723,1,P032,1.0,474.81,0.0,474.81,474.81,True,Grocery
500723,2,P003,1.0,357.49,0.0,357.49,357.49,True,Home
500723,3,P027,3.0,149.76,5.0,449.28,426.816,True,Grocery
500723,4,P019,5.0,521.6,0.0,2608.0,2608.0,True,Electronics
500723,5,P022,1.0,59.72,20.0,59.72,47.776,True,Books
500723,6,P057,1.0,458.39,20.0,458.39,366.712,True,Grocery
500724,1,P031,3.0,49.24,0.0,147.72,147.72,True,Electronics
500724,2,P001,4.0,18.86,5.0,75.44,71.66799999999999,True,Grocery
500724,3,P034,5.0,324.82,10.0,1624.1,1461.69,True,Electronics
500724,4,P018,1.0,70.12,0.0,70.12,70.12,True,Sports
500724,5,P018,1.0,77.08,0.0,77.08,77.08,True,Sports
500725,1,P059,3.0,582.02,20.0,1746.06,1396.848,True,Grocery
500726,1,P041,1.0,737.97,20.0,737.97,590.3760000000001,True,Home
500727,1,P035,2.0,519.16,0.0,1038.32,1038.32,True,Grocery
500727,2,P999,2.0,76.37,0.0,152.74,152.74,False,
500727,3,P042,1.0,452.96,0.0,452.96,452.96,True,Beauty
500728,1,P055,3.0,528.62,0.0,1585.8600000000001,1585.8600000000001,True,Beauty
500728,2,P036,2.0,378.94,0.0,757.88,757.88,True,Electronics
500728,3,P051,4.0,123.95,0.0,495.8,495.8,True,Electronics
500728,4,P060,1.0,133.68,0.0,133.68,133.68,True,Books
500728,5,P021,4.0,159.58,10.0,638.32,574.488,True,Sports
500728,6,P051,2.0,118.45,0.0,236.9,236.9,True,Electronics
500729,1,P033,1.0,149.93,5.0,149.93,142.4335,True,Sports
500729,2,P010,4.0,81.21,5.0,324.84,308.59799999999996,True,Electronics
500729,3,P009,5.0,613.52,0.0,3067.6,3067.6,True,Sports
500729,4,P049,3.0,110.22,0.0,330.65999999999997,330.65999999999997,True,Electronics
500729,5,P033,5.0,174.5,0.0,872.5,872.5,True,Sports
500730,1,P041,5.0,729.12,15.0,3645.6,3098.7599999999998,True,Home
500730,2,P025,1.0,130.86,5.0,130.86,124.31700000000001,True,Books
500730,3,P008,3.0,320.26,20.0,960.78,768.624,True,Electronics
500730,4,P024,5.0,600.19,20.0,3000.9500000000003,2400.76,True,Sports
500730,5,P020,1.0,330.01,0.0,330.01,330.01,True,Home
500731,1,P021,5.0,201.28,20.0,1006.4,805.12,True,Sports
500731,2,P024,5.0,511.71,20.0,2558.5499999999997,2046.84,True,Sports
500731,3,P015,4.0,438.12,0.0,1752.48,1752.48,True,Books
500731,4,P027,1.0,165.35,0.0,165.35,165.35,True,Grocery
500731,5,P032,1.0,525.32,5.0,525.32,499.05400000000003,True,Grocery
500731,6,P012,4.0,272.41,15.0,1089.64,926.1940000000001,True,Beauty
500732,1,P038,1.0,240.12,15.0,240.12,204.102,True,Sports
500732,2,P054,1.0,270.37,5.0,270.37,256.8515,True,Home
500732,3,P034,3.0,371.39,0.0,1114.17,1114.17,True,Electronics
500733,1,P053,3.0,60.82,0.0,182.46,182.46,True,Grocery
500733,2,P009,3.0,567.31,0.0,1701.9299999999998,1701.9299999999998,True,Sports
500734,1,P031,4.0,53.83,20.0,215.32,172.256,True,Electronics
500734,2,P049,1.0,135.24,15.0,135.24,114.95400000000001,True,Electronics
500734,3,P052,1.0,301.07,0.0,301.07,301.07,True,Sports
500734,4,P034,4.0,312.01,10.0,1248.04,1123.236,True,Electronics
500734,5,P042,4.0,402.57,0.0,1610.28,1610.28,True,Beauty
500734,6,P035,3.0,627.51,0.0,1882.53,1882.53,True,Grocery
500735,1,P044,5.0,504.69,0.0,2523.45,2523.45,True,Electronics
500735,2,P047,2.0,316.41,20.0,632.82,506.2560000000001,True,Home
500735,3,P017,1.0,84.48,10.0,84.48,76.03200000000001,True,Beauty
500735,4,P014,1.0,481.41,0.0,481.41,481.41,True,Books
500735,5,P025,1.0,123.86,0.0,123.86,123.86,True,Books
500736,1,P041,1.0,665.7,10.0,665.7,599.1300000000001,True,Home
500736,2,P047,2.0,349.31,20.0,698.62,558.8960000000001,True,Home
500736,3,P014,3.0,471.95,10.0,1415.85,1274.2649999999999,True,Books
500736,4,P001,5.0,20.21,0.0,101.05000000000001,101.05000000000001,True,Grocery
500737,1,P045,1.0,277.24,0.0,277.24,277.24,True,Grocery
500737,2,P019,1.0,512.73,0.0,512.73,512.73,True,Electronics
500737,3,P013,4.0,248.17,20.0,992.68,794.144,True,Beauty
500738,1,P055,5.0,458.91,10.0,2294.55,2065.0950000000003,True,Beauty
500738,2,P058,4.0,527.8,0.0,2111.2,2111.2,True,Sports
500739,1,P028,1.0,213.63,20.0,213.63,170.904,True,Electronics
500739,2,P019,4.0,473.74,20.0,1894.96,1515.968,True,Electronics
500739,3,P007,1.0,394.47,20.0,394.47,315.576,True,Grocery
500739,4,P044,2.0,415.32,15.0,830.64,706.044,True,Electronics
500739,5,P058,1.0,478.13,10.0,478.13,430.317,True,Sports
500740,1,P025,1.0,141.04,10.0,141.04,126.93599999999999,True,Books
500741,1,P023,2.0,51.52,0.0,103.04,103.04,True,Books
500741,2,P054,4.0,271.38,5.0,1085.52,1031.244,True,Home
500741,3,P008,2.0,336.67,20.0,673.34,538.672,True,Electronics
500741,4,P054,2.0,266.92,0.0,533.84,533.84,True,Home
500742,1,P012,2.0,300.41,5.0,600.82,570.779,True,Beauty
500743,1,P049,3.0,119.47,0.0,358.40999999999997,358.40999999999997,True,Electronics
500743,2,P026,4.0,193.87,0.0,775.48,775.48,True,Beauty
500743,3,P053,1.0,74.13,5.0,74.13,70.42349999999999,True,Grocery
500744,1,P009,2.0,554.99,15.0,1109.98,943.483,True,Sports
500744,2,P015,3.0,385.75,0.0,1157.25,1157.25,True,Books
500744,3,P009,4.0,581.79,20.0,2327.16,1861.728,True,Sports
500744,4,P007,2.0,375.51,5.0,751.02,713.4689999999999,True,Grocery
500744,5,P026,5.0,210.87,0.0,1054.35,1054.35,True,Beauty
500744,6,P024,2.0,595.3,20.0,1190.6,952.48,True,Sports
500745,1,P053,1.0,75.69,20.0,75.69,60.552,True,Grocery
500745,2,P045,3.0,297.99,10.0,893.97,804.5730000000001,True,Grocery
500745,3,P051,2.0,147.11,0.0,294.22,294.22,True,Electronics
500745,4,P034,1.0,329.09,0.0,329.09,329.09,True,Electronics
500745,5,P006,3.0,263.5,10.0,790.5,711.45,True,Sports
500746,1,P029,2.0,56.75,0.0,113.5,113.5,True,Grocery
500747,1,P015,1.0,460.51,5.0,460.51,437.48449999999997,True,Books
500747,2,P059,4.0,602.85,5.0,2411.4,2290.83,True,Grocery
500747,3,P050,2.0,495.72,20.0,991.44,793.152,True,Grocery
500748,1,P044,1.0,430.92,15.0,430.92,366.282,True,Electronics
500749,1,P028,3.0,198.91,0.0,596.73,596.73,True,Electronics
500749,2,P030,3.0,325.74,15.0,977.22,830.6370000000001,True,Electronics
500749,3,P019,1.0,454.52,15.0,454.52,386.342,True,Electronics
500750,1,P028,1.0,244.54,20.0,244.54,195.632,True,Electronics
500751,1,P010,2.0,105.17,20.0,210.34,168.27200000000002,True,Electronics
500752,1,P043,3.0,391.26,0.0,1173.78,1173.78,True,Beauty
500752,2,P043,2.0,407.52,20.0,815.04,652.032,True,Beauty
500752,3,P011,1.0,521.09,0.0,521.09,521.09,True,Beauty
500752,4,P033,2.0,171.3,5.0,342.6,325.47,True,Sports
500752,5,P058,1.0,547.82,20.0,547.82,438.2560000000001,True,Sports
500753,1,P036,2.0,440.81,20.0,881.62,705.296,True,Electronics
500753,2,P029,1.0,57.09,5.0,57.09,54.2355,True,Grocery
500753,3,P052,1.0,401.48,10.0,401.48,361.33200000000005,True,Sports
500753,4,P046,1.0,39.33,5.0,39.33,37.363499999999995,True,Electronics
500754,1,P048,1.0,592.03,0.0,592.03,592.03,True,Beauty
500754,2,P034,5.0,320.66,15.0,1603.3000000000002,1362.805,True,Electronics
500754,3,P058,1.0,483.72,5.0,483.72,459.534,True,Sports
500754,4,P048,1.0,667.27,0.0,667.27,667.27,True,Beauty
500754,5,P018,1.0,69.57,0.0,69.57,69.57,True,Sports
500755,1,P028,4.0,245.83,0.0,983.32,983.32,True,Electronics
500756,1,P036,4.0,473.87,0.0,1895.48,1895.48,True,Electronics
500757,1,P028,1.0,233.14,0.0,233.14,233.14,True,Electronics
500757,2,P007,1.0,439.4,0.0,439.4,439.4,True,Grocery
500757,3,P038,4.0,227.0,15.0,908.0,771.8,True,Sports
500757,4,P057,1.0,477.44,0.0,477.44,477.44,True,Grocery
500757,5,P012,5.0,247.32,20.0,1236.6,989.28,True,Beauty
500757,6,P041,2.0,564.14,0.0,1128.28,1128.28,True,Home
500758,1,P035,2.0,630.0,20.0,1260.0,1008.0,True,Grocery
500758,2,P023,4.0,61.41,0.0,245.64,245.64,True,Books
500758,3,P004,1.0,370.73,0.0,370.73,370.73,True,Beauty
500758,4,P059,1.0,600.98,10.0,600.98,540.8820000000001,True,Grocery
500758,5,P042,1.0,486.07,15.0,486.07,413.1595,True,Beauty
500758,6,P014,3.0,472.34,5.0,1417.02,1346.1689999999999,True,Books
500759,1,P057,4.0,484.26,5.0,1937.04,1840.1879999999999,True,Grocery
500759,2,P046,1.0,44.74,0.0,44.74,44.74,True,Electronics
500760,1,P014,4.0,461.01,15.0,1844.04,1567.434,True,Books
500760,2,P017,1.0,85.22,10.0,85.22,76.69800000000001,True,Beauty
500760,3,P034,1.0,366.5,15.0,366.5,311.525,True,Electronics
500761,1,P015,1.0,481.47,0.0,481.47,481.47,True,Books
500761,2,P016,2.0,586.47,0.0,1172.94,1172.94,True,Grocery
500761,3,P057,1.0,410.73,0.0,410.73,410.73,True,Grocery
500761,4,P033,4.0,171.78,0.0,687.12,687.12,True,Sports
500761,5,P010,3.0,97.34,0.0,292.02,292.02,True,Electronics
500762,1,P012,2.0,237.85,10.0,475.7,428.13,True,Beauty
500762,2,P022,2.0,50.23,0.0,100.46,100.46,True,Books
500762,3,P040,4.0,408.77,0.0,1635.08,1635.08,True,Electronics
500762,4,P048,3.0,603.8,0.0,1811.3999999999999,1811.3999999999999,True,Beauty
500762,5,P037,2.0,347.49,0.0,694.98,694.98,True,Home
500763,1,P033,3.0,141.53,20.0,424.59000000000003,339.672,True,Sports
500763,2,P002,2.0,387.71,20.0,775.42,620.336,True,Books
500763,3,P011,4.0,424.08,15.0,1696.32,1441.8719999999998,True,Beauty
500764,1,P054,1.0,255.59,0.0,255.59,255.59,True,Home
500764,2,P039,3.0,188.19,0.0,564.5699999999999,564.5699999999999,True,Beauty
500764,3,P007,1.0,347.83,5.0,347.83,330.4385,True,Grocery
500765,1,P057,1.0,450.32,15.0,450.32,382.772,True,Grocery
500765,2,P042,2.0,379.01,5.0,758.02,720.1189999999999,True,Beauty
500765,3,P050,1.0,404.65,5.0,404.65,384.41749999999996,True,Grocery
500765,4,P048,5.0,653.3,0.0,3266.5,3266.5,True,Beauty
500765,5,P018,5.0,71.3,0.0,356.5,356.5,True,Sports
500765,6,P038,1.0,238.64,10.0,238.64,214.77599999999998,True,Sports
500766,1,P021,1.0,175.93,0.0,175.93,175.93,True,Sports
500767,1,P051,3.0,149.23,15.0,447.68999999999994,380.53649999999993,True,Electronics
500767,2,P056,3.0,230.16,5.0,690.48,655.956,True,Electronics
500767,3,P016,2.0,636.15,0.0,1272.3,1272.3,True,Grocery
500767,4,P057,1.0,429.68,10.0,429.68,386.712,True,Grocery
500768,1,P010,1.0,94.85,0.0,94.85,94.85,True,Electronics
500768,2,P020,5.0,433.48,15.0,2167.4,1842.29,True,Home
500768,3,P002,1.0,380.62,20.0,380.62,304.49600000000004,True,Books
500769,1,P009,1.0,589.75,10.0,589.75,530.775,True,Sports
500769,2,P008,2.0,345.21,0.0,690.42,690.42,True,Electronics
500770,1,P023,5.0,68.76,20.0,343.8,275.04,True,Books
500770,2,P057,1.0,448.31,20.0,448.31,358.648,True,Grocery
500770,3,P047,2.0,318.57,0.0,637.14,637.14,True,Home
500770,4,P013,1.0,290.78,20.0,290.78,232.624,True,Beauty
500771,1,P054,1.0,329.38,15.0,329.38,279.973,True,Home
500771,2,P049,2.0,114.08,10.0,228.16,205.344,True,Electronics
500772,1,P012,1.0,233.04,0.0,233.04,233.04,True,Beauty
500773,1,P055,1.0,447.02,0.0,447.02,447.02,True,Beauty
500774,1,P060,5.0,158.13,0.0,790.65,790.65,True,Books
500775,1,P009,4.0,652.27,5.0,2609.08,2478.6259999999997,True,Sports
500775,2,P013,3.0,271.91,20.0,815.73,652.5840000000001,True,Beauty
500775,3,P009,4.0,604.27,10.0,2417.08,2175.372,True,Sports
500776,1,P045,3.0,292.65,15.0,877.9499999999999,746.2574999999999,True,Grocery
500776,2,P031,3.0,50.98,10.0,152.94,137.64600000000002,True,Electronics
500776,3,P017,5.0,94.81,0.0,474.05,474.05,True,Beauty
500776,4,P047,4.0,365.33,0.0,1461.32,1461.32,True,Home
500776,5,P057,3.0,406.8,0.0,1220.4,1220.4,True,Grocery
500777,1,P047,1.0,316.36,0.0,316.36,316.36,True,Home
500778,1,P028,2.0,241.63,0.0,483.26,483.26,True,Electronics
500778,2,P008,1.0,373.22,0.0,373.22,373.22,True,Electronics
500778,3,P010,2.0,102.71,0.0,205.42,205.42,True,Electronics
500778,4,P025,1.0,114.48,5.0,114.48,108.756,True,Books
500778,5,P047,1.0,390.82,0.0,390.82,390.82,True,Home
500778,6,P036,2.0,426.67,20.0,853.34,682.672,True,Electronics
500779,1,P048,1.0,578.49,15.0,578.49,491.7165,True,Beauty
500779,2,P009,5.0,600.58,20.0,3002.9,2402.32,True,Sports
500779,3,P020,3.0,433.84,0.0,1301.52,1301.52,True,Home
500779,4,P037,3.0,369.4,15.0,1108.1999999999998,941.9699999999998,True,Home
500780,1,P020,1.0,394.35,20.0,394.35,315.48,True,Home
500780,2,P028,1.0,215.89,0.0,215.89,215.89,True,Electronics
500780,3,P023,3.0,58.34,0.0,175.02,175.02,True,Books
500780,4,P035,1.0,648.03,0.0,648.03,648.03,True,Grocery
500780,5,P001,1.0,21.92,0.0,21.92,21.92,True,Grocery
500780,6,P029,2.0,46.72,10.0,93.44,84.096,True,Grocery
500781,1,P013,1.0,306.33,15.0,306.33,260.3805,True,Beauty
500781,2,P005,1.0,143.81,15.0,143.81,122.2385,True,Electronics
500781,3,P060,1.0,157.04,0.0,157.04,157.04,True,Books
500781,4,P006,4.0,230.45,10.0,921.8,829.62,True,Sports
500782,1,P032,1.0,546.2,0.0,546.2,546.2,True,Grocery
500782,2,P023,2.0,59.59,0.0,119.18,119.18,True,Books
500782,3,P047,2.0,400.18,0.0,800.36,800.36,True,Home
500782,4,P040,1.0,494.78,15.0,494.78,420.563,True,Electronics
500782,5,P037,1.0,318.04,0.0,318.04,318.04,True,Home
500782,6,P003,2.0,350.27,5.0,700.54,665.5129999999999,True,Home
500783,1,P021,1.0,176.19,0.0,176.19,176.19,True,Sports
500784,1,P023,1.0,52.4,15.0,52.4,44.54,True,Books
500784,2,P044,1.0,405.34,0.0,405.34,405.34,True,Electronics
500785,1,P019,1.0,419.72,0.0,419.72,419.72,True,Electronics
500785,2,P016,1.0,692.09,0.0,692.09,692.09,True,Grocery
500786,1,P030,1.0,300.28,10.0,300.28,270.252,True,Electronics
500786,2,P051,5.0,125.09,0.0,625.45,625.45,True,Electronics
500787,1,P025,4.0,137.85,0.0,551.4,551.4,True,Books
500787,2,P059,3.0,576.39,15.0,1729.17,1469.7945,True,Grocery
500787,3,P039,1.0,207.19,0.0,207.19,207.19,True,Beauty
500787,4,P060,1.0,165.84,0.0,165.84,165.84,True,Books
500787,5,P021,1.0,178.3,0.0,178.3,178.3,True,Sports
500788,1,P036,2.0,468.41,5.0,936.82,889.979,True,Electronics
500788,2,P010,2.0,96.03,10.0,192.06,172.854,True,Electronics
500788,3,P050,1.0,501.87,10.0,501.87,451.683,True,Grocery
500788,4,P035,2.0,638.2,15.0,1276.4,1084.94,True,Grocery
500789,1,P019,2.0,437.28,5.0,874.56,830.8319999999999,True,Electronics
500789,2,P037,3.0,313.77,0.0,941.31,941.31,True,Home
500789,3,P053,4.0,75.43,5.0,301.72,286.634,True,Grocery
500789,4,P014,5.0,490.76,5.0,2453.8,2331.11,True,Books
500789,5,P031,1.0,47.38,0.0,47.38,47.38,True,Electronics
500790,1,P039,3.0,199.69,5.0,599.0699999999999,569.1164999999999,True,Beauty
500790,2,P025,1.0,110.44,10.0,110.44,99.396,True,Books
500790,3,P018,1.0,78.08,20.0,78.08,62.464,True,Sports
500791,1,P018,1.0,69.88,5.0,69.88,66.386,True,Sports
500791,2,P046,2.0,40.44,15.0,80.88,68.74799999999999,True,Electronics
500791,3,P059,5.0,567.04,0.0,2835.2,2835.2,True,Grocery
500792,1,P008,2.0,327.07,0.0,654.14,654.14,True,Electronics
500792,2,P056,1.0,237.36,0.0,237.36,237.36,True,Electronics
500792,3,P018,1.0,74.67,0.0,74.67,74.67,True,Sports
500792,4,P025,1.0,117.08,0.0,117.08,117.08,True,Books
500792,5,P048,1.0,699.46,20.0,699.46,559.5680000000001,True,Beauty
500792,6,P052,1.0,329.8,15.0,329.8,280.33,True,Sports
500793,1,P010,5.0,101.93,0.0,509.65000000000003,509.65000000000003,True,Electronics
500793,2,P053,1.0,57.33,15.0,57.33,48.7305,True,Grocery
500794,1,P032,5.0,488.3,0.0,2441.5,2441.5,True,Grocery
500794,2,P039,3.0,198.51,0.0,595.53,595.53,True,Beauty
500794,3,P048,1.0,628.36,15.0,628.36,534.106,True,Beauty
500794,4,P013,1.0,263.08,0.0,263.08,263.08,True,Beauty
500794,5,P059,5.0,666.77,0.0,3333.85,3333.85,True,Grocery
500794,6,P003,3.0,411.08,0.0,1233.24,1233.24,True,Home
500795,1,P059,1.0,517.73,15.0,517.73,440.0705,True,Grocery
500795,2,P051,1.0,131.87,0.0,131.87,131.87,True,Electronics
500795,3,P034,3.0,305.01,0.0,915.03,915.03,True,Electronics
500795,4,P056,1.0,232.6,10.0,232.6,209.34,True,Electronics
500795,5,P033,2.0,176.45,10.0,352.9,317.61,True,Sports
500796,1,P046,5.0,37.67,0.0,188.35000000000002,188.35000000000002,True,Electronics
500796,2,P004,1.0,322.39,0.0,322.39,322.39,True,Beauty
500796,3,P056,1.0,241.95,15.0,241.95,205.6575,True,Electronics
500796,4,P024,3.0,535.08,20.0,1605.2400000000002,1284.1920000000002,True,Sports
500797,1,P046,4.0,48.48,20.0,193.92,155.136,True,Electronics
500798,1,P017,5.0,85.32,0.0,426.59999999999997,426.59999999999997,True,Beauty
500798,2,P003,1.0,379.83,20.0,379.83,303.864,True,Home
500798,3,P047,1.0,364.91,0.0,364.91,364.91,True,Home
500798,4,P046,4.0,44.72,10.0,178.88,160.992,True,Electronics
500799,1,P031,2.0,46.4,15.0,92.8,78.88,True,Electronics
500799,2,P002,1.0,424.1,20.0,424.1,339.28000000000003,True,Books
500800,1,P031,1.0,42.71,0.0,42.71,42.71,True,Electronics
500800,2,P029,1.0,48.54,0.0,48.54,48.54,True,Grocery
500800,3,P027,1.0,158.69,0.0,158.69,158.69,True,Grocery
500800,4,P021,3.0,162.91,5.0,488.73,464.2935,True,Sports
500800,5,P009,1.0,671.92,0.0,671.92,671.92,True,Sports
500800,6,P020,1.0,422.09,20.0,422.09,337.672,True,Home
500801,1,P017,3.0,98.25,15.0,294.75,250.5375,True,Beauty
500801,3,P024,2.0,573.71,15.0,1147.42,975.307,True,Sports
500801,4,P017,4.0,94.96,0.0,379.84,379.84,True,Beauty
500801,5,P048,1.0,663.38,15.0,663.38,563.8729999999999,True,Beauty
500801,6,P020,5.0,360.7,0.0,1803.5,1803.5,True,Home
500802,1,P036,4.0,365.33,10.0,1461.32,1315.1879999999999,True,Electronics
500802,2,P048,1.0,550.33,0.0,550.33,550.33,True,Beauty
500803,1,P007,1.0,405.45,5.0,405.45,385.17749999999995,True,Grocery
500803,2,P025,1.0,119.11,0.0,119.11,119.11,True,Books
500804,1,P017,1.0,86.72,5.0,86.72,82.384,True,Beauty
500804,2,P023,1.0,65.87,10.0,65.87,59.28300000000001,True,Books
500804,3,P008,1.0,336.6,0.0,336.6,336.6,True,Electronics
500805,1,P051,1.0,147.56,15.0,147.56,125.426,True,Electronics
500805,2,P049,3.0,125.14,20.0,375.42,300.336,True,Electronics
500805,3,P037,3.0,369.29,5.0,1107.8700000000001,1052.4765,True,Home
500805,4,P020,4.0,341.13,15.0,1364.52,1159.8419999999999,True,Home
500805,5,P029,1.0,51.02,10.0,51.02,45.918000000000006,True,Grocery
500805,6,P017,1.0,83.71,5.0,83.71,79.52449999999999,True,Beauty
500806,1,P049,3.0,133.49,0.0,400.47,400.47,True,Electronics
500806,2,P033,1.0,141.36,15.0,141.36,120.156,True,Sports
500806,3,P022,1.0,62.44,15.0,62.44,53.074,True,Books
500806,4,P018,2.0,73.77,10.0,147.54,132.786,True,Sports
500807,1,P059,2.0,650.18,15.0,1300.36,1105.3059999999998,True,Grocery
500807,2,P036,2.0,382.71,5.0,765.42,727.1489999999999,True,Electronics
500807,3,P054,1.0,295.33,10.0,295.33,265.79699999999997,True,Home
500807,4,P024,5.0,614.69,0.0,3073.4500000000003,3073.4500000000003,True,Sports
500808,1,P017,4.0,98.13,5.0,392.52,372.89399999999995,True,Beauty
500808,2,P023,3.0,68.09,20.0,204.27,163.41600000000003,True,Books
500808,3,P013,2.0,269.86,20.0,539.72,431.77600000000007,True,Beauty
500809,1,P059,1.0,643.18,0.0,643.18,643.18,True,Grocery
500810,1,P049,2.0,116.09,15.0,232.18,197.353,True,Electronics
500811,1,P002,1.0,376.07,20.0,376.07,300.856,True,Books
500812,1,P034,1.0,348.91,5.0,348.91,331.4645,True,Electronics
500812,2,P019,3.0,471.43,0.0,1414.29,1414.29,True,Electronics
500812,3,P058,1.0,593.5,15.0,593.5,504.47499999999997,True,Sports
500812,4,P037,5.0,323.29,5.0,1616.45,1535.6275,True,Home
500813,1,P038,4.0,184.92,15.0,739.68,628.728,True,Sports
500813,2,P044,1.0,451.38,15.0,451.38,383.673,True,Electronics
500813,3,P060,3.0,163.44,0.0,490.32,490.32,True,Books
500813,4,P050,3.0,444.56,0.0,1333.68,1333.68,True,Grocery
500814,1,P026,2.0,238.26,0.0,476.52,476.52,True,Beauty
500814,2,P008,1.0,313.85,0.0,313.85,313.85,True,Electronics
500814,3,P041,1.0,604.64,15.0,604.64,513.944,True,Home
500814,4,P045,1.0,304.47,0.0,304.47,304.47,True,Grocery
500815,1,P046,2.0,37.71,15.0,75.42,64.107,True,Electronics
500815,2,P033,5.0,172.3,10.0,861.5,775.35,True,Sports
500815,3,P029,2.0,46.45,0.0,92.9,92.9,True,Grocery
500816,1,P031,2.0,41.92,0.0,83.84,83.84,True,Electronics
500816,2,P030,1.0,321.96,0.0,321.96,321.96,True,Electronics
500817,1,P036,1.0,423.56,10.0,423.56,381.204,True,Electronics
500817,2,P008,5.0,282.02,0.0,1410.1,1410.1,True,Electronics
500818,1,P028,1.0,266.05,20.0,266.05,212.84000000000003,True,Electronics
500819,1,P053,4.0,74.16,0.0,296.64,296.64,True,Grocery
500819,2,P052,3.0,325.66,20.0,976.98,781.5840000000001,True,Sports
500819,3,P036,5.0,465.88,0.0,2329.4,2329.4,True,Electronics
500819,4,P057,3.0,484.63,10.0,1453.8899999999999,1308.501,True,Grocery
500820,1,P036,2.0,362.96,10.0,725.92,653.328,True,Electronics
500820,2,P024,2.0,521.46,0.0,1042.92,1042.92,True,Sports
500820,3,P038,1.0,203.24,0.0,203.24,203.24,True,Sports
500821,1,P032,1.0,447.04,0.0,447.04,447.04,True,Grocery
500821,2,P059,2.0,518.26,0.0,1036.52,1036.52,True,Grocery
500821,3,P012,2.0,239.69,0.0,479.38,479.38,True,Beauty
500821,4,P004,1.0,398.13,0.0,398.13,398.13,True,Beauty
500821,5,P042,5.0,410.76,0.0,2053.8,2053.8,True,Beauty
500822,1,P054,1.0,299.59,0.0,299.59,299.59,True,Home
500822,2,P032,3.0,549.24,5.0,1647.72,1565.334,True,Grocery
500823,1,P046,2.0,41.62,0.0,83.24,83.24,True,Electronics
500823,2,P053,2.0,60.31,0.0,120.62,120.62,True,Grocery
500823,3,P039,1.0,236.93,0.0,236.93,236.93,True,Beauty
500823,4,P013,2.0,284.38,5.0,568.76,540.322,True,Beauty
500823,5,P047,1.0,373.8,20.0,373.8,299.04,True,Home
500824,1,P042,3.0,395.8,5.0,1187.4,1128.03,True,Beauty
500824,2,P034,2.0,381.74,0.0,763.48,763.48,True,Electronics
500825,1,P002,3.0,467.33,5.0,1401.99,1331.8905,True,Books
500825,2,P027,1.0,170.86,10.0,170.86,153.77400000000003,True,Grocery
500825,3,P048,2.0,660.17,10.0,1320.34,1188.306,True,Beauty
500825,4,P059,5.0,597.08,5.0,2985.4,2836.13,True,Grocery
500826,1,P006,2.0,237.09,10.0,474.18,426.762,True,Sports
500826,2,P054,1.0,317.21,20.0,317.21,253.768,True,Home
500826,3,P032,3.0,596.29,15.0,1788.87,1520.5394999999999,True,Grocery
500826,4,P017,2.0,94.24,15.0,188.48,160.208,True,Beauty
500826,5,P038,5.0,221.17,0.0,1105.85,1105.85,True,Sports
500826,6,P017,2.0,100.05,15.0,200.1,170.08499999999998,True,Beauty
500827,1,P042,1.0,440.75,0.0,440.75,440.75,True,Beauty
500827,2,P042,2.0,464.44,5.0,928.88,882.4359999999999,True,Beauty
500827,3,P032,1.0,593.16,5.0,593.16,563.502,True,Grocery
500827,4,P023,4.0,64.32,10.0,257.28,231.552,True,Books
500828,1,P002,1.0,403.98,0.0,403.98,403.98,True,Books
500828,2,P031,1.0,46.21,0.0,46.21,46.21,True,Electronics
500828,3,P047,4.0,421.72,15.0,1686.88,1433.848,True,Home
500828,4,P043,1.0,369.67,10.0,369.67,332.70300000000003,True,Beauty
500828,5,P022,1.0,61.16,10.0,61.16,55.044,True,Books
500829,1,P038,1.0,218.78,15.0,218.78,185.963,True,Sports
500829,2,P039,1.0,229.87,0.0,229.87,229.87,True,Beauty
500829,3,P002,3.0,438.25,0.0,1314.75,1314.75,True,Books
500829,4,P032,1.0,483.03,15.0,483.03,410.5755,True,Grocery
500829,5,P032,1.0,475.91,20.0,475.91,380.72800000000007,True,Grocery
500830,1,P028,5.0,267.12,0.0,1335.6,1335.6,True,Electronics
500830,2,P048,3.0,587.11,20.0,1761.33,1409.064,True,Beauty
500830,3,P049,1.0,105.67,10.0,105.67,95.10300000000001,True,Electronics
500830,4,P034,4.0,317.02,10.0,1268.08,1141.272,True,Electronics
500831,1,P039,5.0,203.93,0.0,1019.6500000000001,1019.6500000000001,True,Beauty
500832,1,P011,2.0,520.81,0.0,1041.62,1041.62,True,Beauty
500832,2,P020,3.0,360.12,0.0,1080.3600000000001,1080.3600000000001,True,Home
500832,3,P055,1.0,426.39,0.0,426.39,426.39,True,Beauty
500833,1,P021,1.0,178.26,5.0,178.26,169.34699999999998,True,Sports
500833,2,P060,2.0,149.9,0.0,299.8,299.8,True,Books
500833,3,P025,5.0,114.13,0.0,570.65,570.65,True,Books
500834,1,P041,1.0,563.63,15.0,563.63,479.08549999999997,True,Home
500834,2,P057,4.0,380.88,15.0,1523.52,1294.992,True,Grocery
500835,1,P028,2.0,266.59,0.0,533.18,533.18,True,Electronics
500835,2,P015,1.0,502.55,0.0,502.55,502.55,True,Books
500835,3,P019,5.0,438.9,15.0,2194.5,1865.325,True,Electronics
500836,1,P043,2.0,317.69,0.0,635.38,635.38,True,Beauty
500837,1,P010,1.0,106.62,20.0,106.62,85.296,True,Electronics
500837,2,P059,2.0,538.55,0.0,1077.1,1077.1,True,Grocery
500837,3,P046,2.0,46.54,0.0,93.08,93.08,True,Electronics
500837,4,P005,5.0,175.53,20.0,877.65,702.12,True,Electronics
500838,1,P056,1.0,224.99,0.0,224.99,224.99,True,Electronics
500838,2,P054,1.0,264.66,0.0,264.66,264.66,True,Home
500838,3,P011,5.0,466.19,10.0,2330.95,2097.855,True,Beauty
500838,4,P026,4.0,189.0,20.0,756.0,604.8000000000001,True,Beauty
500838,5,P028,1.0,210.7,10.0,210.7,189.63,True,Electronics
500838,6,P027,4.0,147.99,15.0,591.96,503.166,True,Grocery
500839,1,P027,5.0,160.29,0.0,801.4499999999999,801.4499999999999,True,Grocery
500839,2,P051,4.0,116.88,5.0,467.52,444.14399999999995,True,Electronics
500840,1,P020,2.0,364.34,10.0,728.68,655.812,True,Home
500841,1,P017,1.0,92.54,15.0,92.54,78.659,True,Beauty
500841,2,P023,1.0,58.03,20.0,58.03,46.42400000000001,True,Books
500841,3,P025,2.0,130.8,0.0,261.6,261.6,True,Books
500841,4,P048,3.0,663.38,0.0,1990.1399999999999,1990.1399999999999,True,Beauty
500841,5,P060,1.0,140.35,20.0,140.35,112.28,True,Books
500842,1,P049,2.0,116.35,0.0,232.7,232.7,True,Electronics
500842,2,P024,4.0,614.18,20.0,2456.72,1965.376,True,Sports
500842,3,P013,4.0,251.55,0.0,1006.2,1006.2,True,Beauty
500843,1,P035,1.0,652.46,15.0,652.46,554.591,True,Grocery
500843,2,P045,1.0,331.17,0.0,331.17,331.17,True,Grocery
500843,3,P034,1.0,337.91,15.0,337.91,287.2235,True,Electronics
500843,4,P017,1.0,100.34,0.0,100.34,100.34,True,Beauty
500843,5,P021,3.0,185.42,0.0,556.26,556.26,True,Sports
500843,6,P032,2.0,534.44,0.0,1068.88,1068.88,True,Grocery
500844,1,P051,2.0,124.61,0.0,249.22,249.22,True,Electronics
500844,2,P005,3.0,161.45,20.0,484.34999999999997,387.48,True,Electronics
500844,3,P006,5.0,231.01,0.0,1155.05,1155.05,True,Sports
500845,1,P011,1.0,450.14,0.0,450.14,450.14,True,Beauty
500845,2,P009,3.0,630.49,10.0,1891.47,1702.323,True,Sports
500846,1,P021,2.0,208.96,15.0,417.92,355.232,True,Sports
500846,2,P008,4.0,332.77,5.0,1331.08,1264.5259999999998,True,Electronics
500846,3,P001,2.0,20.64,0.0,41.28,41.28,True,Grocery
500846,4,P038,2.0,237.09,5.0,474.18,450.471,True,Sports
500846,5,P058,1.0,510.25,15.0,510.25,433.7125,True,Sports
500847,1,P009,1.0,569.53,0.0,569.53,569.53,True,Sports
500847,2,P052,4.0,385.67,0.0,1542.68,1542.68,True,Sports
500847,3,P037,1.0,300.03,15.0,300.03,255.02549999999997,True,Home
500847,4,P053,2.0,77.26,5.0,154.52,146.794,True,Grocery
500848,1,P051,2.0,136.2,0.0,272.4,272.4,True,Electronics
500848,2,P033,1.0,148.67,0.0,148.67,148.67,True,Sports
500849,1,P007,2.0,446.14,0.0,892.28,892.28,True,Grocery
500849,2,P002,5.0,473.94,0.0,2369.7,2369.7,True,Books
500849,3,P015,1.0,477.27,0.0,477.27,477.27,True,Books
500849,4,P008,1.0,371.07,0.0,371.07,371.07,True,Electronics
500849,5,P054,3.0,295.29,5.0,885.8700000000001,841.5765000000001,True,Home
500850,1,P023,5.0,64.17,15.0,320.85,272.7225,True,Books
500850,2,P004,1.0,390.29,10.0,390.29,351.261,True,Beauty
500851,1,P049,1.0,134.12,0.0,134.12,134.12,True,Electronics
500851,2,P017,1.0,87.06,0.0,87.06,87.06,True,Beauty
500851,3,P025,1.0,139.92,15.0,139.92,118.93199999999999,True,Books
500851,4,P024,4.0,600.66,15.0,2402.64,2042.244,True,Sports
500851,5,P022,4.0,61.74,0.0,246.96,246.96,True,Books
500851,6,P013,2.0,252.91,15.0,505.82,429.947,True,Beauty
500852,1,P036,2.0,454.7,0.0,909.4,909.4,True,Electronics
500852,2,P026,1.0,220.26,10.0,220.26,198.234,True,Beauty
500853,1,P005,2.0,156.58,15.0,313.16,266.18600000000004,True,Electronics
500854,1,P052,2.0,339.03,10.0,678.06,610.254,True,Sports
500854,2,P015,1.0,483.12,0.0,483.12,483.12,True,Books
500854,3,P017,1.0,92.9,20.0,92.9,74.32000000000001,True,Beauty
500854,4,P051,1.0,127.52,0.0,127.52,127.52,True,Electronics
500854,5,P045,1.0,325.13,0.0,325.13,325.13,True,Grocery
500854,6,P058,4.0,562.64,5.0,2250.56,2138.0319999999997,True,Sports
500855,1,P048,4.0,606.53,0.0,2426.12,2426.12,True,Beauty
500856,1,P053,3.0,64.26,0.0,192.78000000000003,192.78000000000003,True,Grocery
500856,2,P051,1.0,139.81,15.0,139.81,118.8385,True,Electronics
500856,3,P040,3.0,393.79,10.0,1181.3700000000001,1063.2330000000002,True,Electronics
500856,4,P037,1.0,388.93,15.0,388.93,330.5905,True,Home
500856,5,P026,2.0,221.02,20.0,442.04,353.63200000000006,True,Beauty
500856,6,P058,2.0,551.54,20.0,1103.08,882.4639999999999,True,Sports
500857,1,P038,1.0,245.0,0.0,245.0,245.0,True,Sports
500857,2,P002,2.0,445.16,15.0,890.32,756.772,True,Books
500857,3,P040,5.0,478.37,20.0,2391.85,1913.48,True,Electronics
500857,4,P037,2.0,377.05,5.0,754.1,716.395,True,Home
500857,5,P054,2.0,331.25,5.0,662.5,629.375,True,Home
500858,1,P033,5.0,155.86,0.0,779.3000000000001,779.3000000000001,True,Sports
500858,2,P043,4.0,355.52,0.0,1422.08,1422.08,True,Beauty
500859,1,P020,2.0,388.39,15.0,776.78,660.2629999999999,True,Home
500859,2,P039,1.0,196.67,20.0,196.67,157.336,True,Beauty
500859,3,P023,1.0,58.72,20.0,58.72,46.976,True,Books
500859,4,P041,4.0,726.58,15.0,2906.32,2470.3720000000003,True,Home
500859,5,P044,1.0,439.64,15.0,439.64,373.69399999999996,True,Electronics
500860,1,P021,1.0,155.25,5.0,155.25,147.48749999999998,True,Sports
500860,2,P024,2.0,633.53,0.0,1267.06,1267.06,True,Sports
500860,3,P021,2.0,170.24,0.0,340.48,340.48,True,Sports
500860,4,P026,2.0,196.56,20.0,393.12,314.49600000000004,True,Beauty
500860,5,P051,1.0,114.67,15.0,114.67,97.4695,True,Electronics
500860,6,P057,2.0,490.81,0.0,981.62,981.62,True,Grocery
500861,1,P057,2.0,489.53,0.0,979.06,979.06,True,Grocery
500861,2,P026,4.0,243.7,0.0,974.8,974.8,True,Beauty
500861,3,P001,5.0,21.86,15.0,109.3,92.905,True,Grocery
500862,1,P001,2.0,19.12,0.0,38.24,38.24,True,Grocery
500862,2,P015,1.0,447.03,10.0,447.03,402.327,True,Books
500862,3,P024,2.0,525.45,0.0,1050.9,1050.9,True,Sports
500863,1,P002,1.0,451.19,10.0,451.19,406.071,True,Books
500864,1,P017,3.0,100.53,5.0,301.59000000000003,286.51050000000004,True,Beauty
500864,2,P012,1.0,272.45,0.0,272.45,272.45,True,Beauty
500864,3,P024,4.0,641.7,20.0,2566.8,2053.44,True,Sports
500865,1,P049,4.0,126.92,0.0,507.68,507.68,True,Electronics
500865,2,P030,1.0,327.34,0.0,327.34,327.34,True,Electronics
500865,3,P012,1.0,257.32,0.0,257.32,257.32,True,Beauty
500865,4,P049,2.0,100.48,5.0,200.96,190.912,True,Electronics
500866,1,P026,2.0,194.47,0.0,388.94,388.94,True,Beauty
500866,2,P033,1.0,154.88,10.0,154.88,139.392,True,Sports
500866,3,P026,1.0,242.33,0.0,242.33,242.33,True,Beauty
500867,1,P025,3.0,114.59,0.0,343.77,343.77,True,Books
500867,2,P044,2.0,434.2,5.0,868.4,824.9799999999999,True,Electronics
500868,1,P004,1.0,305.86,20.0,305.86,244.68800000000002,True,Beauty
500868,2,P043,1.0,343.9,10.0,343.9,309.51,True,Beauty
500868,3,P009,3.0,579.05,10.0,1737.1499999999999,1563.435,True,Sports
500869,1,P054,2.0,331.71,20.0,663.42,530.736,True,Home
500869,2,P056,1.0,221.34,15.0,221.34,188.139,True,Electronics
500869,3,P052,2.0,299.06,5.0,598.12,568.2139999999999,True,Sports
500869,4,P030,2.0,319.67,20.0,639.34,511.47200000000004,True,Electronics
500870,1,P040,3.0,436.33,15.0,1308.99,1112.6415,True,Electronics
500870,2,P013,1.0,266.2,10.0,266.2,239.57999999999998,True,Beauty
500870,3,P018,1.0,76.66,0.0,76.66,76.66,True,Sports
500871,1,P033,4.0,160.94,0.0,643.76,643.76,True,Sports
500871,2,P050,4.0,473.0,15.0,1892.0,1608.2,True,Grocery
500871,3,P037,1.0,322.09,0.0,322.09,322.09,True,Home
500871,4,P038,3.0,215.57,0.0,646.71,646.71,True,Sports
500871,5,P001,3.0,18.85,0.0,56.550000000000004,56.550000000000004,True,Grocery
500872,1,P043,2.0,388.35,0.0,776.7,776.7,True,Beauty
500872,2,P001,2.0,18.79,10.0,37.58,33.822,True,Grocery
500872,3,P044,1.0,539.02,15.0,539.02,458.167,True,Electronics
500872,4,P057,4.0,489.23,20.0,1956.92,1565.536,True,Grocery
500872,5,P009,4.0,605.56,20.0,2422.24,1937.792,True,Sports
500873,1,P999,2.0,81.65,10.0,163.3,146.97000000000003,False,
500873,2,P010,4.0,102.11,15.0,408.44,347.174,True,Electronics
500873,3,P026,2.0,239.63,0.0,479.26,479.26,True,Beauty
500873,4,P025,3.0,124.27,20.0,372.81,298.248,True,Books
500874,1,P005,1.0,162.72,0.0,162.72,162.72,True,Electronics
500874,2,P015,2.0,400.58,0.0,801.16,801.16,True,Books
500874,3,P043,2.0,395.7,10.0,791.4,712.26,True,Beauty
500874,4,P010,2.0,98.51,15.0,197.02,167.467,True,Electronics
500875,1,P008,2.0,327.81,20.0,655.62,524.496,True,Electronics
500875,2,P037,3.0,332.28,20.0,996.8399999999999,797.472,True,Home
500875,3,P008,3.0,351.62,15.0,1054.8600000000001,896.6310000000001,True,Electronics
500876,1,P051,4.0,117.73,15.0,470.92,400.282,True,Electronics
500876,2,P004,1.0,349.51,0.0,349.51,349.51,True,Beauty
500877,1,P026,2.0,181.61,0.0,363.22,363.22,True,Beauty
500877,2,P044,5.0,510.24,15.0,2551.2,2168.52,True,Electronics
500877,3,P051,2.0,134.79,5.0,269.58,256.101,True,Electronics
500877,4,P038,1.0,186.87,20.0,186.87,149.496,True,Sports
500877,5,P011,1.0,439.11,20.0,439.11,351.288,True,Beauty
500877,6,P052,1.0,308.23,10.0,308.23,277.40700000000004,True,Sports
500878,1,P003,3.0,395.7,0.0,1187.1,1187.1,True,Home
500878,2,P021,4.0,193.5,5.0,774.0,735.3,True,Sports
500878,3,P057,2.0,424.39,10.0,848.78,763.902,True,Grocery
500878,4,P008,2.0,312.62,5.0,625.24,593.978,True,Electronics
500879,1,P050,1.0,398.27,0.0,398.27,398.27,True,Grocery
500879,2,P001,3.0,19.89,0.0,59.67,59.67,True,Grocery
500879,3,P044,4.0,474.9,0.0,1899.6,1899.6,True,Electronics
500880,1,P015,1.0,398.99,20.0,398.99,319.192,True,Books
500880,2,P047,5.0,399.35,0.0,1996.75,1996.75,True,Home
500880,3,P006,2.0,260.62,5.0,521.24,495.178,True,Sports
500880,4,P008,1.0,338.29,5.0,338.29,321.3755,True,Electronics
500880,5,P040,5.0,460.43,0.0,2302.15,2302.15,True,Electronics
500880,6,P022,5.0,64.01,20.0,320.05,256.04,True,Books
500881,1,P037,3.0,383.87,0.0,1151.6100000000001,1151.6100000000001,True,Home
500881,2,P041,1.0,552.68,20.0,552.68,442.144,True,Home
500881,3,P056,4.0,227.27,20.0,909.08,727.2640000000001,True,Electronics
500881,4,P035,4.0,554.6,10.0,2218.4,1996.5600000000002,True,Grocery
500882,1,P057,3.0,497.04,5.0,1491.1200000000001,1416.564,True,Grocery
500882,2,P056,3.0,231.02,0.0,693.0600000000001,693.0600000000001,True,Electronics
500883,1,P023,2.0,57.08,15.0,114.16,97.036,True,Books
500884,1,P027,1.0,159.99,20.0,159.99,127.99200000000002,True,Grocery
500885,1,P015,1.0,384.22,5.0,384.22,365.009,True,Books
500885,2,P051,3.0,122.21,10.0,366.63,329.967,True,Electronics
500885,3,P042,1.0,380.62,0.0,380.62,380.62,True,Beauty
500885,4,P008,1.0,320.64,0.0,320.64,320.64,True,Electronics
500885,5,P056,3.0,245.54,0.0,736.62,736.62,True,Electronics
500886,1,P999,1.0,443.68,15.0,443.68,377.128,False,
500886,2,P014,1.0,412.5,0.0,412.5,412.5,True,Books
500886,3,P002,1.0,448.11,0.0,448.11,448.11,True,Books
500886,4,P032,4.0,450.57,0.0,1802.28,1802.28,True,Grocery
500886,5,P048,5.0,659.77,20.0,3298.85,2639.08,True,Beauty
500886,6,P038,4.0,224.91,15.0,899.64,764.694,True,Sports
500887,1,P001,1.0,22.37,5.0,22.37,21.2515,True,Grocery
500888,1,P009,4.0,616.0,0.0,2464.0,2464.0,True,Sports
500888,2,P055,2.0,537.85,10.0,1075.7,968.1300000000001,True,Beauty
500888,3,P006,1.0,252.25,0.0,252.25,252.25,True,Sports
500889,1,P056,2.0,238.9,0.0,477.8,477.8,True,Electronics
500889,2,P035,1.0,555.99,20.0,555.99,444.79200000000003,True,Grocery
500889,3,P045,3.0,321.9,0.0,965.6999999999999,965.6999999999999,True,Grocery
500889,4,P019,1.0,431.85,0.0,431.85,431.85,True,Electronics
500890,1,P017,4.0,100.95,0.0,403.8,403.8,True,Beauty
500891,1,P039,3.0,217.7,0.0,653.0999999999999,653.0999999999999,True,Beauty
500891,2,P024,1.0,595.38,0.0,595.38,595.38,True,Sports
500892,1,P058,5.0,448.02,5.0,2240.1,2128.095,True,Sports
500892,2,P060,1.0,160.15,10.0,160.15,144.13500000000002,True,Books
500892,3,P016,4.0,629.5,5.0,2518.0,2392.1,True,Grocery
500892,4,P045,1.0,303.53,15.0,303.53,258.0005,True,Grocery
500892,5,P028,1.0,233.39,0.0,233.39,233.39,True,Electronics
500892,6,P041,3.0,659.14,0.0,1977.42,1977.42,True,Home
500893,1,P057,4.0,371.65,10.0,1486.6,1337.94,True,Grocery
500893,2,P002,4.0,408.5,15.0,1634.0,1388.8999999999999,True,Books
500893,3,P017,1.0,78.4,5.0,78.4,74.48,True,Beauty
500893,4,P030,4.0,376.5,0.0,1506.0,1506.0,True,Electronics
500894,1,P055,2.0,543.78,0.0,1087.56,1087.56,True,Beauty
500895,1,P017,1.0,100.36,5.0,100.36,95.342,True,Beauty
500896,1,P012,1.0,228.35,20.0,228.35,182.68,True,Beauty
500896,2,P016,4.0,624.16,0.0,2496.64,2496.64,True,Grocery
500896,3,P037,2.0,387.61,0.0,775.22,775.22,True,Home
500896,4,P016,4.0,656.97,5.0,2627.88,2496.486,True,Grocery
500897,1,P041,4.0,695.57,0.0,2782.28,2782.28,True,Home
500897,2,P036,1.0,471.85,15.0,471.85,401.0725,True,Electronics
500897,3,P035,5.0,526.17,0.0,2630.85,2630.85,True,Grocery
500898,1,P002,4.0,415.08,5.0,1660.32,1577.3039999999999,True,Books
500898,2,P002,5.0,434.34,0.0,2171.7,2171.7,True,Books
500898,3,P010,3.0,100.96,5.0,302.88,287.736,True,Electronics
500899,1,P016,3.0,732.63,0.0,2197.89,2197.89,True,Grocery
500899,2,P032,5.0,504.83,0.0,2524.15,2524.15,True,Grocery
500899,3,P023,2.0,62.53,5.0,125.06,118.807,True,Books
500900,1,P004,2.0,330.13,0.0,660.26,660.26,True,Beauty
500900,2,P049,1.0,120.8,20.0,120.8,96.64,True,Electronics
500901,1,P017,2.0,79.26,0.0,158.52,158.52,True,Beauty
500901,2,P034,3.0,316.23,0.0,948.69,948.69,True,Electronics
500901,3,P050,4.0,472.6,0.0,1890.4,1890.4,True,Grocery
500901,4,P048,2.0,688.34,5.0,1376.68,1307.846,True,Beauty
500901,5,P012,2.0,237.78,10.0,475.56,428.004,True,Beauty
500901,6,P042,1.0,462.91,0.0,462.91,462.91,True,Beauty
500902,1,P054,2.0,303.07,15.0,606.14,515.2189999999999,True,Home
500902,2,P030,2.0,363.24,0.0,726.48,726.48,True,Electronics
500903,1,P034,1.0,398.58,20.0,398.58,318.86400000000003,True,Electronics
500903,2,P036,2.0,390.72,0.0,781.44,781.44,True,Electronics
500903,3,P030,5.0,333.81,15.0,1669.05,1418.6924999999999,True,Electronics
500903,4,P035,2.0,551.04,20.0,1102.08,881.664,True,Grocery
500904,1,P060,2.0,171.09,15.0,342.18,290.853,True,Books
500904,2,P031,3.0,42.01,0.0,126.03,126.03,True,Electronics
500905,1,P022,2.0,62.99,10.0,125.98,113.382,True,Books
500905,2,P009,1.0,634.56,0.0,634.56,634.56,True,Sports
500905,3,P060,2.0,141.49,10.0,282.98,254.68200000000002,True,Books
500905,4,P020,2.0,344.11,20.0,688.22,550.576,True,Home
500906,1,P050,4.0,504.74,0.0,2018.96,2018.96,True,Grocery
500906,2,P002,2.0,470.5,20.0,941.0,752.8000000000001,True,Books
500907,1,P011,1.0,499.95,5.0,499.95,474.9525,True,Beauty
500908,1,P009,3.0,663.7,0.0,1991.1000000000001,1991.1000000000001,True,Sports
500908,2,P059,1.0,598.21,20.0,598.21,478.56800000000004,True,Grocery
500908,3,P053,2.0,70.06,10.0,140.12,126.108,True,Grocery
500908,4,P045,1.0,341.61,10.0,341.61,307.449,True,Grocery
500908,5,P038,1.0,214.58,15.0,214.58,182.393,True,Sports
500909,1,P005,1.0,155.88,0.0,155.88,155.88,True,Electronics
500909,2,P017,1.0,94.65,0.0,94.65,94.65,True,Beauty
500909,3,P022,1.0,62.23,5.0,62.23,59.1185,True,Books
500909,4,P039,1.0,229.6,0.0,229.6,229.6,True,Beauty
500909,5,P041,2.0,655.76,20.0,1311.52,1049.2160000000001,True,Home
500909,6,P048,1.0,650.34,0.0,650.34,650.34,True,Beauty
500910,1,P046,1.0,42.94,20.0,42.94,34.352,True,Electronics
500910,2,P036,1.0,424.62,5.0,424.62,403.389,True,Electronics
500910,3,P057,3.0,445.38,20.0,1336.1399999999999,1068.912,True,Grocery
500910,4,P043,2.0,377.15,0.0,754.3,754.3,True,Beauty
500911,1,P060,2.0,160.26,5.0,320.52,304.49399999999997,True,Books
500912,1,P024,4.0,519.52,20.0,2078.08,1662.464,True,Sports
500912,2,P010,4.0,80.32,0.0,321.28,321.28,True,Electronics
500912,3,P058,3.0,524.41,0.0,1573.23,1573.23,True,Sports
500912,4,P030,1.0,373.24,5.0,373.24,354.578,True,Electronics
500912,5,P029,3.0,55.49,10.0,166.47,149.823,True,Grocery
500913,1,P028,1.0,237.61,15.0,237.61,201.9685,True,Electronics
500913,2,P048,1.0,626.01,0.0,626.01,626.01,True,Beauty
500913,3,P033,3.0,167.75,5.0,503.25,478.0875,True,Sports
500914,1,P054,5.0,296.14,0.0,1480.6999999999998,1480.6999999999998,True,Home
500915,1,P049,5.0,104.63,5.0,523.15,496.99249999999995,True,Electronics
500915,2,P054,2.0,258.1,5.0,516.2,490.39000000000004,True,Home
500915,3,P016,5.0,697.19,20.0,3485.9500000000003,2788.76,True,Grocery
500915,4,P021,2.0,204.08,20.0,408.16,326.528,True,Sports
500915,5,P012,2.0,297.6,0.0,595.2,595.2,True,Beauty
500915,6,P060,4.0,173.75,0.0,695.0,695.0,True,Books
500916,1,P035,4.0,502.83,20.0,2011.32,1609.056,True,Grocery
500917,1,P009,2.0,709.63,10.0,1419.26,1277.334,True,Sports
500917,2,P002,1.0,449.87,15.0,449.87,382.3895,True,Books
500917,3,P003,3.0,417.83,15.0,1253.49,1065.4665,True,Home
500917,4,P058,5.0,577.87,0.0,2889.35,2889.35,True,Sports
500918,1,P017,5.0,99.79,0.0,498.95000000000005,498.95000000000005,True,Beauty
500918,2,P035,1.0,657.5,0.0,657.5,657.5,True,Grocery
500918,3,P001,1.0,17.42,0.0,17.42,17.42,True,Grocery
500918,4,P049,4.0,110.44,20.0,441.76,353.408,True,Electronics
500918,5,P058,1.0,488.87,15.0,488.87,415.5395,True,Sports
500918,6,P024,1.0,563.04,20.0,563.04,450.432,True,Sports
500919,1,P056,1.0,244.1,20.0,244.1,195.28,True,Electronics
500920,1,P019,2.0,403.63,0.0,807.26,807.26,True,Electronics
500920,2,P039,1.0,221.17,5.0,221.17,210.11149999999998,True,Beauty
500920,3,P023,2.0,52.86,0.0,105.72,105.72,True,Books
500920,4,P039,4.0,201.81,20.0,807.24,645.792,True,Beauty
500920,5,P048,4.0,623.43,20.0,2493.72,1994.9759999999999,True,Beauty
500921,1,P020,1.0,382.53,10.0,382.53,344.277,True,Home
500921,2,P029,2.0,56.84,15.0,113.68,96.628,True,Grocery
500921,3,P043,1.0,337.85,5.0,337.85,320.9575,True,Beauty
500922,2,P047,3.0,350.87,5.0,1052.6100000000001,999.9795,True,Home
500923,1,P008,1.0,337.05,10.0,337.05,303.345,True,Electronics
500923,2,P047,2.0,331.29,10.0,662.58,596.322,True,Home
500923,3,P034,5.0,362.43,10.0,1812.15,1630.9350000000002,True,Electronics
500924,1,P050,1.0,513.03,10.0,513.03,461.727,True,Grocery
500924,2,P025,1.0,111.84,10.0,111.84,100.656,True,Books
500925,1,P012,5.0,241.84,0.0,1209.2,1209.2,True,Beauty
500925,2,P036,1.0,370.17,20.0,370.17,296.136,True,Electronics
500925,3,P024,2.0,661.62,15.0,1323.24,1124.754,True,Sports
500925,4,P032,1.0,546.5,0.0,546.5,546.5,True,Grocery
500925,5,P027,4.0,161.82,0.0,647.28,647.28,True,Grocery
500926,1,P018,5.0,64.94,0.0,324.7,324.7,True,Sports
500926,2,P044,1.0,413.86,0.0,413.86,413.86,True,Electronics
500927,1,P002,4.0,416.24,5.0,1664.96,1581.712,True,Books
500927,2,P035,1.0,529.22,0.0,529.22,529.22,True,Grocery
500927,3,P017,1.0,97.7,0.0,97.7,97.7,True,Beauty
500927,4,P009,2.0,686.28,5.0,1372.56,1303.9319999999998,True,Sports
500927,5,P036,3.0,407.64,5.0,1222.92,1161.7740000000001,True,Electronics
500927,6,P022,1.0,50.94,0.0,50.94,50.94,True,Books
500928,1,P041,2.0,674.07,5.0,1348.14,1280.733,True,Home
500928,2,P021,4.0,169.44,0.0,677.76,677.76,True,Sports
500928,3,P055,2.0,489.86,15.0,979.72,832.7620000000001,True,Beauty
500928,4,P047,3.0,321.27,10.0,963.81,867.429,True,Home
500928,5,P058,3.0,548.87,20.0,1646.6100000000001,1317.2880000000002,True,Sports
500928,6,P007,4.0,382.44,0.0,1529.76,1529.76,True,Grocery
500929,1,P044,5.0,436.86,5.0,2184.3,2075.085,True,Electronics
500929,2,P060,5.0,160.55,0.0,802.75,802.75,True,Books
500930,1,P003,2.0,356.78,0.0,713.56,713.56,True,Home
500930,2,P006,1.0,237.4,20.0,237.4,189.92000000000002,True,Sports
500930,3,P032,3.0,458.6,15.0,1375.8000000000002,1169.43,True,Grocery
500930,4,P002,5.0,455.67,5.0,2278.35,2164.4325,True,Books
500930,5,P024,1.0,531.69,15.0,531.69,451.9365,True,Sports
500931,1,P028,2.0,261.34,0.0,522.68,522.68,True,Electronics
500931,2,P018,2.0,62.85,0.0,125.7,125.7,True,Sports
500931,3,P026,2.0,216.67,10.0,433.34,390.006,True,Beauty
500931,4,P038,1.0,206.33,5.0,206.33,196.0135,True,Sports
500931,5,P007,5.0,392.64,20.0,1963.1999999999998,1570.56,True,Grocery
500932,1,P050,1.0,462.34,0.0,462.34,462.34,True,Grocery
500932,2,P015,3.0,384.68,5.0,1154.04,1096.338,True,Books
500932,3,P055,2.0,516.95,0.0,1033.9,1033.9,True,Beauty
500932,4,P043,2.0,399.9,0.0,799.8,799.8,True,Beauty
500933,1,P011,1.0,468.24,5.0,468.24,444.828,True,Beauty
500933,2,P057,4.0,406.73,0.0,1626.92,1626.92,True,Grocery
500933,3,P014,4.0,442.5,5.0,1770.0,1681.5,True,Books
500933,4,P003,2.0,421.27,5.0,842.54,800.4129999999999,True,Home
500934,1,P022,2.0,55.71,5.0,111.42,105.849,True,Books
500934,2,P022,3.0,61.11,0.0,183.32999999999998,183.32999999999998,True,Books
500934,3,P017,2.0,95.74,10.0,191.48,172.332,True,Beauty
500935,1,P047,2.0,345.92,5.0,691.84,657.248,True,Home
500935,2,P010,1.0,100.94,0.0,100.94,100.94,True,Electronics
500935,3,P040,3.0,402.68,0.0,1208.04,1208.04,True,Electronics
500935,4,P058,5.0,551.89,10.0,2759.45,2483.505,True,Sports
500935,5,P007,1.0,404.88,10.0,404.88,364.392,True,Grocery
500936,1,P059,1.0,545.36,0.0,545.36,545.36,True,Grocery
500936,2,P047,3.0,340.23,5.0,1020.69,969.6555,True,Home
500936,3,P053,1.0,68.83,15.0,68.83,58.5055,True,Grocery
500936,4,P054,3.0,300.31,5.0,900.9300000000001,855.8835,True,Home
500936,5,P004,5.0,350.61,10.0,1753.0500000000002,1577.7450000000001,True,Beauty
500936,6,P032,1.0,446.56,0.0,446.56,446.56,True,Grocery
500937,1,P056,1.0,250.66,20.0,250.66,200.52800000000002,True,Electronics
500937,2,P044,2.0,482.86,10.0,965.72,869.148,True,Electronics
500937,3,P049,5.0,126.84,5.0,634.2,602.49,True,Electronics
500937,4,P057,2.0,414.87,5.0,829.74,788.2529999999999,True,Grocery
500937,5,P044,4.0,492.76,0.0,1971.04,1971.04,True,Electronics
500937,6,P048,1.0,635.79,5.0,635.79,604.0005,True,Beauty
500938,1,P005,2.0,145.53,0.0,291.06,291.06,True,Electronics
500938,2,P012,5.0,231.17,0.0,1155.85,1155.85,True,Beauty
500938,3,P029,2.0,51.56,15.0,103.12,87.652,True,Grocery
500938,4,P035,2.0,620.81,0.0,1241.62,1241.62,True,Grocery
500939,1,P046,2.0,37.81,10.0,75.62,68.058,True,Electronics
500939,2,P049,5.0,115.38,0.0,576.9,576.9,True,Electronics
500939,3,P028,1.0,236.2,0.0,236.2,236.2,True,Electronics
500939,4,P037,4.0,346.12,0.0,1384.48,1384.48,True,Home
500940,1,P051,1.0,115.97,10.0,115.97,104.373,True,Electronics
500940,2,P042,4.0,404.14,5.0,1616.56,1535.732,True,Beauty
500940,3,P029,4.0,53.56,0.0,214.24,214.24,True,Grocery
500940,4,P002,5.0,470.94,0.0,2354.7,2354.7,True,Books
500940,5,P060,3.0,149.45,0.0,448.34999999999997,448.34999999999997,True,Books
500941,1,P024,5.0,591.43,0.0,2957.1499999999996,2957.1499999999996,True,Sports
500941,2,P043,2.0,337.52,15.0,675.04,573.784,True,Beauty
500941,3,P018,4.0,67.35,20.0,269.4,215.51999999999998,True,Sports
500942,1,P003,2.0,363.6,5.0,727.2,690.84,True,Home
500942,2,P056,1.0,206.34,15.0,206.34,175.389,True,Electronics
500942,3,P040,1.0,463.69,20.0,463.69,370.952,True,Electronics
500943,1,P011,4.0,501.3,10.0,2005.2,1804.68,True,Beauty
500943,2,P036,5.0,368.89,20.0,1844.4499999999998,1475.56,True,Electronics
500943,3,P020,1.0,344.86,10.0,344.86,310.374,True,Home
500944,1,P020,3.0,327.12,0.0,981.36,981.36,True,Home
500945,1,P021,1.0,160.68,5.0,160.68,152.646,True,Sports
500945,2,P037,3.0,393.95,5.0,1181.85,1122.7575,True,Home
500945,3,P054,5.0,277.04,0.0,1385.2,1385.2,True,Home
500945,4,P027,1.0,129.87,15.0,129.87,110.3895,True,Grocery
500945,5,P038,3.0,243.3,0.0,729.9000000000001,729.9000000000001,True,Sports
500946,1,P047,4.0,352.96,10.0,1411.84,1270.656,True,Home
500946,2,P019,3.0,415.8,5.0,1247.4,1185.03,True,Electronics
500946,3,P002,4.0,378.91,0.0,1515.64,1515.64,True,Books
500946,4,P040,1.0,427.25,0.0,427.25,427.25,True,Electronics
500947,1,P018,1.0,64.63,20.0,64.63,51.704,True,Sports
500947,2,P030,1.0,346.91,0.0,346.91,346.91,True,Electronics
500947,3,P030,1.0,367.75,20.0,367.75,294.2,True,Electronics
500948,1,P010,4.0,89.95,15.0,359.8,305.83,True,Electronics
500948,2,P033,2.0,163.49,0.0,326.98,326.98,True,Sports
500948,3,P043,1.0,378.58,0.0,378.58,378.58,True,Beauty
500949,1,P057,1.0,394.44,15.0,394.44,335.274,True,Grocery
500949,2,P038,2.0,196.3,20.0,392.6,314.08000000000004,True,Sports
500950,1,P028,1.0,198.93,0.0,198.93,198.93,True,Electronics
500950,2,P035,5.0,519.12,10.0,2595.6,2336.04,True,Grocery
500950,3,P011,1.0,433.31,20.0,433.31,346.648,True,Beauty
500950,4,P008,2.0,291.11,10.0,582.22,523.998,True,Electronics
500950,5,P057,5.0,382.22,0.0,1911.1000000000001,1911.1000000000001,True,Grocery
500950,6,P054,2.0,259.85,20.0,519.7,415.76000000000005,True,Home
500951,1,P050,2.0,404.53,10.0,809.06,728.154,True,Grocery
500951,2,P013,2.0,292.22,15.0,584.44,496.77400000000006,True,Beauty
500952,1,P037,2.0,388.33,0.0,776.66,776.66,True,Home
500953,1,P013,3.0,251.15,5.0,753.45,715.7775,True,Beauty
500954,1,P055,1.0,547.78,15.0,547.78,465.61299999999994,True,Beauty
500954,2,P003,1.0,365.51,20.0,365.51,292.408,True,Home
500954,3,P050,2.0,415.02,15.0,830.04,705.534,True,Grocery
500955,1,P002,4.0,475.58,20.0,1902.32,1521.856,True,Books
500955,2,P008,4.0,364.77,0.0,1459.08,1459.08,True,Electronics
500955,3,P014,5.0,511.45,10.0,2557.25,2301.525,True,Books
500955,4,P037,1.0,369.99,0.0,369.99,369.99,True,Home
500955,5,P035,1.0,489.51,10.0,489.51,440.559,True,Grocery
500955,6,P042,4.0,382.41,5.0,1529.64,1453.1580000000001,True,Beauty
500956,1,P050,1.0,416.68,15.0,416.68,354.178,True,Grocery
500956,2,P050,1.0,410.43,20.0,410.43,328.34400000000005,True,Grocery
500956,3,P010,1.0,99.7,15.0,99.7,84.745,True,Electronics
500957,1,P039,1.0,245.2,20.0,245.2,196.16,True,Beauty
500957,2,P037,4.0,343.62,15.0,1374.48,1168.308,True,Home
500957,3,P060,3.0,148.61,15.0,445.83000000000004,378.95550000000003,True,Books
500958,1,P032,2.0,446.65,0.0,893.3,893.3,True,Grocery
500958,2,P043,5.0,351.91,20.0,1759.5500000000002,1407.6400000000003,True,Beauty
500959,1,P015,2.0,451.5,0.0,903.0,903.0,True,Books
500960,1,P050,1.0,422.01,0.0,422.01,422.01,True,Grocery
500960,2,P023,3.0,56.98,0.0,170.94,170.94,True,Books
500960,3,P047,2.0,370.24,0.0,740.48,740.48,True,Home
500961,1,P039,5.0,220.83,20.0,1104.15,883.3200000000002,True,Beauty
500961,2,P046,4.0,38.81,0.0,155.24,155.24,True,Electronics
500962,1,P041,3.0,619.16,5.0,1857.48,1764.606,True,Home
500963,1,P055,2.0,453.14,15.0,906.28,770.338,True,Beauty
500963,2,P020,5.0,372.02,0.0,1860.1,1860.1,True,Home
500963,3,P020,1.0,348.97,5.0,348.97,331.5215,True,Home
500963,4,P054,2.0,300.65,10.0,601.3,541.17,True,Home
500963,5,P046,2.0,37.7,0.0,75.4,75.4,True,Electronics
500963,6,P027,1.0,134.33,0.0,134.33,134.33,True,Grocery
500964,1,P013,2.0,244.25,5.0,488.5,464.075,True,Beauty
500964,2,P017,2.0,96.49,15.0,192.98,164.033,True,Beauty
500965,1,P035,1.0,639.6,15.0,639.6,543.66,True,Grocery
500965,2,P022,5.0,59.9,15.0,299.5,254.575,True,Books
500965,3,P010,2.0,97.22,0.0,194.44,194.44,True,Electronics
500966,1,P001,2.0,18.1,15.0,36.2,30.770000000000003,True,Grocery
500966,2,P023,1.0,53.83,10.0,53.83,48.447,True,Books
500966,3,P025,1.0,133.57,10.0,133.57,120.213,True,Books
500966,4,P018,4.0,78.0,15.0,312.0,265.2,True,Sports
500967,1,P001,5.0,21.67,5.0,108.35000000000001,102.9325,True,Grocery
500967,2,P056,4.0,206.49,5.0,825.96,784.662,True,Electronics
500967,3,P033,4.0,178.61,20.0,714.44,571.552,True,Sports
500967,4,P040,2.0,405.83,0.0,811.66,811.66,True,Electronics
500967,5,P011,1.0,387.27,0.0,387.27,387.27,True,Beauty
500967,6,P050,2.0,476.17,10.0,952.34,857.106,True,Grocery
500968,1,P050,2.0,463.06,0.0,926.12,926.12,True,Grocery
500969,1,P052,3.0,310.08,15.0,930.24,790.704,True,Sports
500969,2,P009,4.0,684.63,10.0,2738.52,2464.668,True,Sports
500969,3,P035,2.0,513.4,0.0,1026.8,1026.8,True,Grocery
500969,4,P001,2.0,19.6,0.0,39.2,39.2,True,Grocery
500970,1,P048,3.0,668.25,0.0,2004.75,2004.75,True,Beauty
500970,2,P032,3.0,492.73,0.0,1478.19,1478.19,True,Grocery
500970,3,P011,1.0,395.59,10.0,395.59,356.031,True,Beauty
500970,4,P017,1.0,78.9,5.0,78.9,74.955,True,Beauty
500970,5,P005,1.0,165.4,0.0,165.4,165.4,True,Electronics
500971,1,P026,2.0,225.21,15.0,450.42,382.857,True,Beauty
500971,2,P001,1.0,22.16,10.0,22.16,19.944,True,Grocery
500971,3,P059,3.0,599.4,15.0,1798.1999999999998,1528.4699999999998,True,Grocery
500971,4,P058,1.0,478.0,5.0,478.0,454.09999999999997,True,Sports
500972,1,P056,2.0,247.87,5.0,495.74,470.953,True,Electronics
500972,2,P006,2.0,255.28,0.0,510.56,510.56,True,Sports
500972,3,P025,1.0,122.3,0.0,122.3,122.3,True,Books
500972,4,P042,3.0,372.12,5.0,1116.3600000000001,1060.5420000000001,True,Beauty
500972,5,P002,2.0,374.9,15.0,749.8,637.3299999999999,True,Books
500972,6,P007,1.0,374.41,0.0,374.41,374.41,True,Grocery
500973,1,P038,1.0,186.3,0.0,186.3,186.3,True,Sports
500973,2,P012,5.0,265.66,0.0,1328.3000000000002,1328.3000000000002,True,Beauty
500973,3,P025,2.0,115.01,0.0,230.02,230.02,True,Books
500973,4,P023,2.0,58.63,5.0,117.26,111.397,True,Books
500974,1,P011,1.0,404.56,0.0,404.56,404.56,True,Beauty
500974,2,P042,5.0,425.02,10.0,2125.1,1912.59,True,Beauty
500974,3,P035,5.0,594.69,5.0,2973.4500000000003,2824.7775,True,Grocery
500974,4,P027,1.0,136.62,0.0,136.62,136.62,True,Grocery
500974,5,P055,2.0,563.06,0.0,1126.12,1126.12,True,Beauty
500975,1,P055,2.0,460.04,20.0,920.08,736.0640000000001,True,Beauty
500975,2,P038,4.0,246.07,20.0,984.28,787.424,True,Sports
500975,3,P014,1.0,402.33,0.0,402.33,402.33,True,Books
500975,4,P002,2.0,416.76,0.0,833.52,833.52,True,Books
500975,5,P009,5.0,630.34,0.0,3151.7000000000003,3151.7000000000003,True,Sports
500975,6,P044,5.0,522.55,5.0,2612.75,2482.1124999999997,True,Electronics
500976,1,P023,5.0,56.97,5.0,284.85,270.6075,True,Books
500977,1,P039,4.0,193.34,20.0,773.36,618.6880000000001,True,Beauty
500977,2,P033,5.0,157.03,10.0,785.15,706.635,True,Sports
500977,3,P024,1.0,562.77,10.0,562.77,506.493,True,Sports
500977,4,P055,3.0,476.2,5.0,1428.6,1357.1699999999998,True,Beauty
500977,5,P020,1.0,347.44,0.0,347.44,347.44,True,Home
500977,6,P033,2.0,138.68,0.0,277.36,277.36,True,Sports
500978,1,P021,1.0,208.21,15.0,208.21,176.9785,True,Sports
500978,2,P038,2.0,188.68,15.0,377.36,320.75600000000003,True,Sports
500978,3,P047,5.0,355.38,0.0,1776.9,1776.9,True,Home
500979,1,P008,1.0,363.43,5.0,363.43,345.25849999999997,True,Electronics
500979,2,P028,2.0,209.08,20.0,418.16,334.528,True,Electronics
500979,3,P003,1.0,443.25,5.0,443.25,421.0875,True,Home
500980,1,P034,2.0,345.74,0.0,691.48,691.48,True,Electronics
500980,2,P050,1.0,394.51,15.0,394.51,335.33349999999996,True,Grocery
500980,3,P033,2.0,136.38,20.0,272.76,218.208,True,Sports
500980,4,P009,2.0,556.28,0.0,1112.56,1112.56,True,Sports
500980,5,P003,4.0,398.36,20.0,1593.44,1274.7520000000002,True,Home
500980,6,P002,1.0,432.23,0.0,432.23,432.23,True,Books
500981,1,P030,1.0,375.44,15.0,375.44,319.12399999999997,True,Electronics
500981,2,P045,1.0,315.09,15.0,315.09,267.82649999999995,True,Grocery
500981,3,P017,1.0,87.96,5.0,87.96,83.56199999999998,True,Beauty
500982,1,P008,3.0,364.68,10.0,1094.04,984.636,True,Electronics
500982,2,P016,5.0,598.41,5.0,2992.0499999999997,2842.4474999999998,True,Grocery
500982,3,P041,3.0,667.58,0.0,2002.7400000000002,2002.7400000000002,True,Home
500982,4,P034,2.0,347.09,0.0,694.18,694.18,True,Electronics
500983,1,P025,1.0,124.63,15.0,124.63,105.93549999999999,True,Books
500984,1,P018,1.0,76.37,5.0,76.37,72.5515,True,Sports
500984,2,P020,1.0,342.93,0.0,342.93,342.93,True,Home
500985,1,P027,4.0,151.59,5.0,606.36,576.042,True,Grocery
500985,2,P021,1.0,176.06,0.0,176.06,176.06,True,Sports
500986,1,P049,3.0,133.33,0.0,399.99,399.99,True,Electronics
500987,1,P019,1.0,443.2,10.0,443.2,398.88,True,Electronics
500988,1,P045,1.0,267.43,15.0,267.43,227.3155,True,Grocery
500988,2,P048,1.0,645.16,10.0,645.16,580.644,True,Beauty
500988,3,P032,2.0,475.41,0.0,950.82,950.82,True,Grocery
500988,4,P022,2.0,54.01,0.0,108.02,108.02,True,Books
500989,1,P002,1.0,361.36,15.0,361.36,307.156,True,Books
500989,2,P013,1.0,283.54,0.0,283.54,283.54,True,Beauty
500989,3,P042,1.0,438.82,0.0,438.82,438.82,True,Beauty
500989,4,P053,2.0,60.3,20.0,120.6,96.48,True,Grocery
500989,5,P052,2.0,392.56,20.0,785.12,628.096,True,Sports
500989,6,P011,1.0,491.58,0.0,491.58,491.58,True,Beauty
500990,1,P009,1.0,634.25,5.0,634.25,602.5375,True,Sports
500990,2,P033,1.0,133.67,0.0,133.67,133.67,True,Sports
500990,3,P001,1.0,17.62,15.0,17.62,14.977,True,Grocery
500990,4,P052,4.0,350.73,0.0,1402.92,1402.92,True,Sports
500991,1,P041,2.0,691.35,10.0,1382.7,1244.43,True,Home
500991,2,P016,2.0,715.46,20.0,1430.92,1144.736,True,Grocery
500992,1,P025,2.0,119.12,5.0,238.24,226.328,True,Books
500992,2,P022,2.0,56.19,10.0,112.38,101.142,True,Books
500992,3,P048,4.0,686.29,5.0,2745.16,2607.9019999999996,True,Beauty
500993,1,P004,2.0,393.93,15.0,787.86,669.681,True,Beauty
500993,2,P016,1.0,610.97,0.0,610.97,610.97,True,Grocery
500994,1,P018,1.0,61.73,5.0,61.73,58.643499999999996,True,Sports
500995,1,P057,1.0,430.64,5.0,430.64,409.10799999999995,True,Grocery
500996,1,P013,1.0,269.52,0.0,269.52,269.52,True,Beauty
500996,2,P035,1.0,550.13,0.0,550.13,550.13,True,Grocery
500996,3,P027,4.0,145.27,15.0,581.08,493.918,True,Grocery
500997,1,P014,5.0,432.71,15.0,2163.5499999999997,1839.0174999999997,True,Books
500997,2,P027,1.0,170.58,15.0,170.58,144.993,True,Grocery
500997,3,P042,4.0,401.28,0.0,1605.12,1605.12,True,Beauty
500997,4,P020,2.0,429.29,20.0,858.58,686.864,True,Home
500997,5,P048,2.0,612.38,20.0,1224.76,979.808,True,Beauty
500997,6,P018,2.0,72.08,0.0,144.16,144.16,True,Sports
500998,1,P053,2.0,59.09,0.0,118.18,118.18,True,Grocery
500998,2,P023,2.0,66.71,0.0,133.42,133.42,True,Books
500998,3,P016,3.0,658.89,20.0,1976.67,1581.3360000000002,True,Grocery
500998,4,P018,5.0,67.01,10.0,335.05,301.545,True,Sports
500998,5,P019,1.0,421.72,0.0,421.72,421.72,True,Electronics
500999,1,P060,5.0,135.77,0.0,678.85,678.85,True,Books
500999,2,P060,2.0,146.12,0.0,292.24,292.24,True,Books
500999,3,P027,5.0,135.14,0.0,675.6999999999999,675.6999999999999,True,Grocery
501000,1,P032,1.0,597.64,15.0,597.64,507.99399999999997,True,Grocery
501001,1,P004,5.0,314.33,0.0,1571.6499999999999,1571.6499999999999,True,Beauty
501001,2,P044,1.0,430.23,0.0,430.23,430.23,True,Electronics
501001,3,P018,1.0,72.97,0.0,72.97,72.97,True,Sports
501001,4,P010,1.0,83.28,0.0,83.28,83.28,True,Electronics
501001,5,P035,2.0,603.69,0.0,1207.38,1207.38,True,Grocery
501001,6,P035,2.0,626.01,10.0,1252.02,1126.818,True,Grocery
501002,1,P052,5.0,338.1,10.0,1690.5,1521.45,True,Sports
501003,1,P059,1.0,604.3,0.0,604.3,604.3,True,Grocery
501003,2,P003,1.0,421.05,20.0,421.05,336.84000000000003,True,Home
501003,3,P034,1.0,401.52,5.0,401.52,381.44399999999996,True,Electronics
501003,4,P006,5.0,272.48,0.0,1362.4,1362.4,True,Sports
501003,5,P043,2.0,330.05,10.0,660.1,594.09,True,Beauty
501003,6,P029,1.0,43.21,0.0,43.21,43.21,True,Grocery
501004,1,P046,5.0,38.86,0.0,194.3,194.3,True,Electronics
501004,2,P038,1.0,223.31,20.0,223.31,178.64800000000002,True,Sports
501004,3,P020,5.0,410.37,0.0,2051.85,2051.85,True,Home
501004,4,P054,2.0,284.95,20.0,569.9,455.92,True,Home
501004,5,P026,2.0,208.27,0.0,416.54,416.54,True,Beauty
501005,1,P021,4.0,194.62,0.0,778.48,778.48,True,Sports
501005,2,P001,1.0,20.47,15.0,20.47,17.3995,True,Grocery
501005,3,P045,2.0,291.45,0.0,582.9,582.9,True,Grocery
501005,5,P050,5.0,464.75,5.0,2323.75,2207.5625,True,Grocery
501005,6,P015,5.0,425.48,0.0,2127.4,2127.4,True,Books
501006,1,P039,4.0,209.26,10.0,837.04,753.336,True,Beauty
501006,2,P037,2.0,385.59,0.0,771.18,771.18,True,Home
501007,1,P011,4.0,395.59,0.0,1582.36,1582.36,True,Beauty
501007,2,P045,4.0,296.04,10.0,1184.16,1065.7440000000001,True,Grocery
501007,3,P044,4.0,477.57,15.0,1910.28,1623.7379999999998,True,Electronics
501007,5,P053,3.0,73.18,0.0,219.54000000000002,219.54000000000002,True,Grocery
501008,2,P046,1.0,38.88,5.0,38.88,36.936,True,Electronics
501008,3,P043,2.0,418.64,10.0,837.28,753.552,True,Beauty
501008,4,P017,2.0,82.66,20.0,165.32,132.256,True,Beauty
501008,5,P009,4.0,638.96,0.0,2555.84,2555.84,True,Sports
501008,6,P028,1.0,224.93,10.0,224.93,202.437,True,Electronics
501009,1,P059,5.0,650.67,10.0,3253.35,2928.015,True,Grocery
501010,1,P019,2.0,511.88,15.0,1023.76,870.196,True,Electronics
501010,2,P012,2.0,287.18,20.0,574.36,459.48800000000006,True,Beauty
501010,3,P036,3.0,465.11,10.0,1395.33,1255.797,True,Electronics
501010,4,P010,2.0,102.17,0.0,204.34,204.34,True,Electronics
501010,5,P016,1.0,583.49,10.0,583.49,525.1410000000001,True,Grocery
501011,1,P055,5.0,542.11,0.0,2710.55,2710.55,True,Beauty
501012,1,P050,1.0,393.07,0.0,393.07,393.07,True,Grocery
501012,2,P037,1.0,341.34,0.0,341.34,341.34,True,Home
501012,3,P013,1.0,258.92,15.0,258.92,220.082,True,Beauty
501013,1,P040,2.0,400.46,15.0,800.92,680.7819999999999,True,Electronics
501013,2,P040,3.0,432.51,10.0,1297.53,1167.777,True,Electronics
501013,3,P047,2.0,392.37,15.0,784.74,667.029,True,Home
501013,4,P043,1.0,312.79,5.0,312.79,297.1505,True,Beauty
501014,1,P053,1.0,76.89,0.0,76.89,76.89,True,Grocery
501014,2,P059,1.0,560.69,15.0,560.69,476.58650000000006,True,Grocery
501014,3,P034,1.0,401.8,0.0,401.8,401.8,True,Electronics
501014,4,P011,5.0,404.41,10.0,2022.0500000000002,1819.8450000000003,True,Beauty
501014,5,P048,1.0,654.69,15.0,654.69,556.4865,True,Beauty
501015,1,P032,2.0,506.88,20.0,1013.76,811.008,True,Grocery
501015,2,P049,5.0,101.36,0.0,506.8,506.8,True,Electronics
501015,3,P024,2.0,608.17,0.0,1216.34,1216.34,True,Sports
501015,4,P014,3.0,435.21,0.0,1305.6299999999999,1305.6299999999999,True,Books
501016,1,P044,1.0,518.6,0.0,518.6,518.6,True,Electronics
501016,2,P048,3.0,698.32,20.0,2094.96,1675.968,True,Beauty
501016,3,P036,1.0,407.69,20.0,407.69,326.15200000000004,True,Electronics
501016,4,P018,1.0,71.2,10.0,71.2,64.08,True,Sports
501016,5,P023,1.0,67.84,0.0,67.84,67.84,True,Books
501017,1,P016,5.0,685.98,0.0,3429.9,3429.9,True,Grocery
501017,2,P055,2.0,420.24,0.0,840.48,840.48,True,Beauty
501017,3,P057,3.0,413.23,10.0,1239.69,1115.721,True,Grocery
501017,4,P022,5.0,52.06,5.0,260.3,247.285,True,Books
501017,5,P057,5.0,414.86,0.0,2074.3,2074.3,True,Grocery
501017,6,P047,5.0,381.92,20.0,1909.6000000000001,1527.6800000000003,True,Home
501018,1,P058,2.0,454.36,15.0,908.72,772.412,True,Sports
501018,2,P022,3.0,59.61,15.0,178.82999999999998,152.00549999999998,True,Books
501018,3,P007,3.0,394.0,20.0,1182.0,945.6,True,Grocery
501018,4,P010,4.0,83.69,0.0,334.76,334.76,True,Electronics
501019,1,P045,1.0,264.98,10.0,264.98,238.48200000000003,True,Grocery
501019,2,P012,2.0,276.93,0.0,553.86,553.86,True,Beauty
501019,3,P019,2.0,496.96,20.0,993.92,795.136,True,Electronics
501020,1,P002,1.0,369.15,5.0,369.15,350.69249999999994,True,Books
501021,1,P027,1.0,147.53,15.0,147.53,125.4005,True,Grocery
501021,2,P035,5.0,622.42,20.0,3112.1,2489.6800000000003,True,Grocery
501021,3,P010,1.0,82.37,0.0,82.37,82.37,True,Electronics
501021,4,P009,5.0,610.06,5.0,3050.2999999999997,2897.7849999999994,True,Sports
501021,5,P020,1.0,409.91,15.0,409.91,348.4235,True,Home
501021,6,P037,1.0,333.51,0.0,333.51,333.51,True,Home
501022,1,P024,1.0,594.42,20.0,594.42,475.536,True,Sports
501022,2,P015,3.0,437.13,0.0,1311.3899999999999,1311.3899999999999,True,Books
501022,3,P039,2.0,245.76,0.0,491.52,491.52,True,Beauty
501022,4,P050,3.0,465.56,10.0,1396.68,1257.0120000000002,True,Grocery
501023,1,P056,2.0,221.95,15.0,443.9,377.315,True,Electronics
501023,2,P011,1.0,464.06,0.0,464.06,464.06,True,Beauty
501023,3,P054,2.0,266.11,20.0,532.22,425.77600000000007,True,Home
501023,4,P034,2.0,364.95,20.0,729.9,583.92,True,Electronics
501023,5,P021,2.0,160.36,5.0,320.72,304.684,True,Sports
501023,6,P059,5.0,579.55,5.0,2897.75,2752.8624999999997,True,Grocery
501024,1,P052,5.0,303.8,0.0,1519.0,1519.0,True,Sports
501024,2,P032,1.0,530.73,0.0,530.73,530.73,True,Grocery
501024,3,P011,1.0,435.37,20.0,435.37,348.29600000000005,True,Beauty
501025,1,P055,1.0,426.05,20.0,426.05,340.84000000000003,True,Beauty
501026,1,P058,1.0,567.76,10.0,567.76,510.984,True,Sports
501027,1,P034,3.0,389.42,0.0,1168.26,1168.26,True,Electronics
501027,2,P019,5.0,494.37,20.0,2471.85,1977.48,True,Electronics
501028,1,P056,5.0,242.48,0.0,1212.3999999999999,1212.3999999999999,True,Electronics
501028,2,P030,2.0,298.81,5.0,597.62,567.739,True,Electronics
501028,3,P005,4.0,172.67,15.0,690.68,587.078,True,Electronics
501028,4,P003,1.0,432.94,10.0,432.94,389.646,True,Home
501029,1,P001,2.0,20.86,5.0,41.72,39.634,True,Grocery
501029,2,P002,1.0,437.95,5.0,437.95,416.05249999999995,True,Books
501029,3,P018,1.0,76.56,10.0,76.56,68.90400000000001,True,Sports
501030,1,P060,4.0,134.35,20.0,537.4,429.92,True,Books
501030,2,P053,4.0,61.67,0.0,246.68,246.68,True,Grocery
501030,3,P002,1.0,418.04,5.0,418.04,397.138,True,Books
501030,4,P003,3.0,346.34,0.0,1039.02,1039.02,True,Home
501031,1,P028,2.0,220.28,0.0,440.56,440.56,True,Electronics
501031,2,P028,1.0,209.33,0.0,209.33,209.33,True,Electronics
501032,1,P005,4.0,156.44,0.0,625.76,625.76,True,Electronics
501032,3,P023,5.0,59.56,0.0,297.8,297.8,True,Books
501033,1,P025,1.0,126.96,0.0,126.96,126.96,True,Books
501033,2,P052,2.0,372.55,0.0,745.1,745.1,True,Sports
501033,3,P031,1.0,45.64,0.0,45.64,45.64,True,Electronics
501033,4,P059,1.0,640.13,0.0,640.13,640.13,True,Grocery
501033,5,P038,2.0,226.83,20.0,453.66,362.92800000000005,True,Sports
501034,1,P029,5.0,45.14,0.0,225.7,225.7,True,Grocery
501035,1,P024,1.0,619.57,20.0,619.57,495.65600000000006,True,Sports
501035,2,P040,1.0,406.97,10.0,406.97,366.273,True,Electronics
501035,3,P021,2.0,205.33,0.0,410.66,410.66,True,Sports
501035,4,P029,4.0,44.99,15.0,179.96,152.966,True,Grocery
501036,1,P046,2.0,37.54,15.0,75.08,63.818,True,Electronics
501036,2,P003,1.0,374.06,20.0,374.06,299.248,True,Home
501036,3,P029,1.0,46.73,0.0,46.73,46.73,True,Grocery
501037,1,P025,1.0,137.06,10.0,137.06,123.354,True,Books
501037,2,P059,2.0,637.58,0.0,1275.16,1275.16,True,Grocery
501037,3,P024,2.0,573.55,0.0,1147.1,1147.1,True,Sports
501037,4,P002,3.0,462.2,0.0,1386.6,1386.6,True,Books
501038,1,P060,1.0,160.68,5.0,160.68,152.646,True,Books
501038,2,P036,3.0,422.63,20.0,1267.8899999999999,1014.3119999999999,True,Electronics
501038,3,P060,2.0,155.98,15.0,311.96,265.166,True,Books
501038,4,P040,1.0,397.76,0.0,397.76,397.76,True,Electronics
501038,5,P041,3.0,636.32,10.0,1908.96,1718.064,True,Home
501038,6,P002,3.0,471.37,0.0,1414.1100000000001,1414.1100000000001,True,Books
501039,1,P004,4.0,319.83,0.0,1279.32,1279.32,True,Beauty
501039,2,P015,3.0,495.41,20.0,1486.23,1188.9840000000002,True,Books
501039,3,P020,5.0,336.24,10.0,1681.2,1513.0800000000002,True,Home
501039,4,P044,3.0,434.75,10.0,1304.25,1173.825,True,Electronics
501039,5,P020,4.0,371.58,0.0,1486.32,1486.32,True,Home
501039,6,P054,2.0,330.24,0.0,660.48,660.48,True,Home
501040,1,P040,2.0,469.74,15.0,939.48,798.558,True,Electronics
501040,2,P056,2.0,240.7,0.0,481.4,481.4,True,Electronics
501041,1,P001,2.0,22.49,15.0,44.98,38.233,True,Grocery
501041,2,P001,1.0,17.6,0.0,17.6,17.6,True,Grocery
501041,3,P022,2.0,58.04,10.0,116.08,104.472,True,Books
501041,4,P015,1.0,391.53,0.0,391.53,391.53,True,Books
501042,1,P050,2.0,445.7,20.0,891.4,713.12,True,Grocery
501043,1,P006,2.0,282.23,0.0,564.46,564.46,True,Sports
501044,1,P033,2.0,150.57,10.0,301.14,271.026,True,Sports
501044,2,P052,5.0,401.2,5.0,2006.0,1905.6999999999998,True,Sports
501044,3,P059,2.0,691.39,0.0,1382.78,1382.78,True,Grocery
501045,1,P037,2.0,395.93,0.0,791.86,791.86,True,Home
501046,1,P041,5.0,661.77,20.0,3308.85,2647.08,True,Home
501046,2,P029,2.0,42.94,5.0,85.88,81.586,True,Grocery
501046,3,P059,1.0,625.24,0.0,625.24,625.24,True,Grocery
501047,1,P040,1.0,375.44,0.0,375.44,375.44,True,Electronics
501047,2,P001,4.0,18.05,15.0,72.2,61.37,True,Grocery
501047,3,P019,5.0,530.79,0.0,2653.95,2653.95,True,Electronics
501047,4,P023,2.0,65.8,20.0,131.6,105.28,True,Books
501048,1,P059,5.0,688.53,0.0,3442.6499999999996,3442.6499999999996,True,Grocery
501048,2,P006,2.0,265.49,15.0,530.98,451.333,True,Sports
501048,3,P031,4.0,43.97,0.0,175.88,175.88,True,Electronics
501048,4,P041,4.0,742.17,5.0,2968.68,2820.2459999999996,True,Home
501048,5,P040,2.0,466.13,0.0,932.26,932.26,True,Electronics
501048,6,P030,4.0,363.35,15.0,1453.4,1235.39,True,Electronics
501049,1,P021,5.0,195.4,0.0,977.0,977.0,True,Sports
501050,1,P040,1.0,416.06,15.0,416.06,353.651,True,Electronics
501050,2,P040,2.0,480.62,10.0,961.24,865.116,True,Electronics
501050,3,P030,1.0,352.15,0.0,352.15,352.15,True,Electronics
501050,4,P038,5.0,227.71,5.0,1138.55,1081.6225,True,Sports
501051,1,P019,5.0,464.51,10.0,2322.55,2090.295,True,Electronics
501051,2,P030,4.0,319.94,15.0,1279.76,1087.796,True,Electronics
501052,1,P056,1.0,242.99,15.0,242.99,206.5415,True,Electronics
501052,2,P017,3.0,94.46,10.0,283.38,255.042,True,Beauty
501052,3,P049,3.0,101.78,15.0,305.34000000000003,259.53900000000004,True,Electronics
501052,4,P049,1.0,123.06,20.0,123.06,98.44800000000001,True,Electronics
501052,5,P003,2.0,452.1,10.0,904.2,813.7800000000001,True,Home
501053,1,P035,1.0,645.62,5.0,645.62,613.3389999999999,True,Grocery
501053,2,P008,3.0,284.64,15.0,853.92,725.832,True,Electronics
501053,3,P052,2.0,394.29,5.0,788.58,749.151,True,Sports
501053,4,P040,1.0,420.74,15.0,420.74,357.629,True,Electronics
501054,1,P038,2.0,188.98,20.0,377.96,302.368,True,Sports
501054,2,P033,1.0,178.56,0.0,178.56,178.56,True,Sports
501054,3,P018,5.0,72.44,10.0,362.2,325.98,True,Sports
501055,1,P012,4.0,236.08,5.0,944.32,897.104,True,Beauty
501055,2,P060,4.0,140.6,0.0,562.4,562.4,True,Books
501055,3,P028,5.0,267.22,0.0,1336.1000000000001,1336.1000000000001,True,Electronics
501056,1,P029,3.0,49.02,5.0,147.06,139.707,True,Grocery
501056,2,P025,2.0,133.48,0.0,266.96,266.96,True,Books
501056,3,P055,3.0,539.94,0.0,1619.8200000000002,1619.8200000000002,True,Beauty
501056,4,P013,1.0,266.06,0.0,266.06,266.06,True,Beauty
501056,5,P051,2.0,143.54,5.0,287.08,272.726,True,Electronics
501056,6,P044,1.0,517.15,0.0,517.15,517.15,True,Electronics
501057,1,P036,1.0,434.16,0.0,434.16,434.16,True,Electronics
501057,2,P010,1.0,88.15,0.0,88.15,88.15,True,Electronics
501058,1,P054,1.0,302.57,0.0,302.57,302.57,True,Home
501058,2,P007,2.0,429.53,0.0,859.06,859.06,True,Grocery
501058,3,P060,1.0,164.79,10.0,164.79,148.311,True,Books
501058,5,P038,2.0,196.49,15.0,392.98,334.033,True,Sports
501058,6,P043,2.0,391.15,20.0,782.3,625.84,True,Beauty
501059,1,P004,1.0,380.87,5.0,380.87,361.8265,True,Beauty
501060,1,P012,2.0,254.12,0.0,508.24,508.24,True,Beauty
501061,1,P009,1.0,601.76,20.0,601.76,481.408,True,Sports
501061,2,P031,1.0,42.76,20.0,42.76,34.208,True,Electronics
501061,3,P007,2.0,344.14,15.0,688.28,585.038,True,Grocery
501061,4,P013,1.0,253.54,5.0,253.54,240.86299999999997,True,Beauty
501061,5,P054,4.0,310.68,0.0,1242.72,1242.72,True,Home
501062,1,P023,3.0,53.83,5.0,161.49,153.4155,True,Books
501062,2,P050,5.0,485.95,10.0,2429.75,2186.775,True,Grocery
501063,1,P007,1.0,379.71,20.0,379.71,303.768,True,Grocery
501063,2,P029,2.0,49.36,10.0,98.72,88.848,True,Grocery
501064,1,P032,1.0,457.07,0.0,457.07,457.07,True,Grocery
501064,2,P008,2.0,293.43,15.0,586.86,498.831,True,Electronics
501064,3,P020,2.0,409.01,0.0,818.02,818.02,True,Home
501065,1,P043,1.0,385.74,0.0,385.74,385.74,True,Beauty
501065,2,P016,3.0,690.71,0.0,2072.13,2072.13,True,Grocery
501065,3,P035,1.0,510.3,15.0,510.3,433.755,True,Grocery
501066,1,P046,1.0,42.53,0.0,42.53,42.53,True,Electronics
501066,2,P059,4.0,616.98,0.0,2467.92,2467.92,True,Grocery
501066,3,P002,2.0,361.25,10.0,722.5,650.25,True,Books
501066,4,P038,2.0,190.6,20.0,381.2,304.96,True,Sports
501066,5,P033,5.0,171.37,15.0,856.85,728.3225,True,Sports
501067,1,P007,2.0,331.81,0.0,663.62,663.62,True,Grocery
501067,2,P049,1.0,122.89,15.0,122.89,104.45649999999999,True,Electronics
501068,1,P051,2.0,117.85,0.0,235.7,235.7,True,Electronics
501068,2,P027,1.0,168.8,10.0,168.8,151.92000000000002,True,Grocery
501068,3,P006,3.0,275.57,0.0,826.71,826.71,True,Sports
501068,4,P010,4.0,91.55,0.0,366.2,366.2,True,Electronics
501069,1,P050,5.0,435.87,15.0,2179.35,1852.4474999999998,True,Grocery
501069,2,P008,1.0,350.66,0.0,350.66,350.66,True,Electronics
501069,3,P028,1.0,254.85,0.0,254.85,254.85,True,Electronics
501069,4,P060,2.0,144.9,10.0,289.8,260.82,True,Books
501069,5,P044,2.0,433.39,0.0,866.78,866.78,True,Electronics
501070,1,P032,1.0,564.87,5.0,564.87,536.6265,True,Grocery
501070,2,P044,1.0,456.81,0.0,456.81,456.81,True,Electronics
501070,3,P034,1.0,406.27,0.0,406.27,406.27,True,Electronics
501070,4,P036,5.0,485.77,0.0,2428.85,2428.85,True,Electronics
501070,5,P020,1.0,333.93,10.0,333.93,300.53700000000003,True,Home
501070,6,P057,2.0,460.2,20.0,920.4,736.32,True,Grocery
501071,1,P043,1.0,365.33,0.0,365.33,365.33,True,Beauty
501072,1,P014,3.0,435.07,0.0,1305.21,1305.21,True,Books
501072,2,P045,5.0,340.66,10.0,1703.3000000000002,1532.9700000000003,True,Grocery
501072,3,P025,4.0,145.23,15.0,580.92,493.7819999999999,True,Books
501072,4,P043,1.0,378.75,0.0,378.75,378.75,True,Beauty
501072,5,P044,2.0,476.83,15.0,953.66,810.611,True,Electronics
501073,1,P013,1.0,240.04,10.0,240.04,216.036,True,Beauty
501074,1,P017,2.0,77.63,0.0,155.26,155.26,True,Beauty
501074,2,P009,1.0,683.69,15.0,683.69,581.1365000000001,True,Sports
501074,3,P045,1.0,264.69,0.0,264.69,264.69,True,Grocery
501074,4,P057,2.0,451.54,20.0,903.08,722.464,True,Grocery
501075,1,P044,2.0,523.56,0.0,1047.12,1047.12,True,Electronics
501075,2,P041,1.0,677.7,10.0,677.7,609.9300000000001,True,Home
501075,3,P003,4.0,344.04,0.0,1376.16,1376.16,True,Home
501075,4,P047,3.0,418.58,0.0,1255.74,1255.74,True,Home
501076,1,P053,3.0,61.39,5.0,184.17000000000002,174.9615,True,Grocery
501076,2,P026,2.0,199.2,20.0,398.4,318.72,True,Beauty
501077,1,P054,2.0,298.73,5.0,597.46,567.587,True,Home
501077,2,P018,3.0,74.39,0.0,223.17000000000002,223.17000000000002,True,Sports
501077,3,P001,4.0,19.36,0.0,77.44,77.44,True,Grocery
501078,1,P046,3.0,45.81,20.0,137.43,109.94400000000002,True,Electronics
501078,2,P040,5.0,379.62,0.0,1898.1,1898.1,True,Electronics
501079,1,P024,1.0,548.11,0.0,548.11,548.11,True,Sports
501079,2,P020,2.0,330.69,20.0,661.38,529.104,True,Home
501079,3,P032,2.0,535.68,0.0,1071.36,1071.36,True,Grocery
501080,1,P025,1.0,144.57,15.0,144.57,122.88449999999999,True,Books
501080,2,P004,2.0,393.13,15.0,786.26,668.321,True,Beauty
501080,3,P060,5.0,178.05,0.0,890.25,890.25,True,Books
501080,4,P032,1.0,456.36,5.0,456.36,433.542,True,Grocery
501081,1,P029,2.0,47.91,0.0,95.82,95.82,True,Grocery
501081,2,P021,2.0,205.87,0.0,411.74,411.74,True,Sports
501081,3,P026,1.0,181.61,0.0,181.61,181.61,True,Beauty
501082,1,P050,2.0,445.29,0.0,890.58,890.58,True,Grocery
501082,2,P047,1.0,342.33,20.0,342.33,273.864,True,Home
501082,3,P039,1.0,251.2,5.0,251.2,238.64,True,Beauty
501082,4,P016,5.0,686.44,0.0,3432.2000000000003,3432.2000000000003,True,Grocery
501082,5,P057,4.0,411.61,10.0,1646.44,1481.796,True,Grocery
501083,1,P021,3.0,185.05,10.0,555.1500000000001,499.6350000000001,True,Sports
501083,2,P028,4.0,203.26,15.0,813.04,691.084,True,Electronics
501083,3,P013,2.0,254.63,20.0,509.26,407.408,True,Beauty
501083,4,P034,5.0,370.41,0.0,1852.0500000000002,1852.0500000000002,True,Electronics
501083,5,P038,1.0,214.16,5.0,214.16,203.452,True,Sports
501084,1,P044,5.0,442.69,0.0,2213.45,2213.45,True,Electronics
501084,2,P052,2.0,357.8,5.0,715.6,679.8199999999999,True,Sports
501084,3,P028,1.0,225.04,0.0,225.04,225.04,True,Electronics
501084,4,P029,1.0,50.04,0.0,50.04,50.04,True,Grocery
501085,1,P038,4.0,219.1,15.0,876.4,744.9399999999999,True,Sports
501085,2,P009,1.0,596.26,15.0,596.26,506.82099999999997,True,Sports
501085,3,P016,2.0,659.03,0.0,1318.06,1318.06,True,Grocery
501085,4,P004,4.0,410.26,0.0,1641.04,1641.04,True,Beauty
501085,5,P034,1.0,379.76,0.0,379.76,379.76,True,Electronics
501086,1,P002,5.0,370.46,5.0,1852.3,1759.685,True,Books
501086,2,P029,2.0,57.21,0.0,114.42,114.42,True,Grocery
501086,3,P018,2.0,67.01,15.0,134.02,113.917,True,Sports
501086,4,P037,3.0,351.48,10.0,1054.44,948.9960000000001,True,Home
501086,5,P045,1.0,295.85,5.0,295.85,281.0575,True,Grocery
501086,6,P045,1.0,347.86,20.0,347.86,278.288,True,Grocery
501087,1,P029,2.0,51.69,0.0,103.38,103.38,True,Grocery
501087,2,P036,1.0,430.96,15.0,430.96,366.316,True,Electronics
501087,3,P039,3.0,192.64,10.0,577.92,520.1279999999999,True,Beauty
501088,1,P045,3.0,304.02,5.0,912.06,866.4569999999999,True,Grocery
501088,2,P053,2.0,65.87,0.0,131.74,131.74,True,Grocery
501088,3,P017,3.0,86.12,5.0,258.36,245.442,True,Beauty
501088,4,P047,2.0,350.35,0.0,700.7,700.7,True,Home
501089,1,P047,3.0,363.35,5.0,1090.0500000000002,1035.5475000000001,True,Home
501090,1,P025,2.0,144.29,20.0,288.58,230.864,True,Books
501091,1,P042,4.0,372.85,15.0,1491.4,1267.69,True,Beauty
501091,2,P033,1.0,153.67,0.0,153.67,153.67,True,Sports
501091,3,P056,2.0,243.8,20.0,487.6,390.08000000000004,True,Electronics
501091,4,P003,3.0,356.17,0.0,1068.51,1068.51,True,Home
501091,5,P014,5.0,437.21,0.0,2186.0499999999997,2186.0499999999997,True,Books
501092,1,P033,2.0,164.06,20.0,328.12,262.49600000000004,True,Sports
501092,2,P034,3.0,346.7,10.0,1040.1,936.0899999999999,True,Electronics
501092,3,P056,4.0,207.92,0.0,831.68,831.68,True,Electronics
501092,4,P044,1.0,509.23,15.0,509.23,432.8455,True,Electronics
501092,5,P049,3.0,112.78,0.0,338.34000000000003,338.34000000000003,True,Electronics
501092,6,P034,1.0,359.32,15.0,359.32,305.42199999999997,True,Electronics
501093,1,P999,1.0,490.4,10.0,490.4,441.36,False,
501093,2,P031,5.0,50.71,20.0,253.55,202.84000000000003,True,Electronics
501094,1,P053,1.0,74.15,5.0,74.15,70.4425,True,Grocery
501094,2,P020,5.0,366.76,0.0,1833.8,1833.8,True,Home
501094,3,P041,4.0,651.01,10.0,2604.04,2343.636,True,Home
501095,1,P028,2.0,208.37,0.0,416.74,416.74,True,Electronics
501095,2,P053,1.0,63.72,0.0,63.72,63.72,True,Grocery
501095,3,P025,1.0,113.83,10.0,113.83,102.447,True,Books
501095,4,P041,2.0,696.82,0.0,1393.64,1393.64,True,Home
501095,5,P003,5.0,422.65,0.0,2113.25,2113.25,True,Home
501095,6,P057,2.0,466.17,10.0,932.34,839.106,True,Grocery
501096,1,P035,2.0,623.1,0.0,1246.2,1246.2,True,Grocery
501096,2,P044,4.0,537.06,0.0,2148.24,2148.24,True,Electronics
501096,3,P015,2.0,385.44,0.0,770.88,770.88,True,Books
501096,4,P016,2.0,601.69,10.0,1203.38,1083.0420000000001,True,Grocery
501097,1,P055,3.0,522.81,0.0,1568.4299999999998,1568.4299999999998,True,Beauty
501097,2,P002,4.0,418.84,0.0,1675.36,1675.36,True,Books
501098,1,P012,1.0,299.51,0.0,299.51,299.51,True,Beauty
501099,1,P050,2.0,505.81,0.0,1011.62,1011.62,True,Grocery
501099,2,P029,3.0,45.6,20.0,136.8,109.44000000000001,True,Grocery
501099,3,P053,2.0,69.87,15.0,139.74,118.77900000000001,True,Grocery
501099,4,P053,1.0,67.09,0.0,67.09,67.09,True,Grocery
501099,5,P048,2.0,666.14,0.0,1332.28,1332.28,True,Beauty
501100,1,P030,3.0,364.45,15.0,1093.35,929.3474999999999,True,Electronics
501100,2,P015,5.0,423.8,10.0,2119.0,1907.1000000000001,True,Books
501100,3,P010,3.0,96.55,0.0,289.65,289.65,True,Electronics
501100,4,P055,2.0,541.09,15.0,1082.18,919.8530000000001,True,Beauty
501100,5,P059,1.0,666.46,0.0,666.46,666.46,True,Grocery
501100,6,P057,3.0,432.32,0.0,1296.96,1296.96,True,Grocery
501101,1,P036,2.0,364.88,0.0,729.76,729.76,True,Electronics
501101,2,P036,1.0,379.18,0.0,379.18,379.18,True,Electronics
501102,1,P013,2.0,291.63,5.0,583.26,554.097,True,Beauty
501102,2,P029,2.0,53.65,20.0,107.3,85.84,True,Grocery
501102,3,P003,1.0,451.44,0.0,451.44,451.44,True,Home
501102,4,P029,3.0,50.15,0.0,150.45,150.45,True,Grocery
501102,5,P035,1.0,491.85,0.0,491.85,491.85,True,Grocery
501102,6,P015,5.0,428.31,0.0,2141.55,2141.55,True,Books
501103,1,P030,1.0,368.01,15.0,368.01,312.8085,True,Electronics
501104,1,P057,4.0,405.11,0.0,1620.44,1620.44,True,Grocery
501104,2,P034,3.0,313.09,20.0,939.27,751.416,True,Electronics
501104,3,P032,3.0,511.81,20.0,1535.43,1228.344,True,Grocery
501104,4,P012,2.0,284.84,0.0,569.68,569.68,True,Beauty
501104,5,P043,3.0,408.93,20.0,1226.79,981.432,True,Beauty
501105,1,P029,2.0,46.41,20.0,92.82,74.256,True,Grocery
501105,2,P035,4.0,645.19,0.0,2580.76,2580.76,True,Grocery
501105,3,P059,4.0,512.58,20.0,2050.32,1640.2560000000003,True,Grocery
501105,4,P053,2.0,74.49,20.0,148.98,119.184,True,Grocery
501105,5,P020,1.0,359.94,5.0,359.94,341.943,True,Home
501105,6,P036,2.0,431.79,0.0,863.58,863.58,True,Electronics
501106,1,P017,1.0,96.95,15.0,96.95,82.4075,True,Beauty
501106,2,P001,2.0,21.48,0.0,42.96,42.96,True,Grocery
501107,1,P011,1.0,506.62,20.0,506.62,405.29600000000005,True,Beauty
501107,2,P007,3.0,427.53,0.0,1282.59,1282.59,True,Grocery
501107,3,P028,1.0,202.81,10.0,202.81,182.529,True,Electronics
501108,1,P049,2.0,112.86,10.0,225.72,203.148,True,Electronics
501108,2,P019,4.0,508.97,15.0,2035.88,1730.498,True,Electronics
501108,3,P060,5.0,178.94,15.0,894.7,760.495,True,Books
501108,4,P037,1.0,297.51,0.0,297.51,297.51,True,Home
501108,5,P055,3.0,423.35,0.0,1270.0500000000002,1270.0500000000002,True,Beauty
501109,1,P041,1.0,668.75,5.0,668.75,635.3125,True,Home
501109,2,P030,1.0,339.8,5.0,339.8,322.81,True,Electronics
501109,3,P057,3.0,427.89,15.0,1283.67,1091.1195,True,Grocery
501109,4,P039,4.0,238.07,0.0,952.28,952.28,True,Beauty
501109,5,P036,1.0,457.31,5.0,457.31,434.4445,True,Electronics
501110,1,P017,1.0,98.34,0.0,98.34,98.34,True,Beauty
501110,2,P020,3.0,362.66,15.0,1087.98,924.783,True,Home
501110,3,P028,1.0,252.03,5.0,252.03,239.42849999999999,True,Electronics
501110,4,P021,1.0,206.5,15.0,206.5,175.525,True,Sports
501111,1,P036,2.0,389.6,20.0,779.2,623.3600000000001,True,Electronics
501111,2,P015,2.0,463.38,15.0,926.76,787.746,True,Books
501111,3,P041,5.0,552.7,10.0,2763.5,2487.15,True,Home
501111,4,P038,1.0,202.33,0.0,202.33,202.33,True,Sports
501112,1,P022,2.0,50.92,15.0,101.84,86.56400000000001,True,Books
501113,1,P017,4.0,95.57,10.0,382.28,344.05199999999996,True,Beauty
501113,2,P031,5.0,49.66,15.0,248.29999999999998,211.05499999999998,True,Electronics
501113,3,P017,2.0,94.28,0.0,188.56,188.56,True,Beauty
501113,4,P059,5.0,669.22,5.0,3346.1000000000004,3178.795,True,Grocery
501113,5,P033,4.0,170.82,10.0,683.28,614.952,True,Sports
501114,1,P057,4.0,384.89,15.0,1539.56,1308.626,True,Grocery
501114,2,P041,5.0,707.93,0.0,3539.6499999999996,3539.6499999999996,True,Home
501114,3,P011,2.0,519.89,5.0,1039.78,987.7909999999999,True,Beauty
501115,1,P012,5.0,284.64,10.0,1423.1999999999998,1280.8799999999999,True,Beauty
501115,2,P027,3.0,133.72,0.0,401.15999999999997,401.15999999999997,True,Grocery
501116,1,P018,1.0,65.46,5.0,65.46,62.18699999999999,True,Sports
501117,1,P008,1.0,281.97,0.0,281.97,281.97,True,Electronics
501117,2,P051,4.0,122.03,20.0,488.12,390.49600000000004,True,Electronics
501118,1,P004,1.0,331.48,15.0,331.48,281.758,True,Beauty
501118,2,P039,1.0,240.6,0.0,240.6,240.6,True,Beauty
501119,1,P021,3.0,181.42,0.0,544.26,544.26,True,Sports
501119,2,P005,2.0,143.56,15.0,287.12,244.052,True,Electronics
501119,3,P007,2.0,356.29,0.0,712.58,712.58,True,Grocery
501119,4,P004,2.0,406.32,0.0,812.64,812.64,True,Beauty
501120,1,P051,2.0,132.98,0.0,265.96,265.96,True,Electronics
501120,2,P004,1.0,332.36,0.0,332.36,332.36,True,Beauty
501120,3,P014,1.0,470.56,5.0,470.56,447.032,True,Books
501120,4,P055,2.0,523.46,10.0,1046.92,942.2280000000001,True,Beauty
501121,1,P021,2.0,191.06,0.0,382.12,382.12,True,Sports
501122,1,P046,5.0,49.59,15.0,247.95000000000002,210.75750000000002,True,Electronics
501122,2,P048,2.0,564.4,0.0,1128.8,1128.8,True,Beauty
501122,3,P007,1.0,331.24,10.0,331.24,298.11600000000004,True,Grocery
501122,4,P010,1.0,94.68,10.0,94.68,85.212,True,Electronics
501122,5,P015,2.0,388.08,20.0,776.16,620.928,True,Books
501123,1,P039,4.0,226.1,0.0,904.4,904.4,True,Beauty
501123,2,P033,3.0,139.88,0.0,419.64,419.64,True,Sports
501123,3,P042,2.0,407.93,5.0,815.86,775.067,True,Beauty
501124,1,P020,3.0,404.19,0.0,1212.57,1212.57,True,Home
501124,2,P053,4.0,69.36,0.0,277.44,277.44,True,Grocery
501124,3,P012,1.0,240.18,15.0,240.18,204.153,True,Beauty
501124,4,P032,4.0,497.28,0.0,1989.12,1989.12,True,Grocery
501124,5,P002,3.0,367.54,5.0,1102.6200000000001,1047.489,True,Books
501125,1,P047,1.0,345.35,0.0,345.35,345.35,True,Home
501125,2,P009,1.0,546.78,20.0,546.78,437.424,True,Sports
501125,3,P035,4.0,594.95,0.0,2379.8,2379.8,True,Grocery
501125,4,P034,4.0,389.0,15.0,1556.0,1322.6,True,Electronics
501125,5,P016,1.0,596.76,15.0,596.76,507.246,True,Grocery
501126,1,P022,1.0,54.72,0.0,54.72,54.72,True,Books
501127,1,P041,2.0,679.15,0.0,1358.3,1358.3,True,Home
501127,2,P042,1.0,465.75,15.0,465.75,395.8875,True,Beauty
501127,3,P055,4.0,518.13,0.0,2072.52,2072.52,True,Beauty
501127,4,P049,2.0,128.07,10.0,256.14,230.52599999999998,True,Electronics
501127,5,P001,2.0,17.89,0.0,35.78,35.78,True,Grocery
501127,6,P014,1.0,530.81,20.0,530.81,424.64799999999997,True,Books
501128,1,P015,4.0,446.89,15.0,1787.56,1519.426,True,Books
501128,2,P042,1.0,496.66,15.0,496.66,422.161,True,Beauty
501128,3,P038,3.0,226.68,0.0,680.04,680.04,True,Sports
501128,4,P045,1.0,291.74,10.0,291.74,262.56600000000003,True,Grocery
501129,1,P051,1.0,144.4,15.0,144.4,122.74,True,Electronics
501129,2,P051,4.0,122.25,0.0,489.0,489.0,True,Electronics
501129,3,P023,1.0,64.87,0.0,64.87,64.87,True,Books
501129,4,P026,4.0,233.87,10.0,935.48,841.932,True,Beauty
501129,5,P044,2.0,405.44,10.0,810.88,729.792,True,Electronics
501129,6,P055,5.0,477.31,0.0,2386.55,2386.55,True,Beauty
501130,1,P049,3.0,127.37,0.0,382.11,382.11,True,Electronics
501130,2,P007,2.0,436.08,0.0,872.16,872.16,True,Grocery
501130,3,P015,3.0,399.41,5.0,1198.23,1138.3184999999999,True,Books
501131,1,P049,1.0,102.37,5.0,102.37,97.2515,True,Electronics
501131,2,P028,1.0,239.66,20.0,239.66,191.728,True,Electronics
501131,3,P038,1.0,244.46,20.0,244.46,195.568,True,Sports
501131,4,P028,2.0,239.94,5.0,479.88,455.88599999999997,True,Electronics
501131,5,P032,3.0,524.23,0.0,1572.69,1572.69,True,Grocery
501131,6,P051,4.0,135.3,0.0,541.2,541.2,True,Electronics
501132,1,P010,2.0,96.81,0.0,193.62,193.62,True,Electronics
501132,2,P015,5.0,471.9,15.0,2359.5,2005.575,True,Books
501133,1,P015,2.0,456.55,5.0,913.1,867.4449999999999,True,Books
501133,2,P015,1.0,451.82,20.0,451.82,361.456,True,Books
501133,3,P037,2.0,368.13,0.0,736.26,736.26,True,Home
501133,4,P045,1.0,292.06,20.0,292.06,233.64800000000002,True,Grocery
501133,5,P014,3.0,488.06,0.0,1464.18,1464.18,True,Books
501133,6,P043,2.0,340.4,0.0,680.8,680.8,True,Beauty
501134,1,P028,1.0,225.13,5.0,225.13,213.87349999999998,True,Electronics
501134,2,P011,2.0,474.06,10.0,948.12,853.308,True,Beauty
501134,3,P012,4.0,237.11,10.0,948.44,853.5960000000001,True,Beauty
501134,4,P055,4.0,433.19,0.0,1732.76,1732.76,True,Beauty
501135,1,P047,2.0,370.66,10.0,741.32,667.1880000000001,True,Home
501135,2,P047,2.0,319.14,10.0,638.28,574.452,True,Home
501136,1,P005,3.0,149.35,0.0,448.04999999999995,448.04999999999995,True,Electronics
501136,2,P052,1.0,304.85,0.0,304.85,304.85,True,Sports
501136,3,P040,1.0,470.9,5.0,470.9,447.35499999999996,True,Electronics
501136,4,P011,5.0,484.13,10.0,2420.65,2178.585,True,Beauty
501137,1,P007,2.0,414.22,0.0,828.44,828.44,True,Grocery
501137,2,P039,2.0,191.93,10.0,383.86,345.47400000000005,True,Beauty
501137,4,P027,1.0,138.95,0.0,138.95,138.95,True,Grocery
501137,5,P037,5.0,309.15,10.0,1545.75,1391.175,True,Home
501138,1,P033,1.0,178.46,0.0,178.46,178.46,True,Sports
501138,2,P014,2.0,469.01,10.0,938.02,844.218,True,Books
501138,3,P044,1.0,442.43,15.0,442.43,376.0655,True,Electronics
501138,4,P056,1.0,259.77,0.0,259.77,259.77,True,Electronics
501139,1,P006,4.0,222.4,10.0,889.6,800.64,True,Sports
501139,2,P031,1.0,46.62,0.0,46.62,46.62,True,Electronics
501139,3,P040,2.0,495.56,10.0,991.12,892.008,True,Electronics
501139,4,P013,2.0,320.19,5.0,640.38,608.361,True,Beauty
501140,1,P055,3.0,558.7,0.0,1676.1000000000001,1676.1000000000001,True,Beauty
501140,2,P016,3.0,731.69,15.0,2195.07,1865.8095,True,Grocery
501140,3,P005,4.0,165.79,10.0,663.16,596.8439999999999,True,Electronics
501140,4,P049,1.0,125.33,15.0,125.33,106.53049999999999,True,Electronics
501141,1,P052,4.0,375.32,0.0,1501.28,1501.28,True,Sports
501141,2,P001,1.0,18.58,5.0,18.58,17.650999999999996,True,Grocery
501142,1,P054,2.0,290.88,15.0,581.76,494.496,True,Home
501142,2,P031,2.0,44.06,0.0,88.12,88.12,True,Electronics
501142,3,P015,1.0,409.45,15.0,409.45,348.03249999999997,True,Books
501142,4,P055,2.0,436.29,20.0,872.58,698.0640000000001,True,Beauty
501143,1,P008,4.0,322.25,0.0,1289.0,1289.0,True,Electronics
501143,2,P015,1.0,471.19,0.0,471.19,471.19,True,Books
501144,1,P017,3.0,87.98,0.0,263.94,263.94,True,Beauty
501144,2,P045,1.0,301.73,15.0,301.73,256.4705,True,Grocery
501144,3,P012,1.0,299.25,5.0,299.25,284.28749999999997,True,Beauty
501144,4,P015,2.0,479.41,15.0,958.82,814.9970000000001,True,Books
501145,1,P028,1.0,254.95,0.0,254.95,254.95,True,Electronics
501145,2,P055,1.0,451.69,10.0,451.69,406.521,True,Beauty
501145,3,P001,2.0,18.82,5.0,37.64,35.757999999999996,True,Grocery
501145,4,P013,5.0,290.31,20.0,1451.55,1161.24,True,Beauty
501146,1,P016,3.0,631.28,0.0,1893.84,1893.84,True,Grocery
501146,2,P012,2.0,266.05,15.0,532.1,452.285,True,Beauty
501146,3,P020,2.0,431.54,10.0,863.08,776.772,True,Home
501146,4,P018,3.0,66.33,20.0,198.99,159.192,True,Sports
501147,1,P028,1.0,236.73,0.0,236.73,236.73,True,Electronics
501147,2,P027,4.0,144.84,0.0,579.36,579.36,True,Grocery
501147,3,P039,1.0,205.02,20.0,205.02,164.01600000000002,True,Beauty
501147,4,P013,2.0,285.97,15.0,571.94,486.14900000000006,True,Beauty
501148,1,P019,2.0,540.16,0.0,1080.32,1080.32,True,Electronics
501148,2,P014,4.0,481.31,0.0,1925.24,1925.24,True,Books
501148,3,P014,2.0,460.17,0.0,920.34,920.34,True,Books
501148,4,P050,3.0,422.55,0.0,1267.65,1267.65,True,Grocery
501149,1,P050,1.0,453.09,10.0,453.09,407.781,True,Grocery
501149,2,P037,5.0,324.52,10.0,1622.6,1460.34,True,Home
501149,3,P052,3.0,356.21,0.0,1068.6299999999999,1068.6299999999999,True,Sports
501149,4,P043,2.0,380.38,20.0,760.76,608.6080000000001,True,Beauty
501149,5,P009,3.0,547.82,20.0,1643.46,1314.768,True,Sports
501150,1,P052,1.0,396.73,10.0,396.73,357.057,True,Sports
501151,1,P036,3.0,402.0,0.0,1206.0,1206.0,True,Electronics
501151,2,P015,4.0,455.25,20.0,1821.0,1456.8000000000002,True,Books
501151,3,P053,1.0,74.15,20.0,74.15,59.32000000000001,True,Grocery
501152,1,P015,2.0,415.48,20.0,830.96,664.768,True,Books
501152,2,P029,1.0,49.11,0.0,49.11,49.11,True,Grocery
501152,3,P011,1.0,402.01,20.0,402.01,321.608,True,Beauty
501153,1,P057,1.0,451.95,0.0,451.95,451.95,True,Grocery
501153,2,P004,1.0,309.21,5.0,309.21,293.74949999999995,True,Beauty
501153,3,P036,1.0,450.19,20.0,450.19,360.15200000000004,True,Electronics
501154,1,P022,1.0,59.41,10.0,59.41,53.469,True,Books
501154,2,P027,5.0,143.73,20.0,718.65,574.92,True,Grocery
501154,3,P048,1.0,696.48,0.0,696.48,696.48,True,Beauty
501154,4,P037,3.0,338.68,5.0,1016.04,965.2379999999999,True,Home
501155,1,P008,4.0,343.71,0.0,1374.84,1374.84,True,Electronics
501155,2,P022,5.0,56.64,20.0,283.2,226.56,True,Books
501155,3,P027,1.0,161.7,20.0,161.7,129.35999999999999,True,Grocery
501155,4,P034,2.0,368.81,10.0,737.62,663.8580000000001,True,Electronics
501155,5,P021,4.0,174.94,0.0,699.76,699.76,True,Sports
501156,1,P013,2.0,286.78,5.0,573.56,544.882,True,Beauty
501156,2,P030,4.0,295.8,15.0,1183.2,1005.72,True,Electronics
501156,3,P034,4.0,384.79,5.0,1539.16,1462.202,True,Electronics
501157,1,P027,2.0,171.62,15.0,343.24,291.754,True,Grocery
501157,2,P005,3.0,166.02,10.0,498.06000000000006,448.2540000000001,True,Electronics
501157,3,P044,4.0,440.48,0.0,1761.92,1761.92,True,Electronics
501157,4,P039,1.0,195.36,0.0,195.36,195.36,True,Beauty
501157,5,P035,5.0,548.24,0.0,2741.2,2741.2,True,Grocery
501157,6,P039,1.0,213.58,0.0,213.58,213.58,True,Beauty
501158,1,P029,3.0,56.68,5.0,170.04,161.53799999999998,True,Grocery
501158,2,P010,2.0,83.64,0.0,167.28,167.28,True,Electronics
501159,1,P004,2.0,322.75,20.0,645.5,516.4,True,Beauty
501160,1,P049,2.0,112.12,15.0,224.24,190.604,True,Electronics
501160,2,P058,2.0,553.27,20.0,1106.54,885.232,True,Sports
501161,1,P044,1.0,518.15,0.0,518.15,518.15,True,Electronics
501161,2,P037,3.0,364.3,0.0,1092.9,1092.9,True,Home
501161,3,P046,4.0,48.36,15.0,193.44,164.424,True,Electronics
501161,4,P016,1.0,675.7,20.0,675.7,540.5600000000001,True,Grocery
501162,1,P053,2.0,73.44,20.0,146.88,117.504,True,Grocery
501162,2,P053,3.0,63.72,0.0,191.16,191.16,True,Grocery
501162,3,P029,2.0,44.51,20.0,89.02,71.216,True,Grocery
501162,4,P023,4.0,66.71,20.0,266.84,213.47199999999998,True,Books
501163,1,P009,1.0,569.9,5.0,569.9,541.405,True,Sports
501164,1,P047,5.0,328.58,5.0,1642.8999999999999,1560.7549999999999,True,Home
501165,1,P020,1.0,325.01,0.0,325.01,325.01,True,Home
501166,1,P060,1.0,156.08,5.0,156.08,148.276,True,Books
501166,2,P037,3.0,301.03,10.0,903.0899999999999,812.781,True,Home
501166,3,P048,5.0,603.34,15.0,3016.7000000000003,2564.195,True,Beauty
501167,1,P031,4.0,45.49,5.0,181.96,172.862,True,Electronics
501167,2,P053,3.0,60.52,0.0,181.56,181.56,True,Grocery
501167,3,P049,5.0,120.61,0.0,603.05,603.05,True,Electronics
501167,4,P048,1.0,608.01,5.0,608.01,577.6094999999999,True,Beauty
501167,5,P034,4.0,396.09,15.0,1584.36,1346.706,True,Electronics
501168,1,P047,4.0,403.99,20.0,1615.96,1292.768,True,Home
501168,2,P029,1.0,44.57,20.0,44.57,35.656,True,Grocery
501168,3,P041,1.0,661.84,0.0,661.84,661.84,True,Home
501168,4,P048,1.0,686.07,10.0,686.07,617.4630000000001,True,Beauty
501168,5,P030,3.0,362.31,20.0,1086.93,869.5440000000001,True,Electronics
501168,6,P002,1.0,388.82,0.0,388.82,388.82,True,Books
501169,1,P036,1.0,381.89,10.0,381.89,343.701,True,Electronics
501169,2,P055,3.0,499.43,0.0,1498.29,1498.29,True,Beauty
501169,3,P007,1.0,369.51,0.0,369.51,369.51,True,Grocery
501169,4,P020,1.0,431.7,0.0,431.7,431.7,True,Home
501169,5,P018,3.0,82.66,0.0,247.98,247.98,True,Sports
501169,6,P045,5.0,350.47,15.0,1752.3500000000001,1489.4975000000002,True,Grocery
501170,1,P046,1.0,37.57,0.0,37.57,37.57,True,Electronics
501170,2,P052,4.0,397.45,0.0,1589.8,1589.8,True,Sports
501171,1,P031,1.0,42.6,0.0,42.6,42.6,True,Electronics
501171,2,P009,5.0,659.66,15.0,3298.2999999999997,2803.555,True,Sports
501171,3,P045,3.0,322.3,20.0,966.9000000000001,773.5200000000001,True,Grocery
501171,4,P047,3.0,368.77,0.0,1106.31,1106.31,True,Home
501171,5,P013,1.0,275.44,15.0,275.44,234.124,True,Beauty
501172,1,P045,5.0,331.27,20.0,1656.35,1325.08,True,Grocery
501172,2,P008,2.0,340.07,0.0,680.14,680.14,True,Electronics
501172,3,P048,5.0,638.23,0.0,3191.15,3191.15,True,Beauty
501173,1,P005,2.0,135.65,10.0,271.3,244.17000000000002,True,Electronics
501173,2,P027,1.0,146.58,0.0,146.58,146.58,True,Grocery
501174,1,P060,3.0,176.04,10.0,528.12,475.308,True,Books
501174,2,P015,3.0,406.72,0.0,1220.16,1220.16,True,Books
501175,1,P009,2.0,598.15,0.0,1196.3,1196.3,True,Sports
501175,2,P050,2.0,487.01,10.0,974.02,876.618,True,Grocery
501175,3,P004,1.0,308.17,5.0,308.17,292.7615,True,Beauty
501175,4,P002,1.0,397.81,0.0,397.81,397.81,True,Books
501175,5,P056,1.0,229.96,0.0,229.96,229.96,True,Electronics
501176,1,P041,2.0,604.86,15.0,1209.72,1028.262,True,Home
501176,2,P037,5.0,355.19,20.0,1775.95,1420.7600000000002,True,Home
501177,1,P004,1.0,358.44,0.0,358.44,358.44,True,Beauty
501177,2,P018,1.0,71.06,20.0,71.06,56.848000000000006,True,Sports
501177,3,P001,1.0,22.63,20.0,22.63,18.104,True,Grocery
501177,4,P012,1.0,291.23,0.0,291.23,291.23,True,Beauty
501177,5,P054,2.0,253.67,5.0,507.34,481.97299999999996,True,Home
501177,6,P041,4.0,675.21,5.0,2700.84,2565.7980000000002,True,Home
501178,1,P046,1.0,44.72,5.0,44.72,42.483999999999995,True,Electronics
501178,2,P007,1.0,420.79,15.0,420.79,357.6715,True,Grocery
501178,3,P058,4.0,463.17,0.0,1852.68,1852.68,True,Sports
501179,1,P010,2.0,94.91,10.0,189.82,170.838,True,Electronics
501179,2,P034,3.0,354.34,10.0,1063.02,956.718,True,Electronics
501179,3,P022,1.0,56.81,0.0,56.81,56.81,True,Books
501180,1,P043,2.0,412.63,10.0,825.26,742.734,True,Beauty
501180,2,P022,4.0,56.09,5.0,224.36,213.142,True,Books
501181,1,P003,2.0,351.95,15.0,703.9,598.3149999999999,True,Home
501181,2,P005,5.0,152.62,0.0,763.1,763.1,True,Electronics
501182,1,P054,4.0,283.88,0.0,1135.52,1135.52,True,Home
501183,1,P024,1.0,551.64,20.0,551.64,441.312,True,Sports
501183,2,P041,4.0,637.53,0.0,2550.12,2550.12,True,Home
501183,3,P013,1.0,276.42,20.0,276.42,221.13600000000002,True,Beauty
501184,1,P026,5.0,191.97,5.0,959.85,911.8575,True,Beauty
501184,2,P055,3.0,446.69,20.0,1340.07,1072.056,True,Beauty
501184,3,P016,4.0,702.87,0.0,2811.48,2811.48,True,Grocery
501184,4,P060,1.0,156.02,0.0,156.02,156.02,True,Books
501184,5,P057,1.0,473.94,0.0,473.94,473.94,True,Grocery
501185,1,P003,3.0,378.82,20.0,1136.46,909.1680000000001,True,Home
501186,1,P023,2.0,55.75,20.0,111.5,89.2,True,Books
501186,2,P033,1.0,148.09,0.0,148.09,148.09,True,Sports
501186,3,P009,1.0,683.79,20.0,683.79,547.032,True,Sports
501186,4,P053,5.0,74.48,0.0,372.40000000000003,372.40000000000003,True,Grocery
501187,1,P049,2.0,114.5,0.0,229.0,229.0,True,Electronics
501188,1,P009,4.0,572.48,5.0,2289.92,2175.424,True,Sports
501188,2,P037,4.0,329.85,10.0,1319.4,1187.46,True,Home
501188,3,P023,1.0,53.96,20.0,53.96,43.168000000000006,True,Books
501188,4,P001,1.0,18.99,0.0,18.99,18.99,True,Grocery
501188,5,P002,1.0,398.88,0.0,398.88,398.88,True,Books
501189,1,P050,5.0,420.29,5.0,2101.4500000000003,1996.3775,True,Grocery
501189,2,P052,2.0,316.82,5.0,633.64,601.958,True,Sports
501189,3,P032,5.0,480.52,20.0,2402.6,1922.08,True,Grocery
501189,4,P052,1.0,401.26,0.0,401.26,401.26,True,Sports
501189,5,P035,5.0,584.6,0.0,2923.0,2923.0,True,Grocery
501190,1,P026,3.0,223.6,5.0,670.8,637.2599999999999,True,Beauty
501190,2,P047,1.0,360.5,0.0,360.5,360.5,True,Home
501190,3,P014,2.0,451.77,0.0,903.54,903.54,True,Books
501190,5,P029,2.0,55.59,20.0,111.18,88.94400000000002,True,Grocery
501192,1,P016,3.0,711.1,0.0,2133.3,2133.3,True,Grocery
501193,1,P004,2.0,347.92,0.0,695.84,695.84,True,Beauty
501194,1,P047,5.0,380.66,10.0,1903.3000000000002,1712.9700000000003,True,Home
501194,2,P052,4.0,378.09,10.0,1512.36,1361.124,True,Sports
501194,3,P035,5.0,651.66,5.0,3258.2999999999997,3095.3849999999998,True,Grocery
501194,4,P044,5.0,410.4,0.0,2052.0,2052.0,True,Electronics
501194,5,P015,2.0,471.24,0.0,942.48,942.48,True,Books
501194,6,P052,3.0,348.69,15.0,1046.07,889.1594999999999,True,Sports
501195,1,P037,2.0,343.15,15.0,686.3,583.3549999999999,True,Home
501195,2,P051,1.0,114.42,0.0,114.42,114.42,True,Electronics
501195,3,P010,5.0,89.52,0.0,447.59999999999997,447.59999999999997,True,Electronics
501196,1,P018,4.0,77.67,0.0,310.68,310.68,True,Sports
501196,2,P012,1.0,226.78,10.0,226.78,204.102,True,Beauty
501197,1,P040,2.0,462.27,15.0,924.54,785.8589999999999,True,Electronics
501197,2,P008,1.0,349.34,20.0,349.34,279.472,True,Electronics
501197,3,P038,1.0,204.65,0.0,204.65,204.65,True,Sports
501197,4,P013,4.0,251.4,10.0,1005.6,905.0400000000001,True,Beauty
501198,1,P051,1.0,119.95,0.0,119.95,119.95,True,Electronics
501199,1,P055,5.0,546.21,0.0,2731.05,2731.05,True,Beauty
501199,2,P042,2.0,460.37,0.0,920.74,920.74,True,Beauty
501199,3,P054,2.0,311.75,5.0,623.5,592.3249999999999,True,Home
501200,1,P027,2.0,167.45,10.0,334.9,301.40999999999997,True,Grocery
501200,2,P026,1.0,229.66,0.0,229.66,229.66,True,Beauty
501200,3,P032,5.0,456.57,0.0,2282.85,2282.85,True,Grocery
501200,4,P010,4.0,102.3,5.0,409.2,388.73999999999995,True,Electronics
501200,5,P018,3.0,73.71,15.0,221.13,187.9605,True,Sports
501200,6,P041,2.0,695.08,0.0,1390.16,1390.16,True,Home
500460,1,P051,5.0,118.94,0.0,594.7,594.7,True,Electronics
500223,4,P020,4.0,388.17,0.0,1552.68,1552.68,True,Home
501137,3,P048,1.0,583.1,0.0,583.1,583.1,True,Beauty
500667,2,P026,4.0,238.35,10.0,953.4,858.06,True,Beauty
500670,2,P021,4.0,158.56,0.0,634.24,634.24,True,Sports
501191,2,P002,2.0,388.32,0.0,776.64,776.64,True,Books
501191,1,P041,5.0,609.41,0.0,3047.0499999999997,3047.0499999999997,True,Home
500361,1,P048,3.0,676.06,0.0,2028.1799999999998,2028.1799999999998,True,Beauty
501005,4,P054,2.0,280.13,0.0,560.26,560.26,True,Home
500048,2,P040,2.0,428.53,0.0,857.06,857.06,True,Electronics
500319,2,P029,2.0,55.86,5.0,111.72,106.134,True,Grocery
501094,4,P048,3.0,554.85,10.0,1664.5500000000002,1498.0950000000003,True,Beauty
500277,2,P007,5.0,387.13,15.0,1935.65,1645.3025,True,Grocery
500489,4,P006,4.0,247.39,15.0,989.56,841.126,True,Sports
500323,6,P034,1.0,358.83,10.0,358.83,322.947,True,Electronics
501008,1,P030,3.0,389.41,5.0,1168.23,1109.8184999999999,True,Electronics
501058,4,P021,4.0,162.58,5.0,650.32,617.804,True,Sports
501007,4,P001,2.0,22.09,5.0,44.18,41.971,True,Grocery
500129,2,P048,1.0,587.13,10.0,587.13,528.417,True,Beauty
501032,2,P016,1.0,632.52,0.0,632.52,632.52,True,Grocery
500603,2,P009,2.0,573.27,0.0,1146.54,1146.54,True,Sports
500370,4,P023,5.0,63.68,5.0,318.4,302.47999999999996,True,Books
500452,1,P052,4.0,390.83,5.0,1563.32,1485.1539999999998,True,Sports
500093,1,P031,1.0,50.29,0.0,50.29,50.29,True,Electronics
500922,1,P005,2.0,170.92,20.0,341.84,273.472,True,Electronics
500913,4,P003,1.0,414.14,0.0,414.14,414.14,True,Home
500118,1,P042,2.0,449.29,5.0,898.58,853.651,True,Beauty
501190,4,P058,5.0,440.51,15.0,2202.55,1872.1675,True,Sports
500527,5,P054,2.0,268.39,0.0,536.78,536.78,True,Home
500801,2,P042,1.0,452.22,10.0,452.22,406.99800000000005,True,Beauty
