order_id,customer_id,order_date,order_status,sales_channel,currency,customer_segment,order_expected_amount,total_cash_collected_amount,total_refund_amount,net_collected_amount,points_used,payment_event_count,installment_event_count,latest_payment_status,has_customer,has_any_payment,has_successful_payment,has_pending_payment,has_refund,is_fully_paid,is_partially_paid,is_overpaid,is_valid_revenue
500001,10226,2026-04-20,paid,store,CHF,B2C,1846.25,1846.25,0.0,1846.25,0.0,1.0,0.0,success,True,True,True,False,False,True,False,False,True
500002,10196,2026-01-19,pending,online,CHF,B2C,980.4,980.4,0.0,980.4,0.0,2.0,0.0,success,True,True,True,False,False,True,False,False,False
500003,10025,2026-01-11,paid,store,CHF,B2C,3169.554,3169.55,0.0,3169.55,0.0,1.0,0.0,success,True,True,True,False,False,False,True,False,True
500004,10079,2026-03-18,paid,store,CHF,B2C,2090.6150000000002,2090.62,0.0,2090.62,0.0,1.0,0.0,success,True,True,True,False,False,True,False,True,True
500005,10068,2026-02-15,pending,online,CHF,B2B,1411.469,1411.47,0.0,1411.47,0.0,1.0,0.0,success,True,True,True,False,False,True,False,True,False
500006,10173,2026-02-14,paid,mobile_app,CHF,B2C,824.3929999999999,824.39,0.0,824.39,0.0,2.0,2.0,success,True,True,True,False,False,False,True,False,True
500007,10188,2026-01-01,paid,online,CHF,B2C,328.887,328.89,328.89,0.0,0.0,2.0,0.0,refunded,True,True,True,False,True,False,False,False,False
500008,10012,2026-02-09,paid,mobile_app,CHF,VIP,118.36999999999999,118.37,0.0,118.37,0.0,2.0,0.0,success,True,True,True,False,False,True,False,True,True
500009,10032,2026-04-18,paid,online,CHF,B2C,2388.41,0.0,0.0,0.0,0.0,1.0,0.0,failed,True,True,False,False,False,False,False,False,False
500010,10128,2026-01-19,paid,online,CHF,B2B,2784.9225,2784.92,278.49,2506.4300000000003,0.0,2.0,0.0,refunded,True,True,True,False,True,False,True,False,True
500011,10096,2026-03-17,paid,store,CHF,B2C,1758.234,1758.23,0.0,1758.23,0.0,2.0,0.0,success,True,True,True,False,False,False,True,False,True
500013,10141,2026-03-13,paid,mobile_app,CHF,VIP,230.49450000000002,230.49,0.0,230.49,0.0,1.0,0.0,success,True,True,True,False,False,False,True,False,True
500014,10031,2026-03-02,cancelled,store,CHF,B2C,4866.335,0.0,0.0,0.0,0.0,0.0,0.0,,True,False,False,False,False,False,False,False,False
500015,10078,2026-04-27,paid,store,CHF,B2C,230.0695,230.07,57.52,172.54999999999998,0.0,2.0,0.0,refunded,True,True,True,False,True,False,True,False,True
500016,10020,2026-04-19,paid,online,CHF,B2C,2130.126,2130.13,0.0,2130.13,0.0,2.0,2.0,success,True,True,True,False,False,True,False,True,True
500017,10146,2026-01-12,paid,store,CHF,B2C,2928.65,0.0,0.0,0.0,10.0,1.0,0.0,success,True,True,True,False,False,False,False,False,False
500018,10221,2026-03-02,paid,store,CHF,B2C,4627.102,0.0,0.0,0.0,0.0,1.0,0.0,failed,True,True,False,False,False,False,False,False,False
500019,10060,2026-04-22,paid,online,CHF,B2C,2801.8379999999997,2801.84,1400.92,1400.92,0.0,2.0,0.0,refunded,True,True,True,False,True,False,True,False,True
500020,10191,2026-02-02,paid,mobile_app,CHF,B2C,313.119,313.12,0.0,313.12,0.0,2.0,0.0,success,True,True,True,False,False,True,False,True,True
500021,10134,2026-02-14,paid,store,CHF,B2C,1380.16,0.0,0.0,0.0,0.0,1.0,0.0,failed,True,True,False,False,False,False,False,False,False
500022,10160,,pending,store,CHF,B2B,474.14700000000005,474.15,0.0,474.15,0.0,1.0,0.0,success,True,True,True,False,False,True,False,True,False
500023,10093,2026-04-13,paid,store,CHF,B2B,3105.291,3105.29,0.0,3105.29,0.0,1.0,0.0,success,True,True,True,False,False,False,True,False,True
500024,10043,2026-04-02,cancelled,mobile_app,CHF,B2C,1204.676,1204.68,0.0,1204.68,0.0,1.0,0.0,success,True,True,True,False,False,True,False,True,False
500025,10130,2026-03-10,paid,online,CHF,B2C,1324.961,1324.96,0.0,1324.96,0.0,1.0,0.0,success,True,True,True,False,False,False,True,False,True
500026,10060,2026-01-08,cancelled,store,CHF,B2C,3495.913,0.0,0.0,0.0,0.0,0.0,0.0,,True,False,False,False,False,False,False,False,False
500027,10151,2026-01-25,paid,online,CHF,VIP,4101.192,4101.19,0.0,4101.19,0.0,1.0,0.0,success,True,True,True,False,False,False,True,False,True
500028,10211,2026-04-01,pending,store,CHF,B2C,3122.942,3122.94,0.0,3122.94,0.0,1.0,0.0,success,True,True,True,False,False,False,True,False,False
500029,10031,2026-02-15,paid,online,CHF,B2C,1550.8110000000001,1550.81,775.4,775.41,0.0,2.0,0.0,refunded,True,True,True,False,True,False,True,False,True
500030,10243,2026-03-28,paid,mobile_app,CHF,VIP,4768.360000000001,0.0,0.0,0.0,0.0,1.0,0.0,failed,True,True,False,False,False,False,False,False,False
500031,10005,2026-01-30,paid,online,CHF,B2C,1761.2849999999999,1761.28,0.0,1761.28,0.0,1.0,0.0,success,True,True,True,False,False,False,True,False,True
500032,10211,2026-04-19,paid,online,CHF,B2C,580.86,580.86,0.0,580.86,0.0,1.0,0.0,success,True,True,True,False,False,True,False,False,True
500033,10162,2026-02-16,paid,store,CHF,B2C,2710.018,2710.02,0.0,2710.02,0.0,1.0,0.0,success,True,True,True,False,False,True,False,True,True
500034,10010,2026-03-28,paid,online,CHF,B2B,1001.7460000000001,1001.75,0.0,1001.75,0.0,1.0,0.0,success,True,True,True,False,False,True,False,True,True
500036,10130,2026-02-16,paid,store,CHF,B2C,2672.0615,2672.06,0.0,2672.06,0.0,2.0,2.0,success,True,True,True,False,False,False,True,False,True
500037,10126,2026-03-25,paid,online,CHF,B2C,2344.7655,2344.77,0.0,2344.77,0.0,1.0,0.0,success,True,True,True,False,False,True,False,True,True
500038,10011,2026-03-23,paid,store,CHF,B2C,4873.629,4873.63,0.0,4873.63,0.0,1.0,0.0,success,True,True,True,False,False,True,False,True,True
500039,10178,2026-01-18,refunded,online,CHF,B2C,2363.4585,2363.46,0.0,2363.46,0.0,1.0,0.0,success,True,True,True,False,False,True,False,True,False
500040,10159,2026-03-07,paid,store,CHF,B2C,1548.3775,544.52,0.0,544.52,0.0,2.0,2.0,pending,True,True,True,True,False,False,True,False,True
500041,10056,2026-03-09,refunded,mobile_app,CHF,VIP,487.314,487.31,0.0,487.31,0.0,2.0,2.0,success,True,True,True,False,False,False,True,False,False
500042,10207,2026-04-04,paid,store,CHF,B2C,9024.0725,9004.07,0.0,9004.07,20.0,1.0,0.0,success,True,True,True,False,False,False,True,False,True
500043,10201,2026-02-02,pending,online,CHF,B2C,720.2094999999999,720.21,0.0,720.21,0.0,1.0,0.0,success,True,True,True,False,False,True,False,True,False
500044,10215,2026-02-05,pending,online,CHF,B2B,2358.38,2358.38,0.0,2358.38,0.0,2.0,2.0,success,True,True,True,False,False,True,False,False,False
500045,10083,2026-03-23,paid,online,CHF,B2C,6585.050499999999,6585.05,0.0,6585.05,0.0,1.0,0.0,success,True,True,True,False,False,False,True,False,True
500046,10137,2026-04-11,paid,store,CHF,B2C,3505.7439999999997,3505.74,0.0,3505.74,0.0,1.0,0.0,success,True,True,True,False,False,False,True,False,True
500047,10099,2026-01-19,paid,online,CHF,B2C,514.296,261.09,0.0,261.09,0.0,2.0,2.0,pending,True,True,True,True,False,False,True,False,True
500048,10149,2026-04-21,pending,online,CHF,B2C,4638.6810000000005,4638.68,0.0,4638.68,0.0,1.0,0.0,success,True,True,True,False,False,False,True,False,False
500049,10073,2026-01-28,paid,store,CHF,B2C,1848.714,1848.71,0.0,1848.71,0.0,1.0,0.0,success,True,True,True,False,False,False,True,False,True
500050,10156,2026-02-09,paid,store,CHF,B2C,4417.3465,4417.35,0.0,4417.35,0.0,1.0,0.0,success,True,True,True,False,False,True,False,True,True
500051,10190,2026-03-25,paid,online,CHF,B2C,1815.52,1815.52,0.0,1815.52,0.0,1.0,0.0,success,True,True,True,False,False,True,False,False,True
500052,10238,2026-04-23,pending,online,CHF,B2C,4641.1269999999995,4641.13,0.0,4641.13,0.0,1.0,0.0,success,True,True,True,False,False,True,False,True,False
500053,10115,2026-04-07,pending,store,CHF,B2C,1454.5620000000001,1454.56,0.0,1454.56,0.0,2.0,2.0,success,True,True,True,False,False,False,True,False,False
500054,10007,2026-03-17,refunded,store,CHF,B2C,1937.634,1937.63,0.0,1937.63,0.0,2.0,0.0,success,True,True,True,False,False,False,True,False,False
500055,10080,2026-04-25,paid,store,CHF,B2C,5776.686000000001,5776.69,0.0,5776.69,0.0,1.0,0.0,success,True,True,True,False,False,True,False,True,True
500056,10144,2026-01-15,paid,online,CHF,B2C,1037.3290000000002,1037.33,0.0,1037.33,0.0,1.0,0.0,success,True,True,True,False,False,True,False,True,True
500057,10097,2026-02-10,paid,online,CHF,B2C,2025.367,2025.37,0.0,2025.37,0.0,1.0,0.0,success,True,True,True,False,False,True,False,True,True
500058,10004,2026-02-08,paid,online,CHF,B2C,4240.196,4240.2,0.0,4240.2,0.0,1.0,0.0,success,True,True,True,False,False,True,False,True,True
500059,10004,2026-01-02,paid,mobile_app,CHF,B2C,1144.742,1144.74,0.0,1144.74,0.0,1.0,0.0,success,True,True,True,False,False,False,True,False,True
500060,10103,2026-03-04,paid,online,CHF,B2C,3497.9525,3497.95,0.0,3497.95,0.0,2.0,0.0,success,True,True,True,False,False,False,True,False,True
500061,10040,2026-01-29,paid,store,CHF,B2C,2518.505,2518.51,0.0,2518.51,0.0,1.0,0.0,success,True,True,True,False,False,True,False,True,True
500062,10017,2026-04-15,paid,store,CHF,B2C,214.48499999999999,214.48000000000002,0.0,214.48000000000002,0.0,2.0,2.0,success,True,True,True,False,False,False,True,False,True
500063,10101,2026-03-15,pending,store,CHF,B2C,1600.545,1600.55,400.14,1200.4099999999999,0.0,2.0,0.0,refunded,True,True,True,False,True,False,True,False,False
500064,10103,2026-03-07,paid,mobile_app,CHF,B2C,1387.8400000000001,1387.84,0.0,1387.84,0.0,2.0,0.0,success,True,True,True,False,False,False,True,False,True
500065,10124,2026-02-20,pending,online,CHF,B2C,142.91,142.91,0.0,142.91,0.0,1.0,0.0,success,True,True,True,False,False,True,False,False,False
500066,10052,2026-03-16,paid,store,CHF,B2B,4128.2,4128.2,0.0,4128.2,0.0,1.0,0.0,success,True,True,True,False,False,True,False,False,True
500067,10221,2026-03-18,paid,store,CHF,B2C,4090.839,4090.84,2045.42,2045.42,0.0,2.0,0.0,refunded,True,True,True,False,True,False,True,False,True
500068,10052,2026-01-10,paid,online,CHF,B2B,1416.459,1416.46,0.0,1416.46,0.0,2.0,0.0,success,True,True,True,False,False,True,False,True,True
500069,10164,2026-01-14,paid,online,CHF,B2C,1365.52,1365.52,682.76,682.76,0.0,2.0,0.0,refunded,True,True,True,False,True,False,True,False,True
500070,10124,2026-03-23,paid,store,CHF,B2C,2844.522,2844.52,0.0,2844.52,0.0,2.0,0.0,success,True,True,True,False,False,False,True,False,True
500071,10166,2026-02-20,paid,mobile_app,CHF,B2B,264.18,264.18,0.0,264.18,0.0,2.0,0.0,success,True,True,True,False,False,True,False,False,True
500072,10231,2026-04-28,paid,online,CHF,B2B,112.6,112.6,0.0,112.6,0.0,1.0,0.0,success,True,True,True,False,False,True,False,False,True
500073,10178,2026-03-14,paid,store,CHF,B2C,4178.438,4178.44,0.0,4178.44,0.0,2.0,0.0,success,True,True,True,False,False,True,False,True,True
500074,10063,2026-02-08,paid,mobile_app,CHF,B2B,3376.3399999999997,3376.34,0.0,3376.34,0.0,2.0,0.0,success,True,True,True,False,False,True,False,True,True
500075,10229,2026-01-28,refunded,store,CHF,B2B,3060.71,3060.71,0.0,3060.71,0.0,1.0,0.0,success,True,True,True,False,False,True,False,False,False
500076,10116,2026-01-03,cancelled,mobile_app,CHF,B2B,3331.1834999999996,0.0,0.0,0.0,0.0,0.0,0.0,,True,False,False,False,False,False,False,False,False
500077,10191,2026-03-25,cancelled,mobile_app,CHF,B2C,255.935,255.94,0.0,255.94,0.0,1.0,0.0,success,True,True,True,False,False,True,False,True,False
500078,10062,2026-03-11,paid,online,CHF,B2C,2295.284,2295.28,0.0,2295.28,0.0,1.0,0.0,success,True,True,True,False,False,False,True,False,True
500079,10227,2026-01-27,cancelled,online,CHF,VIP,2242.3455000000004,0.0,0.0,0.0,0.0,0.0,0.0,,True,False,False,False,False,False,False,False,False
500080,10007,2026-04-27,cancelled,store,CHF,B2C,7772.4285,0.0,0.0,0.0,0.0,0.0,0.0,,True,False,False,False,False,False,False,False,False
500081,10155,2026-01-02,paid,mobile_app,CHF,VIP,1526.3675,1526.37,152.64,1373.73,0.0,2.0,0.0,refunded,True,True,True,False,True,False,True,False,True
500082,10092,2026-04-03,refunded,online,CHF,B2B,6418.731,6418.73,0.0,6418.73,0.0,1.0,0.0,success,True,True,True,False,False,False,True,False,False
500083,10214,2026-02-07,paid,online,CHF,B2C,6933.1305,6933.13,0.0,6933.13,0.0,2.0,0.0,success,True,True,True,False,False,False,True,False,True
500084,10014,2026-01-03,refunded,mobile_app,CHF,B2C,2611.5299999999997,2611.53,0.0,2611.53,0.0,2.0,0.0,success,True,True,True,False,False,True,False,True,False
500085,10199,2026-01-16,pending,mobile_app,CHF,B2B,659.2769999999999,659.28,0.0,659.28,0.0,2.0,2.0,success,True,True,True,False,False,True,False,True,False
500086,10229,2026-04-04,paid,online,CHF,B2B,1892.7985,1892.8,1892.8,0.0,0.0,2.0,0.0,refunded,True,True,True,False,True,False,False,False,False
500087,10086,2026-02-09,paid,store,CHF,B2C,6026.892,6026.89,0.0,6026.89,0.0,1.0,0.0,success,True,True,True,False,False,False,True,False,True
500088,10133,2026-01-02,refunded,mobile_app,CHF,B2C,1591.902,1591.9,0.0,1591.9,0.0,2.0,0.0,success,True,True,True,False,False,False,True,False,False
500089,10183,2026-03-22,paid,online,CHF,VIP,2738.411,2738.41,0.0,2738.41,0.0,2.0,0.0,success,True,True,True,False,False,False,True,False,True
500090,10130,2026-02-10,paid,mobile_app,CHF,B2C,3807.44,3807.44,0.0,3807.44,0.0,1.0,0.0,success,True,True,True,False,False,True,False,False,True
500091,10062,2026-01-12,refunded,online,CHF,B2C,2204.223,2204.22,0.0,2204.22,0.0,1.0,0.0,success,True,True,True,False,False,False,True,False,False
500092,10219,2026-02-04,paid,store,CHF,B2C,466.17449999999997,0.0,0.0,0.0,50.0,1.0,0.0,success,True,True,True,False,False,False,False,False,False
500093,10149,2026-04-17,paid,store,CHF,B2C,50.29,50.29,0.0,50.29,0.0,1.0,0.0,success,True,True,True,False,False,True,False,False,True
500094,10246,2026-03-06,paid,online,CHF,VIP,4050.0265,4050.03,0.0,4050.03,0.0,1.0,0.0,success,True,True,True,False,False,True,False,True,True
500095,10230,2026-02-24,paid,online,CHF,B2C,3662.1359999999995,3662.14,0.0,3662.14,0.0,1.0,0.0,success,True,True,True,False,False,True,False,True,True
500096,10079,2026-02-14,paid,store,CHF,B2C,2738.5225,2738.52,0.0,2738.52,0.0,2.0,0.0,success,True,True,True,False,False,False,True,False,True
500097,10149,2026-03-20,paid,online,CHF,B2C,2516.3999999999996,2516.4,0.0,2516.4,0.0,2.0,0.0,success,True,True,True,False,False,True,False,True,True
500098,10138,2026-03-31,paid,store,CHF,B2B,627.606,627.61,0.0,627.61,0.0,2.0,0.0,success,True,True,True,False,False,True,False,True,True
500099,10215,2026-04-11,paid,online,CHF,B2B,4495.7145,4495.71,0.0,4495.71,0.0,1.0,0.0,success,True,True,True,False,False,False,True,False,True
500100,10058,2026-03-26,cancelled,online,CHF,B2C,537.39,0.0,0.0,0.0,0.0,0.0,0.0,,True,False,False,False,False,False,False,False,False
500101,10120,2026-03-03,paid,store,CHF,B2C,4605.33,4605.33,0.0,4605.33,0.0,1.0,0.0,success,True,True,True,False,False,True,False,False,True
500102,10167,2026-02-18,paid,store,CHF,B2C,1218.7105000000001,0.0,0.0,0.0,0.0,1.0,0.0,failed,True,True,False,False,False,False,False,False,False
500103,10133,2026-04-05,paid,store,CHF,B2C,1028.25,1028.25,0.0,1028.25,0.0,1.0,0.0,success,True,True,True,False,False,True,False,False,True
500104,10065,2026-01-25,paid,online,CHF,B2C,758.6324999999999,0.0,0.0,0.0,0.0,1.0,0.0,failed,True,True,False,False,False,False,False,False,False
500105,10013,2026-01-23,paid,store,CHF,B2B,681.016,681.02,0.0,681.02,0.0,1.0,0.0,success,True,True,True,False,False,True,False,True,True
500106,10213,2026-01-24,paid,store,CHF,B2C,4799.064,0.0,0.0,0.0,0.0,1.0,0.0,failed,True,True,False,False,False,False,False,False,False
500108,10242,2026-01-28,paid,mobile_app,CHF,VIP,4403.773,0.0,0.0,0.0,20.0,1.0,0.0,success,True,True,True,False,False,False,False,False,False
500109,10237,2026-01-21,paid,online,CHF,B2C,5289.192,5289.19,0.0,5289.19,0.0,1.0,0.0,success,True,True,True,False,False,False,True,False,True
500110,10213,2026-02-23,paid,mobile_app,CHF,B2C,1973.6640000000002,1973.66,0.0,1973.66,0.0,1.0,0.0,success,True,True,True,False,False,False,True,False,True
500111,10181,2026-04-17,paid,store,CHF,B2C,3142.6500000000005,3142.65,0.0,3142.65,0.0,2.0,2.0,success,True,True,True,False,False,False,True,False,True
500112,10082,2026-01-18,paid,online,CHF,B2C,2317.478,2317.48,0.0,2317.48,0.0,1.0,0.0,success,True,True,True,False,False,True,False,True,True
500113,10229,2026-02-05,paid,online,CHF,B2B,2606.8360000000002,2606.84,0.0,2606.84,0.0,1.0,0.0,success,True,True,True,False,False,True,False,True,True
500114,10173,2026-04-09,paid,online,CHF,B2C,3435.507,3435.51,0.0,3435.51,0.0,1.0,0.0,success,True,True,True,False,False,True,False,True,True
500115,10160,2026-02-14,paid,store,CHF,B2B,4635.849999999999,4635.85,0.0,4635.85,0.0,1.0,0.0,success,True,True,True,False,False,True,False,True,True
500116,10164,2026-04-29,paid,online,CHF,B2C,195.56799999999998,0.0,0.0,0.0,0.0,1.0,0.0,failed,True,True,False,False,False,False,False,False,False
500117,10209,2026-03-14,paid,store,CHF,B2C,613.9520000000001,613.95,0.0,613.95,0.0,2.0,2.0,success,True,True,True,False,False,False,True,False,True
500118,10227,2026-02-22,paid,online,CHF,VIP,853.651,853.65,0.0,853.65,0.0,1.0,0.0,success,True,True,True,False,False,False,True,False,True
500119,10241,2026-04-12,paid,store,CHF,VIP,607.1039999999999,607.1,0.0,607.1,0.0,1.0,0.0,success,True,True,True,False,False,False,True,False,True
500120,10188,2026-01-30,paid,store,CHF,B2C,520.323,520.32,0.0,520.32,0.0,1.0,0.0,success,True,True,True,False,False,False,True,False,True
500121,10139,2026-03-01,paid,store,CHF,B2C,2720.2325,2720.23,0.0,2720.23,0.0,1.0,0.0,success,True,True,True,False,False,False,True,False,True
500122,10191,2026-04-18,paid,store,CHF,B2C,4158.41,4158.41,0.0,4158.41,0.0,1.0,0.0,success,True,True,True,False,False,True,False,False,True
500123,10149,2026-04-08,paid,online,CHF,B2C,3962.5855,3962.5899999999997,0.0,3962.5899999999997,0.0,2.0,2.0,success,True,True,True,False,False,True,False,True,True
500124,10052,2026-02-01,paid,store,CHF,B2B,2053.3885,2053.39,513.35,1540.04,0.0,2.0,0.0,refunded,True,True,True,False,True,False,True,False,True
500125,10183,2026-03-08,paid,mobile_app,CHF,VIP,5763.789,5763.79,0.0,5763.79,0.0,2.0,0.0,success,True,True,True,False,False,True,False,True,True
500126,10117,2026-03-08,paid,store,CHF,B2B,2421.972,2421.97,0.0,2421.97,0.0,1.0,0.0,success,True,True,True,False,False,False,True,False,True
500127,10026,2026-01-28,paid,store,CHF,B2B,3485.0815,3465.08,0.0,3465.08,20.0,1.0,0.0,success,True,True,True,False,False,False,True,False,True
500128,10196,2026-02-13,paid,online,CHF,B2C,2884.07,2884.07,0.0,2884.07,0.0,1.0,0.0,success,True,True,True,False,False,True,False,False,True
500129,10034,2026-03-20,pending,store,CHF,VIP,1736.3310000000001,1736.33,0.0,1736.33,0.0,1.0,0.0,success,True,True,True,False,False,False,True,False,False
500130,10052,2026-02-10,paid,online,CHF,B2B,6317.8655,6317.87,0.0,6317.87,0.0,1.0,0.0,success,True,True,True,False,False,True,False,True,True
500131,10112,2026-03-04,cancelled,online,CHF,B2C,3948.427,0.0,0.0,0.0,0.0,0.0,0.0,,True,False,False,False,False,False,False,False,False
500132,10082,2026-01-23,paid,store,CHF,B2C,424.19,424.19,0.0,424.19,0.0,1.0,0.0,success,True,True,True,False,False,True,False,False,True
500133,10232,2026-04-14,paid,store,CHF,B2C,2315.156,0.0,0.0,0.0,100.0,1.0,0.0,success,True,True,True,False,False,False,False,False,False
500134,10227,2026-03-16,paid,store,CHF,VIP,3427.5215,3427.52,0.0,3427.52,0.0,1.0,0.0,success,True,True,True,False,False,False,True,False,True
500135,10233,2026-02-17,paid,store,CHF,B2C,2983.51,2983.51,0.0,2983.51,0.0,1.0,0.0,success,True,True,True,False,False,True,False,False,True
500136,10221,2026-02-01,paid,store,CHF,B2C,5656.4455,0.0,0.0,0.0,0.0,1.0,0.0,failed,True,True,False,False,False,False,False,False,False
500137,10180,2026-02-26,pending,store,CHF,B2C,840.72,840.72,0.0,840.72,0.0,2.0,2.0,success,True,True,True,False,False,True,False,False,False
500138,10157,2026-04-28,paid,store,CHF,B2C,1509.713,1509.71,0.0,1509.71,0.0,1.0,0.0,success,True,True,True,False,False,False,True,False,True
500139,10166,2026-04-10,pending,online,CHF,B2B,381.81,381.81,0.0,381.81,0.0,1.0,0.0,success,True,True,True,False,False,True,False,False,False
500140,10042,2026-02-02,paid,online,CHF,B2C,6136.7505,0.0,0.0,0.0,0.0,1.0,0.0,failed,True,True,False,False,False,False,False,False,False
500141,10021,2026-01-24,cancelled,online,CHF,B2C,1476.33,0.0,0.0,0.0,0.0,0.0,0.0,,True,False,False,False,False,False,False,False,False
500142,10042,2026-02-08,paid,store,CHF,B2C,2300.648,0.0,0.0,0.0,0.0,1.0,0.0,failed,True,True,False,False,False,False,False,False,False
500143,10141,2026-02-03,cancelled,store,CHF,VIP,1085.0625,1085.06,0.0,1085.06,0.0,1.0,0.0,success,True,True,True,False,False,False,True,False,False
500144,10113,2026-02-25,paid,mobile_app,CHF,VIP,35.275,35.27,0.0,35.27,0.0,2.0,0.0,success,True,True,True,False,False,False,True,False,True
500145,10105,2026-01-28,paid,online,CHF,VIP,2786.306,2786.31,0.0,2786.31,0.0,2.0,0.0,success,True,True,True,False,False,True,False,True,True
500146,10192,2026-02-06,paid,mobile_app,CHF,B2B,688.4745,668.47,0.0,668.47,20.0,1.0,0.0,success,True,True,True,False,False,False,True,False,True
500147,10017,2026-01-07,cancelled,store,CHF,B2C,960.7394999999999,0.0,0.0,0.0,0.0,0.0,0.0,,True,False,False,False,False,False,False,False,False
500148,10120,2026-03-09,paid,online,CHF,B2C,1210.072,1210.07,0.0,1210.07,0.0,1.0,0.0,success,True,True,True,False,False,False,True,False,True
500149,10137,2026-02-06,pending,online,CHF,B2C,2986.1355000000003,2976.14,0.0,2976.14,10.0,1.0,0.0,success,True,True,True,False,False,False,True,False,False
500150,10169,2026-02-25,paid,store,CHF,B2C,5073.941,5073.9400000000005,0.0,5073.9400000000005,0.0,2.0,2.0,success,True,True,True,False,False,False,True,False,True
500151,10129,2026-03-06,pending,online,CHF,B2C,1428.0379999999998,1428.04,357.01,1071.03,0.0,2.0,0.0,refunded,True,True,True,False,True,False,True,False,False
500152,10130,2026-03-06,pending,online,CHF,B2C,998.1899999999999,0.0,0.0,0.0,10.0,1.0,0.0,success,True,True,True,False,False,False,False,False,False
500153,10060,2026-02-16,pending,store,CHF,B2C,3058.071,3058.07,0.0,3058.07,0.0,1.0,0.0,success,True,True,True,False,False,False,True,False,False
500154,10048,2026-01-20,paid,store,CHF,B2C,154.44,154.44,0.0,154.44,0.0,1.0,0.0,success,True,True,True,False,False,True,False,False,True
500155,10029,2026-01-19,paid,online,CHF,B2C,3309.57,3309.57,0.0,3309.57,0.0,2.0,0.0,success,True,True,True,False,False,True,False,False,True
500156,999003,2026-01-29,refunded,mobile_app,CHF,,2561.0625,2561.06,0.0,2561.06,0.0,1.0,0.0,success,False,True,True,False,False,False,True,False,False
500157,10010,2026-03-15,paid,store,CHF,B2B,874.442,874.44,0.0,874.44,0.0,1.0,0.0,success,True,True,True,False,False,False,True,False,True
500158,10242,2026-03-01,paid,store,CHF,VIP,3316.4219999999996,0.0,0.0,0.0,50.0,1.0,0.0,success,True,True,True,False,False,False,False,False,False
500159,10058,2026-01-18,paid,store,CHF,B2C,1041.1415,1041.14,0.0,1041.14,0.0,2.0,0.0,success,True,True,True,False,False,False,True,False,True
500160,10188,2026-04-02,paid,online,CHF,B2C,1129.65,1129.65,1129.65,0.0,0.0,2.0,0.0,refunded,True,True,True,False,True,False,False,False,False
500161,10232,2026-02-04,paid,store,CHF,B2C,4504.9705,4504.97,0.0,4504.97,0.0,1.0,0.0,success,True,True,True,False,False,False,True,False,True
500162,10021,2026-02-12,paid,mobile_app,CHF,B2C,1957.173,1957.17,0.0,1957.17,0.0,1.0,0.0,success,True,True,True,False,False,False,True,False,True
500163,10028,2026-04-21,pending,store,CHF,B2C,4824.0455,4824.05,0.0,4824.05,0.0,2.0,2.0,success,True,True,True,False,False,True,False,True,False
500164,10203,2026-04-05,paid,store,CHF,B2C,84.97399999999999,84.97,0.0,84.97,0.0,1.0,0.0,success,True,True,True,False,False,False,True,False,True
500165,10247,2026-04-01,pending,online,CHF,B2C,3993.344,3993.34,0.0,3993.34,0.0,1.0,0.0,success,True,True,True,False,False,False,True,False,False
500166,10034,2026-01-11,paid,online,CHF,VIP,2401.1279999999997,2401.13,600.28,1800.8500000000001,0.0,2.0,0.0,refunded,True,True,True,False,True,False,True,False,True
500167,10008,2026-02-18,paid,online,CHF,B2B,2613.181,0.0,0.0,0.0,0.0,1.0,0.0,failed,True,True,False,False,False,False,False,False,False
500168,10187,2026-04-23,paid,store,CHF,B2B,980.52,980.52,0.0,980.52,0.0,1.0,0.0,success,True,True,True,False,False,True,False,False,True
500169,10214,2026-02-07,paid,mobile_app,CHF,B2C,1932.288,1932.29,0.0,1932.29,0.0,2.0,0.0,success,True,True,True,False,False,True,False,True,True
500170,10200,2026-03-05,pending,store,CHF,B2B,1800.9850000000001,1800.99,180.1,1620.89,0.0,2.0,0.0,refunded,True,True,True,False,True,False,True,False,False
500171,10177,2026-03-10,paid,mobile_app,CHF,B2B,1833.19,1833.19,0.0,1833.19,0.0,1.0,0.0,success,True,True,True,False,False,True,False,False,True
500172,10079,2026-01-08,paid,store,CHF,B2C,3304.0675,3304.07,3304.07,0.0,0.0,2.0,0.0,refunded,True,True,True,False,True,False,False,False,False
500173,10145,2026-02-03,paid,online,CHF,B2C,2576.907,2576.91,0.0,2576.91,0.0,2.0,0.0,success,True,True,True,False,False,True,False,True,True
500174,10188,2026-02-17,paid,online,CHF,B2C,601.88,601.88,0.0,601.88,0.0,1.0,0.0,success,True,True,True,False,False,True,False,False,True
500175,10087,2026-04-26,paid,store,CHF,B2B,2527.9115,2527.91,0.0,2527.91,0.0,2.0,0.0,success,True,True,True,False,False,False,True,False,True
500176,10088,2026-02-25,paid,mobile_app,CHF,B2C,653.2315,653.23,0.0,653.23,0.0,2.0,2.0,success,True,True,True,False,False,False,True,False,True
500177,10173,2026-03-17,paid,store,CHF,B2C,1481.538,1481.54,0.0,1481.54,0.0,1.0,0.0,success,True,True,True,False,False,True,False,True,True
500178,10211,2026-04-12,pending,store,CHF,B2C,381.97599999999994,381.98,0.0,381.98,0.0,2.0,0.0,success,True,True,True,False,False,True,False,True,False
500179,10069,2026-03-06,paid,online,CHF,B2C,2471.6335,2471.63,0.0,2471.63,0.0,2.0,0.0,success,True,True,True,False,False,False,True,False,True
500180,10160,2026-01-31,paid,store,CHF,B2B,3176.746,3176.75,317.68,2859.07,0.0,2.0,0.0,refunded,True,True,True,False,True,False,True,False,True
500181,10172,2026-01-04,paid,online,CHF,B2C,2027.926,2027.9299999999998,0.0,2027.9299999999998,0.0,2.0,2.0,success,True,True,True,False,False,True,False,True,True
500182,10193,2026-04-23,cancelled,store,CHF,VIP,5684.2805,0.0,0.0,0.0,0.0,0.0,0.0,,True,False,False,False,False,False,False,False,False
500183,10087,2026-04-19,paid,store,CHF,B2B,1092.6495,1092.65,546.33,546.32,0.0,2.0,0.0,refunded,True,True,True,False,True,False,True,False,True
500184,10101,2026-02-19,paid,store,CHF,B2C,2933.5509999999995,2933.55,293.36,2640.19,0.0,2.0,0.0,refunded,True,True,True,False,True,False,True,False,True
500185,10008,2026-03-10,paid,store,CHF,B2B,1809.48,1809.48,0.0,1809.48,0.0,2.0,0.0,success,True,True,True,False,False,True,False,False,True
500186,10077,2026-01-30,refunded,online,CHF,B2B,411.75,411.75,0.0,411.75,0.0,1.0,0.0,success,True,True,True,False,False,True,False,False,False
500187,10200,2026-04-30,paid,online,CHF,B2B,2060.384,2060.38,0.0,2060.38,0.0,1.0,0.0,success,True,True,True,False,False,False,True,False,True
500188,10249,2026-03-29,cancelled,mobile_app,CHF,VIP,345.624,0.0,0.0,0.0,0.0,0.0,0.0,,True,False,False,False,False,False,False,False,False
500189,10087,2026-02-28,paid,online,CHF,B2B,4409.899,4409.9,0.0,4409.9,0.0,2.0,0.0,success,True,True,True,False,False,True,False,True,True
500190,10043,2026-03-08,paid,store,CHF,B2C,3711.098,3706.1,0.0,3706.1,5.0,1.0,0.0,success,True,True,True,False,False,False,True,False,True
500191,10129,2026-03-16,cancelled,store,CHF,B2C,4163.668,0.0,0.0,0.0,0.0,0.0,0.0,,True,False,False,False,False,False,False,False,False
500192,10109,2026-02-14,paid,store,CHF,B2C,2525.316,2525.32,0.0,2525.32,0.0,2.0,0.0,success,True,True,True,False,False,True,False,True,True
500193,10179,2026-01-04,pending,store,CHF,VIP,2970.4045,2970.4,0.0,2970.4,0.0,1.0,0.0,success,True,True,True,False,False,False,True,False,False
500194,10152,2026-01-26,pending,online,CHF,B2C,1658.087,1658.09,0.0,1658.09,0.0,1.0,0.0,success,True,True,True,False,False,True,False,True,False
500195,10227,2026-01-27,pending,store,CHF,VIP,2468.04,0.0,0.0,0.0,0.0,1.0,0.0,failed,True,True,False,False,False,False,False,False,False
500196,10152,2026-02-15,paid,store,CHF,B2C,725.8425,720.84,0.0,720.84,5.0,1.0,0.0,success,True,True,True,False,False,False,True,False,True
500197,10017,2026-04-28,cancelled,mobile_app,CHF,B2C,398.82899999999995,0.0,0.0,0.0,0.0,0.0,0.0,,True,False,False,False,False,False,False,False,False
500198,10133,2026-04-17,paid,online,CHF,B2C,38.992000000000004,38.99,0.0,38.99,0.0,2.0,0.0,success,True,True,True,False,False,False,True,False,True
500199,10148,2026-03-05,pending,store,CHF,B2C,5292.3895,5292.39,0.0,5292.39,0.0,1.0,0.0,success,True,True,True,False,False,True,False,True,False
500200,10021,2026-04-01,paid,store,CHF,B2C,639.952,639.95,0.0,639.95,0.0,1.0,0.0,success,True,True,True,False,False,False,True,False,True
500201,10232,2026-04-16,pending,store,CHF,B2C,594.77,594.77,0.0,594.77,0.0,2.0,2.0,success,True,True,True,False,False,True,False,False,False
500202,10058,2026-02-20,paid,mobile_app,CHF,B2C,6442.889999999999,6442.89,0.0,6442.89,0.0,2.0,0.0,success,True,True,True,False,False,True,False,True,True
500203,10159,2026-02-19,paid,store,CHF,B2C,4473.019,4473.02,447.3,4025.7200000000003,0.0,2.0,0.0,refunded,True,True,True,False,True,False,True,False,True
500204,10110,2026-01-06,paid,store,CHF,B2C,1768.425,1768.42,0.0,1768.42,0.0,1.0,0.0,success,True,True,True,False,False,False,True,False,True
500205,10228,2026-02-28,cancelled,store,CHF,B2C,457.311,0.0,0.0,0.0,0.0,0.0,0.0,,True,False,False,False,False,False,False,False,False
500206,10139,2026-01-15,paid,online,CHF,B2C,157.91400000000002,157.91,0.0,157.91,0.0,1.0,0.0,success,True,True,True,False,False,False,True,False,True
500207,10180,2026-04-27,paid,store,CHF,B2C,3692.9235,3692.92,923.23,2769.69,0.0,2.0,0.0,refunded,True,True,True,False,True,False,True,False,True
500208,10143,2026-01-30,cancelled,online,CHF,B2C,928.431,928.43,0.0,928.43,0.0,1.0,0.0,success,True,True,True,False,False,False,True,False,False
500209,10211,2026-02-11,paid,online,CHF,B2C,2158.3635,2158.36,0.0,2158.36,0.0,2.0,2.0,success,True,True,True,False,False,False,True,False,True
500210,10135,2026-04-11,paid,online,CHF,VIP,942.3,0.0,0.0,0.0,10.0,1.0,0.0,success,True,True,True,False,False,False,False,False,False
500211,10243,2026-02-06,paid,store,CHF,VIP,2152.5575,2152.56,2152.56,0.0,0.0,2.0,0.0,refunded,True,True,True,False,True,False,False,False,False
500212,10028,2026-02-11,paid,online,CHF,B2C,718.7120000000001,718.71,0.0,718.71,0.0,2.0,2.0,success,True,True,True,False,False,False,True,False,True
500213,10051,2026-04-11,paid,online,CHF,VIP,2624.4065,2624.41,0.0,2624.41,0.0,1.0,0.0,success,True,True,True,False,False,True,False,True,True
500214,10235,2026-02-04,paid,store,CHF,B2C,4740.485000000001,4740.49,0.0,4740.49,0.0,2.0,0.0,success,True,True,True,False,False,True,False,True,True
500215,10186,2026-03-28,paid,online,CHF,B2C,665.12,0.0,0.0,0.0,20.0,1.0,0.0,success,True,True,True,False,False,False,False,False,False
500216,10005,2026-01-06,paid,store,CHF,B2C,3955.0299999999997,3955.03,0.0,3955.03,0.0,1.0,0.0,success,True,True,True,False,False,True,False,True,True
500217,10005,2026-03-09,paid,store,CHF,B2C,5230.499,5230.5,0.0,5230.5,0.0,1.0,0.0,success,True,True,True,False,False,True,False,True,True
500218,10094,2026-01-18,paid,online,CHF,B2C,1762.3290000000002,1762.33,0.0,1762.33,0.0,1.0,0.0,success,True,True,True,False,False,True,False,True,True
500219,10246,2026-03-14,paid,store,CHF,VIP,127.92,127.92,0.0,127.92,0.0,1.0,0.0,success,True,True,True,False,False,True,False,False,True
500220,10096,2026-04-23,pending,online,CHF,B2C,3776.189,3776.1899999999996,0.0,3776.1899999999996,0.0,2.0,2.0,success,True,True,True,False,False,True,False,True,False
500221,10008,2026-01-29,paid,store,CHF,B2B,1878.7600000000002,1188.38,0.0,1188.38,0.0,2.0,2.0,pending,True,True,True,True,False,False,True,False,True
500222,10064,2026-03-18,paid,mobile_app,CHF,B2C,2174.876,2174.88,2174.88,0.0,0.0,2.0,0.0,refunded,True,True,True,False,True,False,False,False,False
500223,10138,2026-02-28,cancelled,mobile_app,CHF,B2B,4314.9974999999995,4315.0,0.0,4315.0,0.0,1.0,0.0,success,True,True,True,False,False,True,False,True,False
500224,10038,2026-02-16,refunded,mobile_app,CHF,B2C,2700.782,2700.78,0.0,2700.78,0.0,2.0,0.0,success,True,True,True,False,False,False,True,False,False
500225,10111,2026-04-26,cancelled,store,CHF,B2C,335.65500000000003,0.0,0.0,0.0,0.0,0.0,0.0,,True,False,False,False,False,False,False,False,False
500226,10224,2026-01-17,cancelled,store,CHF,B2C,3482.515,3482.51,0.0,3482.51,0.0,1.0,0.0,success,True,True,True,False,False,False,True,False,False
500227,10112,2026-04-19,pending,online,CHF,B2C,1799.0629999999999,1799.06,0.0,1799.06,0.0,1.0,0.0,success,True,True,True,False,False,False,True,False,False
500228,10220,2026-04-06,paid,store,CHF,B2B,4597.4645,4597.46,0.0,4597.46,0.0,1.0,0.0,success,True,True,True,False,False,False,True,False,True
500229,10081,2026-04-22,pending,store,CHF,B2B,557.648,557.65,139.41,418.24,0.0,2.0,0.0,refunded,True,True,True,False,True,False,True,False,False
500230,10223,2026-01-22,paid,online,CHF,B2C,3939.6555,3919.66,0.0,3919.66,20.0,1.0,0.0,success,True,True,True,False,False,False,True,False,True
500231,10136,2026-03-09,pending,online,CHF,B2C,1136.484,1136.48,0.0,1136.48,0.0,1.0,0.0,success,True,True,True,False,False,False,True,False,False
500232,10104,2026-03-10,paid,mobile_app,CHF,B2C,1869.0,1869.0,0.0,1869.0,0.0,2.0,0.0,success,True,True,True,False,False,True,False,False,True
500233,10153,2026-02-06,paid,store,CHF,B2C,2433.444,2433.44,0.0,2433.44,0.0,2.0,2.0,success,True,True,True,False,False,False,True,False,True
500234,10073,2026-04-15,paid,store,CHF,B2C,1135.443,1135.44,0.0,1135.44,0.0,2.0,0.0,success,True,True,True,False,False,False,True,False,True
500235,10194,2026-02-18,cancelled,store,CHF,B2C,722.4,0.0,0.0,0.0,0.0,0.0,0.0,,True,False,False,False,False,False,False,False,False
500237,10178,2026-02-03,pending,online,CHF,B2C,3547.717,3547.72,0.0,3547.72,0.0,2.0,0.0,success,True,True,True,False,False,True,False,True,False
500238,10195,2026-04-19,pending,online,CHF,B2C,1128.3915,0.0,0.0,0.0,20.0,1.0,0.0,success,True,True,True,False,False,False,False,False,False
500239,10049,2026-03-27,paid,mobile_app,CHF,B2C,687.0319999999999,687.03,0.0,687.03,0.0,1.0,0.0,success,True,True,True,False,False,False,True,False,True
500240,10036,2026-02-22,pending,online,CHF,B2B,897.2860000000001,897.29,0.0,897.29,0.0,1.0,0.0,success,True,True,True,False,False,True,False,True,False
500241,10126,2026-03-28,cancelled,online,CHF,B2C,3558.326,0.0,0.0,0.0,0.0,0.0,0.0,,True,False,False,False,False,False,False,False,False
500242,10068,2026-02-20,paid,store,CHF,B2B,1132.5615,1132.56,0.0,1132.56,0.0,2.0,2.0,success,True,True,True,False,False,False,True,False,True
500243,10078,2026-01-03,paid,online,CHF,B2C,3021.702,1101.87,0.0,1101.87,0.0,2.0,2.0,pending,True,True,True,True,False,False,True,False,True
500244,10105,2026-02-11,paid,online,CHF,VIP,1502.996,1503.0,0.0,1503.0,0.0,1.0,0.0,success,True,True,True,False,False,True,False,True,True
500245,10169,2026-04-08,paid,online,CHF,B2C,2790.93,1697.96,0.0,1697.96,0.0,2.0,2.0,pending,True,True,True,True,False,False,True,False,True
500246,10217,2026-02-01,paid,mobile_app,CHF,B2C,2593.778,2593.78,259.38,2334.4,0.0,2.0,0.0,refunded,True,True,True,False,True,False,True,False,True
500247,10122,2026-04-19,pending,mobile_app,CHF,B2B,3912.265,2232.51,0.0,2232.51,0.0,2.0,2.0,pending,True,True,True,True,False,False,True,False,False
500248,10119,2026-02-20,paid,online,CHF,B2B,5908.145,5908.15,0.0,5908.15,0.0,1.0,0.0,success,True,True,True,False,False,True,False,True,True
500249,10190,2026-04-23,pending,online,CHF,B2C,1944.533,1944.53,0.0,1944.53,0.0,2.0,2.0,success,True,True,True,False,False,False,True,False,False
500250,10114,2026-03-26,paid,online,CHF,B2B,115.838,115.84,0.0,115.84,0.0,1.0,0.0,success,True,True,True,False,False,True,False,True,True
500251,10010,2026-02-15,paid,store,CHF,B2B,4758.329,4758.33,0.0,4758.33,0.0,1.0,0.0,success,True,True,True,False,False,True,False,True,True
500252,10149,2026-04-18,cancelled,store,CHF,B2C,830.448,0.0,0.0,0.0,0.0,0.0,0.0,,True,False,False,False,False,False,False,False,False
500253,10164,2026-01-21,pending,online,CHF,B2C,1671.998,1672.0,836.0,836.0,0.0,2.0,0.0,refunded,True,True,True,False,True,False,True,False,False
500254,10140,2026-02-13,paid,online,CHF,VIP,2996.5815,2996.58,0.0,2996.58,0.0,2.0,0.0,success,True,True,True,False,False,False,True,False,True
500255,10091,2026-01-11,paid,store,CHF,B2C,4414.031,4404.03,0.0,4404.03,10.0,1.0,0.0,success,True,True,True,False,False,False,True,False,True
500256,10232,2026-04-13,paid,mobile_app,CHF,B2C,1406.447,1406.45,0.0,1406.45,0.0,1.0,0.0,success,True,True,True,False,False,True,False,True,True
500257,10002,2026-03-09,paid,store,CHF,VIP,2036.999,2037.0,0.0,2037.0,0.0,2.0,2.0,success,True,True,True,False,False,True,False,True,True
500258,10118,2026-04-25,paid,store,CHF,B2C,4996.781,0.0,0.0,0.0,100.0,1.0,0.0,success,True,True,True,False,False,False,False,False,False
500259,10013,2026-01-01,paid,online,CHF,B2B,5541.116,5541.12,2770.56,2770.56,0.0,2.0,0.0,refunded,True,True,True,False,True,False,True,False,True
500260,10181,2026-04-02,paid,store,CHF,B2C,4368.54,4368.54,0.0,4368.54,0.0,1.0,0.0,success,True,True,True,False,False,True,False,False,True
500261,10160,2026-03-04,cancelled,store,CHF,B2B,957.7165,0.0,0.0,0.0,0.0,0.0,0.0,,True,False,False,False,False,False,False,False,False
500262,10095,2026-01-24,paid,store,CHF,B2B,1706.5075,0.0,0.0,0.0,0.0,1.0,0.0,failed,True,True,False,False,False,False,False,False,False
500263,10144,2026-04-09,paid,online,CHF,B2C,1783.83,755.55,0.0,755.55,0.0,2.0,2.0,pending,True,True,True,True,False,False,True,False,True
500264,10032,2026-01-13,paid,store,CHF,B2C,5473.88,5473.88,0.0,5473.88,0.0,1.0,0.0,success,True,True,True,False,False,True,False,False,True
500265,10032,2026-04-21,cancelled,online,CHF,B2C,1503.876,0.0,0.0,0.0,0.0,0.0,0.0,,True,False,False,False,False,False,False,False,False
500266,10124,2026-04-08,pending,online,CHF,B2C,2373.483,2373.48,0.0,2373.48,0.0,1.0,0.0,success,True,True,True,False,False,False,True,False,False
500267,10226,2026-01-11,paid,store,CHF,B2C,2585.9139999999998,2585.91,0.0,2585.91,0.0,2.0,2.0,success,True,True,True,False,False,False,True,False,True
500268,10011,2026-04-10,cancelled,mobile_app,CHF,B2C,1044.2195,0.0,0.0,0.0,0.0,0.0,0.0,,True,False,False,False,False,False,False,False,False
500269,10010,2026-02-20,paid,store,CHF,B2B,2006.1879999999996,2006.19,0.0,2006.19,0.0,1.0,0.0,success,True,True,True,False,False,True,False,True,True
500270,10015,2026-01-17,paid,mobile_app,CHF,B2C,7442.3544999999995,7442.35,0.0,7442.35,0.0,2.0,2.0,success,True,True,True,False,False,False,True,False,True
500271,10017,2026-04-09,paid,online,CHF,B2C,2130.48,2130.48,0.0,2130.48,0.0,1.0,0.0,success,True,True,True,False,False,True,False,False,True
500272,10168,2026-03-23,paid,mobile_app,CHF,B2C,661.5989999999999,661.6,661.6,0.0,0.0,2.0,0.0,refunded,True,True,True,False,True,False,False,False,False
500273,10146,2026-04-14,cancelled,store,CHF,B2C,148.32,0.0,0.0,0.0,0.0,0.0,0.0,,True,False,False,False,False,False,False,False,False
500274,10183,2026-03-27,pending,online,CHF,VIP,3146.2175,3146.22,0.0,3146.22,0.0,1.0,0.0,success,True,True,True,False,False,True,False,True,False
500275,10201,2026-01-24,paid,store,CHF,B2C,1492.2330000000002,1492.23,746.12,746.11,0.0,2.0,0.0,refunded,True,True,True,False,True,False,True,False,True
500276,10153,2026-01-19,paid,store,CHF,B2C,3735.5175,3735.52,0.0,3735.52,0.0,2.0,0.0,success,True,True,True,False,False,True,False,True,True
500277,10232,2026-02-06,paid,online,CHF,B2C,6089.422500000001,6089.42,0.0,6089.42,0.0,1.0,0.0,success,True,True,True,False,False,False,True,False,True
500278,10059,2026-04-13,paid,store,CHF,B2C,2621.179,2621.18,0.0,2621.18,0.0,1.0,0.0,success,True,True,True,False,False,True,False,True,True
500279,10078,2026-03-26,paid,online,CHF,B2C,262.51,262.51,0.0,262.51,0.0,1.0,0.0,success,True,True,True,False,False,True,False,False,True
500280,10124,2026-01-08,paid,store,CHF,B2C,4655.4375,5001.15,0.0,5001.15,0.0,1.0,0.0,success,True,True,True,False,False,True,False,True,True
500281,10250,2026-01-28,paid,store,CHF,B2B,8205.111,8205.11,0.0,8205.11,0.0,1.0,0.0,success,True,True,True,False,False,False,True,False,True
500282,10217,2026-01-05,paid,online,CHF,B2C,4051.3715,4051.37,0.0,4051.37,0.0,2.0,0.0,success,True,True,True,False,False,False,True,False,True
500283,10114,2026-01-17,paid,store,CHF,B2B,1298.101,1298.1,0.0,1298.1,0.0,1.0,0.0,success,True,True,True,False,False,False,True,False,True
500284,10022,2026-04-11,paid,online,CHF,B2C,1273.399,0.0,0.0,0.0,10.0,1.0,0.0,success,True,True,True,False,False,False,False,False,False
500285,10244,2026-02-05,cancelled,online,CHF,B2C,5578.911,0.0,0.0,0.0,0.0,0.0,0.0,,True,False,False,False,False,False,False,False,False
500286,10158,2026-04-28,paid,online,CHF,B2B,1533.085,1533.09,0.0,1533.09,0.0,2.0,0.0,success,True,True,True,False,False,True,False,True,True
500287,10212,2026-01-19,refunded,store,CHF,B2B,1980.344,1980.34,0.0,1980.34,0.0,1.0,0.0,success,True,True,True,False,False,False,True,False,False
500288,10213,2026-03-05,paid,online,CHF,B2C,3750.353,3750.35,0.0,3750.35,0.0,1.0,0.0,success,True,True,True,False,False,False,True,False,True
500289,10172,2026-04-01,cancelled,mobile_app,CHF,B2C,395.67,0.0,0.0,0.0,0.0,0.0,0.0,,True,False,False,False,False,False,False,False,False
500290,10032,2026-04-27,pending,online,CHF,B2C,4401.269,4401.27,0.0,4401.27,0.0,1.0,0.0,success,True,True,True,False,False,True,False,True,False
500291,10179,2026-04-08,paid,online,CHF,VIP,3937.2325,3937.23,0.0,3937.23,0.0,1.0,0.0,success,True,True,True,False,False,False,True,False,True
500292,10174,2026-01-11,paid,online,CHF,B2C,2085.594,0.0,0.0,0.0,0.0,1.0,0.0,failed,True,True,False,False,False,False,False,False,False
500293,10113,2026-02-23,cancelled,online,CHF,VIP,285.8335,0.0,0.0,0.0,0.0,0.0,0.0,,True,False,False,False,False,False,False,False,False
500294,10120,2026-02-14,paid,online,CHF,B2C,3318.1689999999994,3318.17,0.0,3318.17,0.0,1.0,0.0,success,True,True,True,False,False,True,False,True,True
500295,10149,2026-02-16,paid,store,CHF,B2C,717.972,0.0,0.0,0.0,0.0,1.0,0.0,failed,True,True,False,False,False,False,False,False,False
500296,10227,2026-01-12,paid,store,CHF,VIP,9158.8265,9158.83,0.0,9158.83,0.0,2.0,2.0,success,True,True,True,False,False,True,False,True,True
500297,10122,2026-04-28,paid,online,CHF,B2B,472.30199999999996,472.3,0.0,472.3,0.0,2.0,0.0,success,True,True,True,False,False,False,True,False,True
500298,10032,2026-01-21,paid,store,CHF,B2C,6962.9615,6962.96,0.0,6962.96,0.0,2.0,0.0,success,True,True,True,False,False,False,True,False,True
500299,10222,2026-04-28,refunded,online,CHF,B2C,481.38,481.38,0.0,481.38,0.0,1.0,0.0,success,True,True,True,False,False,True,False,False,False
500300,10119,2026-01-11,paid,store,CHF,B2B,342.62800000000004,342.63,0.0,342.63,0.0,1.0,0.0,success,True,True,True,False,False,True,False,True,True
500301,10039,2026-04-13,paid,online,CHF,B2B,750.4380000000001,750.44,0.0,750.44,0.0,1.0,0.0,success,True,True,True,False,False,True,False,True,True
500302,10241,2026-04-02,pending,store,CHF,VIP,5290.747,5270.75,0.0,5270.75,20.0,1.0,0.0,success,True,True,True,False,False,False,True,False,False
500303,10012,2026-01-05,paid,store,CHF,VIP,2135.9275000000002,2135.93,1067.96,1067.9699999999998,0.0,2.0,0.0,refunded,True,True,True,False,True,False,True,False,True
500304,10233,2026-03-22,refunded,mobile_app,CHF,B2C,645.18,645.18,0.0,645.18,0.0,1.0,0.0,success,True,True,True,False,False,True,False,False,False
500305,10175,2026-02-25,paid,mobile_app,CHF,B2C,5164.849999999999,5164.85,0.0,5164.85,0.0,1.0,0.0,success,True,True,True,False,False,True,False,True,True
500306,10018,2026-01-20,paid,online,CHF,B2C,1978.58,1978.58,0.0,1978.58,0.0,1.0,0.0,success,True,True,True,False,False,True,False,False,True
500307,10149,2026-02-10,cancelled,online,CHF,B2C,4903.021,0.0,0.0,0.0,0.0,0.0,0.0,,True,False,False,False,False,False,False,False,False
500308,10141,2026-02-15,paid,online,CHF,VIP,2573.4535,2573.45,0.0,2573.45,0.0,1.0,0.0,success,True,True,True,False,False,False,True,False,True
500309,10149,2026-01-12,cancelled,online,CHF,B2C,1240.377,1240.38,0.0,1240.38,0.0,1.0,0.0,success,True,True,True,False,False,True,False,True,False
500310,10126,2026-03-11,refunded,online,CHF,B2C,1845.1100000000001,1845.11,0.0,1845.11,0.0,1.0,0.0,success,True,True,True,False,False,False,True,False,False
500311,10136,2026-01-17,cancelled,store,CHF,B2C,650.1,0.0,0.0,0.0,0.0,0.0,0.0,,True,False,False,False,False,False,False,False,False
500312,10046,2026-04-25,paid,online,CHF,B2C,939.3480000000001,939.35,0.0,939.35,0.0,2.0,0.0,success,True,True,True,False,False,True,False,True,True
500314,10238,2026-01-26,paid,mobile_app,CHF,B2C,1247.32,1247.32,0.0,1247.32,0.0,1.0,0.0,success,True,True,True,False,False,True,False,False,True
500315,10135,2026-02-17,paid,store,CHF,VIP,4144.957,4144.96,0.0,4144.96,0.0,1.0,0.0,success,True,True,True,False,False,True,False,True,True
500316,10151,2026-04-18,pending,online,CHF,VIP,3777.2535000000003,0.0,0.0,0.0,10.0,1.0,0.0,success,True,True,True,False,False,False,False,False,False
500317,10236,2026-04-18,paid,online,CHF,B2B,2479.3195,2479.32,0.0,2479.32,0.0,1.0,0.0,success,True,True,True,False,False,True,False,True,True
500318,10224,2026-02-21,paid,store,CHF,B2C,1607.7440000000001,1607.74,0.0,1607.74,0.0,1.0,0.0,success,True,True,True,False,False,False,True,False,True
500319,10203,2026-04-06,pending,store,CHF,B2C,2835.14,2835.14,0.0,2835.14,0.0,1.0,0.0,success,True,True,True,False,False,True,False,False,False
500320,10086,2026-03-11,cancelled,store,CHF,B2C,1965.0149999999999,0.0,0.0,0.0,0.0,0.0,0.0,,True,False,False,False,False,False,False,False,False
500321,10150,2026-02-24,paid,store,CHF,B2C,1385.32,1385.32,0.0,1385.32,0.0,2.0,0.0,success,True,True,True,False,False,True,False,False,True
500322,10235,2026-04-10,cancelled,store,CHF,B2C,1653.12,0.0,0.0,0.0,0.0,0.0,0.0,,True,False,False,False,False,False,False,False,False
500323,10089,2026-04-12,paid,online,CHF,B2B,2729.083,2729.08,0.0,2729.08,0.0,1.0,0.0,success,True,True,True,False,False,False,True,False,True
500324,10022,2026-03-16,pending,online,CHF,B2C,3258.7195,3258.7200000000003,0.0,3258.7200000000003,0.0,2.0,2.0,success,True,True,True,False,False,True,False,True,False
500325,10092,2026-02-02,paid,online,CHF,B2B,3336.9169999999995,3336.92,0.0,3336.92,0.0,2.0,0.0,success,True,True,True,False,False,True,False,True,True
500326,10029,2026-03-03,paid,mobile_app,CHF,B2C,3535.7520000000004,3535.75,0.0,3535.75,0.0,2.0,0.0,success,True,True,True,False,False,False,True,False,True
500327,10013,2026-03-29,paid,store,CHF,B2B,1173.839,1173.84,0.0,1173.84,0.0,1.0,0.0,success,True,True,True,False,False,True,False,True,True
500328,10210,2026-01-23,paid,store,CHF,B2C,5914.3515,5914.35,591.44,5322.91,0.0,2.0,0.0,refunded,True,True,True,False,True,False,True,False,True
500329,10002,2026-01-15,paid,online,CHF,VIP,2252.8605000000002,2252.86,0.0,2252.86,0.0,1.0,0.0,success,True,True,True,False,False,False,True,False,True
500330,10029,2026-01-27,pending,store,CHF,B2C,4659.388,4581.69,0.0,4581.69,0.0,2.0,0.0,success,True,True,True,False,False,False,True,False,False
500331,10213,2026-03-16,paid,store,CHF,B2C,1815.7839999999999,1815.78,0.0,1815.78,0.0,1.0,0.0,success,True,True,True,False,False,False,True,False,True
500332,10207,2026-03-05,paid,store,CHF,B2C,1640.034,1640.03,0.0,1640.03,0.0,2.0,0.0,success,True,True,True,False,False,False,True,False,True
500333,10180,2026-04-25,paid,store,CHF,B2C,1979.5199999999998,1969.52,0.0,1969.52,10.0,1.0,0.0,success,True,True,True,False,False,False,True,False,True
500334,10027,2026-04-24,paid,online,CHF,B2C,4123.114500000001,4123.11,0.0,4123.11,0.0,1.0,0.0,success,True,True,True,False,False,False,True,False,True
500335,10050,2026-03-22,paid,store,CHF,B2C,4686.0625,4686.06,0.0,4686.06,0.0,1.0,0.0,success,True,True,True,False,False,False,True,False,True
500336,10095,2026-02-20,paid,online,CHF,B2B,397.24899999999997,397.25,0.0,397.25,0.0,1.0,0.0,success,True,True,True,False,False,True,False,True,True
500337,10207,2026-02-22,paid,store,CHF,B2C,1637.366,1627.37,0.0,1627.37,10.0,1.0,0.0,success,True,True,True,False,False,False,True,False,True
500338,10243,2026-03-19,paid,online,CHF,VIP,4655.951,4655.95,0.0,4655.95,0.0,1.0,0.0,success,True,True,True,False,False,False,True,False,True
500339,10151,2026-04-01,paid,store,CHF,VIP,3828.3995,3828.4,0.0,3828.4,0.0,1.0,0.0,success,True,True,True,False,False,True,False,True,True
500340,10088,2026-03-23,paid,online,CHF,B2C,1511.1599999999999,1511.16,0.0,1511.16,0.0,1.0,0.0,success,True,True,True,False,False,True,False,True,True
500341,10044,2026-04-02,paid,store,CHF,VIP,60.38400000000001,60.38,0.0,60.38,0.0,1.0,0.0,success,True,True,True,False,False,False,True,False,True
500342,10205,2026-02-20,cancelled,store,CHF,B2C,4752.3925,0.0,0.0,0.0,0.0,0.0,0.0,,True,False,False,False,False,False,False,False,False
500343,10022,2026-02-16,pending,online,CHF,B2C,5683.433,5683.43,0.0,5683.43,0.0,2.0,2.0,success,True,True,True,False,False,False,True,False,False
500344,10171,2026-04-21,paid,store,CHF,B2C,3521.3120000000004,3521.31,0.0,3521.31,0.0,1.0,0.0,success,True,True,True,False,False,False,True,False,True
500345,10165,2026-01-04,refunded,store,CHF,B2C,377.97,377.97,0.0,377.97,0.0,2.0,0.0,success,True,True,True,False,False,True,False,False,False
500346,10189,2026-01-07,paid,store,CHF,B2C,5538.8365,5538.84,0.0,5538.84,0.0,2.0,0.0,success,True,True,True,False,False,True,False,True,True
500347,10097,2026-04-19,paid,mobile_app,CHF,B2C,3990.2880000000005,3990.29,0.0,3990.29,0.0,1.0,0.0,success,True,True,True,False,False,True,False,True,True
500348,10184,2026-02-04,refunded,store,CHF,B2B,1562.9435,1562.94,0.0,1562.94,0.0,1.0,0.0,success,True,True,True,False,False,False,True,False,False
500349,10003,2026-02-17,paid,online,CHF,B2B,1364.3500000000001,1364.35,0.0,1364.35,0.0,1.0,0.0,success,True,True,True,False,False,False,True,False,True
500350,10191,2026-03-14,refunded,store,CHF,B2C,3656.3574999999996,3656.36,0.0,3656.36,0.0,1.0,0.0,success,True,True,True,False,False,True,False,True,False
500351,10118,2026-03-13,paid,store,CHF,B2C,149.38,149.38,0.0,149.38,0.0,1.0,0.0,success,True,True,True,False,False,True,False,False,True
500352,10019,2026-04-26,paid,store,CHF,B2C,1797.35,1797.35,0.0,1797.35,0.0,2.0,0.0,success,True,True,True,False,False,True,False,False,True
500353,10023,2026-02-14,paid,mobile_app,CHF,B2C,654.5920000000001,365.66,0.0,365.66,0.0,2.0,2.0,pending,True,True,True,True,False,False,True,False,True
500354,10157,2026-03-22,cancelled,store,CHF,B2C,2095.806,0.0,0.0,0.0,0.0,0.0,0.0,,True,False,False,False,False,False,False,False,False
500355,10030,2026-03-22,paid,store,CHF,B2C,1776.272,1776.27,0.0,1776.27,0.0,1.0,0.0,success,True,True,True,False,False,False,True,False,True
500356,10039,2026-04-23,paid,store,CHF,B2B,1327.8319999999999,1327.83,0.0,1327.83,0.0,1.0,0.0,success,True,True,True,False,False,False,True,False,True
500357,10108,2026-04-07,paid,store,CHF,B2B,1747.966,1747.97,0.0,1747.97,0.0,1.0,0.0,success,True,True,True,False,False,True,False,True,True
500358,10111,2026-04-06,paid,store,CHF,B2C,5460.013,5460.01,0.0,5460.01,0.0,2.0,0.0,success,True,True,True,False,False,False,True,False,True
500359,10025,2026-03-13,paid,online,CHF,B2C,2088.74,2088.74,0.0,2088.74,0.0,2.0,2.0,success,True,True,True,False,False,True,False,False,True
500360,10128,2026-01-19,paid,store,CHF,B2B,103.24000000000001,103.24,0.0,103.24,0.0,1.0,0.0,success,True,True,True,False,False,False,True,False,True
500361,10229,2026-03-04,pending,store,CHF,B2B,3177.66,3177.66,0.0,3177.66,0.0,1.0,0.0,success,True,True,True,False,False,True,False,False,False
500362,999004,2026-02-07,paid,online,CHF,,2757.27,2757.27,0.0,2757.27,0.0,1.0,0.0,success,False,True,True,False,False,True,False,False,True
500363,10136,2026-03-08,pending,store,CHF,B2C,759.259,759.26,0.0,759.26,0.0,1.0,0.0,success,True,True,True,False,False,True,False,True,False
500364,10106,2026-02-28,pending,store,CHF,B2C,5366.425,5366.43,0.0,5366.43,0.0,1.0,0.0,success,True,True,True,False,False,True,False,True,False
500365,10186,2026-03-10,paid,store,CHF,B2C,4077.016,4077.02,0.0,4077.02,0.0,1.0,0.0,success,True,True,True,False,False,True,False,True,True
500366,10144,2026-01-13,paid,online,CHF,B2C,742.22,0.0,0.0,0.0,100.0,1.0,0.0,success,True,True,True,False,False,False,False,False,False
500367,10072,2026-02-16,paid,store,CHF,B2C,1956.4244999999999,925.79,0.0,925.79,0.0,2.0,2.0,pending,True,True,True,True,False,False,True,False,True
500368,10129,2026-04-20,paid,online,CHF,B2C,2778.7195,2778.72,0.0,2778.72,0.0,2.0,0.0,success,True,True,True,False,False,True,False,True,True
500369,10108,2026-03-02,paid,store,CHF,B2B,3677.483,3677.48,0.0,3677.48,0.0,1.0,0.0,success,True,True,True,False,False,False,True,False,True
500370,10005,,paid,online,CHF,B2C,2512.31,2512.31,0.0,2512.31,0.0,2.0,0.0,success,True,True,True,False,False,True,False,False,True
500371,10003,2026-04-29,paid,store,CHF,B2B,1529.119,0.0,0.0,0.0,0.0,1.0,0.0,failed,True,True,False,False,False,False,False,False,False
500372,10193,2026-03-21,paid,online,CHF,VIP,1287.396,1287.4,0.0,1287.4,0.0,2.0,0.0,success,True,True,True,False,False,True,False,True,True
500373,10132,2026-04-24,paid,online,CHF,B2C,1241.663,1241.66,0.0,1241.66,0.0,1.0,0.0,success,True,True,True,False,False,False,True,False,True
500374,10104,2026-04-06,paid,online,CHF,B2C,975.756,975.76,0.0,975.76,0.0,1.0,0.0,success,True,True,True,False,False,True,False,True,True
500375,10227,2026-01-22,paid,store,CHF,VIP,900.936,900.94,0.0,900.94,0.0,2.0,2.0,success,True,True,True,False,False,True,False,True,True
500376,10224,2026-04-03,cancelled,store,CHF,B2C,1465.524,0.0,0.0,0.0,0.0,0.0,0.0,,True,False,False,False,False,False,False,False,False
500377,10064,2026-03-27,paid,store,CHF,B2C,1734.6815,1734.68,0.0,1734.68,0.0,1.0,0.0,success,True,True,True,False,False,False,True,False,True
500378,10106,2026-02-12,paid,store,CHF,B2C,5973.392,5973.39,0.0,5973.39,0.0,1.0,0.0,success,True,True,True,False,False,False,True,False,True
500379,10098,2026-03-08,paid,store,CHF,B2C,6125.9865,6125.99,0.0,6125.99,0.0,2.0,2.0,success,True,True,True,False,False,True,False,True,True
500380,10235,2026-02-23,paid,online,CHF,B2C,381.64000000000004,381.64,0.0,381.64,0.0,1.0,0.0,success,True,True,True,False,False,False,True,False,True
500381,10217,2026-01-10,paid,store,CHF,B2C,5074.266,5074.27,0.0,5074.27,0.0,1.0,0.0,success,True,True,True,False,False,True,False,True,True
500382,10010,2026-02-11,paid,store,CHF,B2B,1559.7555000000002,629.89,0.0,629.89,0.0,2.0,2.0,pending,True,True,True,True,False,False,True,False,True
500383,10149,2026-03-05,paid,online,CHF,B2C,3476.656,3476.66,0.0,3476.66,0.0,1.0,0.0,success,True,True,True,False,False,True,False,True,True
500384,10128,2026-01-21,paid,online,CHF,B2B,834.9314999999999,834.93,0.0,834.93,0.0,1.0,0.0,success,True,True,True,False,False,False,True,False,True
500385,10046,2026-03-21,paid,store,CHF,B2C,302.12,302.12,0.0,302.12,0.0,1.0,0.0,success,True,True,True,False,False,True,False,False,True
500386,10231,2026-03-17,paid,online,CHF,B2B,515.9415,515.94,0.0,515.94,0.0,2.0,2.0,success,True,True,True,False,False,False,True,False,True
500387,10219,2026-03-07,paid,store,CHF,B2C,1655.682,1655.68,0.0,1655.68,0.0,1.0,0.0,success,True,True,True,False,False,False,True,False,True
500388,10155,2026-02-10,cancelled,online,CHF,VIP,1897.5890000000002,1897.59,0.0,1897.59,0.0,1.0,0.0,success,True,True,True,False,False,True,False,True,False
500389,10066,2026-01-24,pending,online,CHF,B2C,1874.266,1874.27,0.0,1874.27,0.0,1.0,0.0,success,True,True,True,False,False,True,False,True,False
500390,10169,2026-02-04,paid,online,CHF,B2C,1839.9319999999998,1839.93,1839.93,0.0,0.0,2.0,0.0,refunded,True,True,True,False,True,False,False,False,False
500391,10112,2026-02-25,cancelled,online,CHF,B2C,721.825,0.0,0.0,0.0,0.0,0.0,0.0,,True,False,False,False,False,False,False,False,False
500392,10013,2026-01-30,paid,store,CHF,B2B,182.32999999999998,182.33,0.0,182.33,0.0,2.0,0.0,success,True,True,True,False,False,True,False,True,True
500393,10137,2026-02-26,paid,store,CHF,B2C,2038.098,2038.1,0.0,2038.1,0.0,1.0,0.0,success,True,True,True,False,False,True,False,True,True
500394,10244,2026-04-04,paid,online,CHF,B2C,1950.0015,1950.0,0.0,1950.0,0.0,1.0,0.0,success,True,True,True,False,False,False,True,False,True
500395,10164,2026-02-16,paid,store,CHF,B2C,7681.183,7681.18,768.12,6913.06,0.0,2.0,0.0,refunded,True,True,True,False,True,False,True,False,True
500396,10086,2026-02-04,paid,mobile_app,CHF,B2C,2493.48,2493.48,249.35,2244.13,0.0,2.0,0.0,refunded,True,True,True,False,True,False,True,False,True
500397,10234,2026-01-19,paid,store,CHF,B2C,4698.8215,4698.82,0.0,4698.82,0.0,2.0,0.0,success,True,True,True,False,False,False,True,False,True
500398,10090,2026-04-24,paid,store,CHF,B2C,3643.137,3643.14,0.0,3643.14,0.0,1.0,0.0,success,True,True,True,False,False,True,False,True,True
500399,10058,2026-01-08,pending,store,CHF,B2C,3481.1525,3481.15,0.0,3481.15,0.0,1.0,0.0,success,True,True,True,False,False,False,True,False,False
500400,10054,2026-01-26,pending,store,CHF,B2B,1166.079,1166.08,0.0,1166.08,0.0,1.0,0.0,success,True,True,True,False,False,True,False,True,False
500401,10012,2026-04-23,cancelled,online,CHF,VIP,2201.15,0.0,0.0,0.0,0.0,0.0,0.0,,True,False,False,False,False,False,False,False,False
500402,10209,2026-04-14,cancelled,online,CHF,B2C,4841.206,0.0,0.0,0.0,0.0,0.0,0.0,,True,False,False,False,False,False,False,False,False
500403,10206,2026-03-12,paid,online,CHF,B2C,1319.723,1319.72,0.0,1319.72,0.0,1.0,0.0,success,True,True,True,False,False,False,True,False,True
500404,10014,2026-01-30,paid,online,CHF,B2C,5685.07,5685.07,0.0,5685.07,0.0,1.0,0.0,success,True,True,True,False,False,True,False,False,True
500405,10121,2026-01-07,paid,mobile_app,CHF,B2B,3061.207,3061.21,0.0,3061.21,0.0,1.0,0.0,success,True,True,True,False,False,True,False,True,True
500406,10162,2026-03-08,paid,online,CHF,B2C,2349.5,2349.5,0.0,2349.5,0.0,1.0,0.0,success,True,True,True,False,False,True,False,False,True
500407,10181,2026-03-06,paid,store,CHF,B2C,3248.327,3248.33,0.0,3248.33,0.0,1.0,0.0,success,True,True,True,False,False,True,False,True,True
500408,10121,2026-02-05,refunded,online,CHF,B2B,2976.8779999999997,1588.95,0.0,1588.95,0.0,2.0,2.0,pending,True,True,True,True,False,False,True,False,False
500409,10020,2026-01-25,paid,store,CHF,B2C,1345.517,1345.52,0.0,1345.52,0.0,1.0,0.0,success,True,True,True,False,False,True,False,True,True
500410,10075,2026-02-06,paid,store,CHF,B2B,3664.2185,3664.22,0.0,3664.22,0.0,2.0,0.0,success,True,True,True,False,False,True,False,True,True
500411,10144,2026-01-01,paid,online,CHF,B2C,2874.7000000000003,1379.25,0.0,1379.25,0.0,2.0,2.0,pending,True,True,True,True,False,False,True,False,True
500412,10243,2026-01-15,paid,store,CHF,VIP,2476.485,2476.49,0.0,2476.49,0.0,2.0,0.0,success,True,True,True,False,False,True,False,True,True
500413,10223,2026-02-06,cancelled,store,CHF,B2C,3162.839,0.0,0.0,0.0,0.0,0.0,0.0,,True,False,False,False,False,False,False,False,False
500414,10247,2026-01-13,paid,store,CHF,B2C,642.486,642.49,0.0,642.49,0.0,1.0,0.0,success,True,True,True,False,False,True,False,True,True
500415,10070,2026-04-14,paid,store,CHF,VIP,3706.1164999999996,3706.12,0.0,3706.12,0.0,2.0,0.0,success,True,True,True,False,False,True,False,True,True
500416,10056,2026-01-08,pending,mobile_app,CHF,VIP,357.06,357.06,0.0,357.06,0.0,2.0,0.0,success,True,True,True,False,False,True,False,False,False
500417,10211,2026-01-05,paid,store,CHF,B2C,3609.3309999999997,3609.33,0.0,3609.33,0.0,1.0,0.0,success,True,True,True,False,False,False,True,False,True
500418,10101,2026-03-01,paid,store,CHF,B2C,6693.43,6693.43,0.0,6693.43,0.0,1.0,0.0,success,True,True,True,False,False,True,False,False,True
500419,10186,2026-03-14,paid,store,CHF,B2C,3330.3145,3330.31,0.0,3330.31,0.0,1.0,0.0,success,True,True,True,False,False,False,True,False,True
500420,10132,2026-01-01,pending,store,CHF,B2C,2670.8650000000002,2670.87,0.0,2670.87,0.0,1.0,0.0,success,True,True,True,False,False,True,False,True,False
500421,10111,2026-02-05,paid,mobile_app,CHF,B2C,3549.0599999999995,3549.06,0.0,3549.06,0.0,1.0,0.0,success,True,True,True,False,False,True,False,True,True
500422,10125,2026-02-04,cancelled,store,CHF,B2C,3646.684,3646.68,0.0,3646.68,0.0,1.0,0.0,success,True,True,True,False,False,False,True,False,False
500423,10132,2026-03-07,pending,online,CHF,B2C,6035.9935,6035.99,0.0,6035.99,0.0,1.0,0.0,success,True,True,True,False,False,False,True,False,False
500424,10020,2026-03-04,paid,online,CHF,B2C,1942.8,1942.8,0.0,1942.8,0.0,1.0,0.0,success,True,True,True,False,False,True,False,False,True
500425,10138,2026-04-14,refunded,mobile_app,CHF,B2B,1534.132,1534.13,0.0,1534.13,0.0,1.0,0.0,success,True,True,True,False,False,False,True,False,False
500426,10024,2026-01-23,cancelled,online,CHF,B2C,1285.52,0.0,0.0,0.0,0.0,0.0,0.0,,True,False,False,False,False,False,False,False,False
500427,10246,2026-01-09,cancelled,online,CHF,VIP,1930.263,0.0,0.0,0.0,0.0,0.0,0.0,,True,False,False,False,False,False,False,False,False
500428,10227,2026-02-03,cancelled,store,CHF,VIP,1350.06,1350.06,0.0,1350.06,0.0,1.0,0.0,success,True,True,True,False,False,True,False,False,False
500429,10154,2026-02-15,paid,store,CHF,B2C,2211.8235,2211.82,0.0,2211.82,0.0,2.0,0.0,success,True,True,True,False,False,False,True,False,True
500430,10037,2026-03-19,paid,store,CHF,B2C,2368.4335,2368.43,0.0,2368.43,0.0,1.0,0.0,success,True,True,True,False,False,False,True,False,True
500431,10230,2026-01-04,paid,mobile_app,CHF,B2C,824.3789999999999,824.38,0.0,824.38,0.0,1.0,0.0,success,True,True,True,False,False,True,False,True,True
500432,10213,2026-01-30,paid,store,CHF,B2C,291.669,291.67,0.0,291.67,0.0,2.0,0.0,success,True,True,True,False,False,True,False,True,True
500433,10054,2026-04-05,paid,store,CHF,B2B,5280.049,5280.05,0.0,5280.05,0.0,1.0,0.0,success,True,True,True,False,False,True,False,True,True
500434,10232,2026-04-12,pending,store,CHF,B2C,3125.17,3125.17,0.0,3125.17,0.0,1.0,0.0,success,True,True,True,False,False,True,False,False,False
500435,10103,2026-03-16,pending,store,CHF,B2C,1081.3,1081.3,0.0,1081.3,0.0,1.0,0.0,success,True,True,True,False,False,True,False,False,False
500436,10149,,paid,store,CHF,B2C,3054.42,3054.42,0.0,3054.42,0.0,2.0,0.0,success,True,True,True,False,False,True,False,False,True
500437,10202,2026-03-13,pending,mobile_app,CHF,B2C,3435.4905,3435.49,0.0,3435.49,0.0,2.0,0.0,success,True,True,True,False,False,False,True,False,False
500438,10038,2026-01-03,cancelled,store,CHF,B2C,2746.185,0.0,0.0,0.0,0.0,0.0,0.0,,True,False,False,False,False,False,False,False,False
500439,10174,2026-01-14,paid,online,CHF,B2C,4302.599,0.0,0.0,0.0,0.0,1.0,0.0,failed,True,True,False,False,False,False,False,False,False
500440,10004,2026-03-01,paid,online,CHF,B2C,2487.61,2487.61,0.0,2487.61,0.0,1.0,0.0,success,True,True,True,False,False,True,False,False,True
500441,10188,2026-03-18,paid,store,CHF,B2C,4117.22,4117.22,0.0,4117.22,0.0,1.0,0.0,success,True,True,True,False,False,True,False,False,True
500442,10057,2026-02-14,cancelled,store,CHF,B2C,1710.3944999999999,0.0,0.0,0.0,0.0,0.0,0.0,,True,False,False,False,False,False,False,False,False
500443,10173,2026-04-06,paid,store,CHF,B2C,4176.904,4176.9,0.0,4176.9,0.0,1.0,0.0,success,True,True,True,False,False,False,True,False,True
500444,10020,2026-02-03,paid,store,CHF,B2C,1499.4765,695.42,0.0,695.42,0.0,2.0,2.0,pending,True,True,True,True,False,False,True,False,True
500445,10017,2026-02-14,paid,online,CHF,B2C,1589.451,1589.45,0.0,1589.45,0.0,1.0,0.0,success,True,True,True,False,False,False,True,False,True
500446,10119,2026-03-02,cancelled,store,CHF,B2B,748.2905,748.29,0.0,748.29,0.0,1.0,0.0,success,True,True,True,False,False,False,True,False,False
500447,10071,2026-03-24,pending,store,CHF,B2B,1051.0194999999999,1051.02,0.0,1051.02,0.0,1.0,0.0,success,True,True,True,False,False,True,False,True,False
500448,10004,2026-04-12,paid,online,CHF,B2C,1445.8185,1445.82,144.58,1301.24,0.0,2.0,0.0,refunded,True,True,True,False,True,False,True,False,True
500449,10221,2026-01-16,refunded,mobile_app,CHF,B2C,633.8185,633.82,0.0,633.82,0.0,1.0,0.0,success,True,True,True,False,False,True,False,True,False
500450,10014,2026-03-07,pending,online,CHF,B2C,6607.5485,6607.55,0.0,6607.55,0.0,1.0,0.0,success,True,True,True,False,False,True,False,True,False
500451,10003,2026-02-09,pending,online,CHF,B2B,4555.487,4555.49,4555.49,0.0,0.0,2.0,0.0,refunded,True,True,True,False,True,False,False,False,False
500452,10216,2026-01-17,pending,online,CHF,B2C,1485.1539999999998,1485.15,0.0,1485.15,0.0,2.0,0.0,success,True,True,True,False,False,False,True,False,False
500453,10229,2026-04-29,pending,store,CHF,B2B,273.98400000000004,0.0,0.0,0.0,20.0,1.0,0.0,success,True,True,True,False,False,False,False,False,False
500454,999001,2026-02-03,paid,online,CHF,,2702.4,2702.3999999999996,0.0,2702.3999999999996,0.0,2.0,2.0,success,False,True,True,False,False,False,True,False,True
500455,10186,2026-04-16,paid,store,CHF,B2C,2692.06,2692.06,0.0,2692.06,0.0,2.0,0.0,success,True,True,True,False,False,True,False,False,True
500456,10055,2026-01-16,paid,online,CHF,B2C,4785.8095,4785.81,0.0,4785.81,0.0,2.0,0.0,success,True,True,True,False,False,True,False,True,True
500457,10244,2026-04-12,paid,online,CHF,B2C,2765.077,2765.08,0.0,2765.08,0.0,1.0,0.0,success,True,True,True,False,False,True,False,True,True
500458,10132,2026-03-01,paid,store,CHF,B2C,4426.0485,4426.05,0.0,4426.05,0.0,1.0,0.0,success,True,True,True,False,False,True,False,True,True
500459,10120,2026-03-07,paid,online,CHF,B2C,5643.158,5643.16,0.0,5643.16,0.0,1.0,0.0,success,True,True,True,False,False,True,False,True,True
500460,10024,2026-03-07,refunded,mobile_app,CHF,B2C,594.7,594.7,0.0,594.7,0.0,1.0,0.0,success,True,True,True,False,False,True,False,False,False
500461,10162,2026-03-31,pending,store,CHF,B2C,131.688,131.69,0.0,131.69,0.0,1.0,0.0,success,True,True,True,False,False,True,False,True,False
500462,10158,2026-01-13,pending,online,CHF,B2B,2709.677,2709.6800000000003,0.0,2709.6800000000003,0.0,2.0,2.0,success,True,True,True,False,False,True,False,True,False
500463,10082,2026-02-25,paid,store,CHF,B2C,4028.126,4028.13,0.0,4028.13,0.0,1.0,0.0,success,True,True,True,False,False,True,False,True,True
500464,10147,2026-04-21,paid,online,CHF,B2C,4124.455,4124.45,0.0,4124.45,0.0,2.0,0.0,success,True,True,True,False,False,False,True,False,True
500465,10159,2026-01-31,paid,online,CHF,B2C,3695.985,3695.99,0.0,3695.99,0.0,1.0,0.0,success,True,True,True,False,False,True,False,True,True
500466,10188,2026-02-03,paid,online,CHF,B2C,1676.646,1676.65,0.0,1676.65,0.0,2.0,2.0,success,True,True,True,False,False,True,False,True,True
500467,10060,2026-02-08,paid,mobile_app,CHF,B2C,3063.7225,3063.72,0.0,3063.72,0.0,1.0,0.0,success,True,True,True,False,False,False,True,False,True
500468,10147,2026-03-08,paid,mobile_app,CHF,B2C,160.2935,160.29,0.0,160.29,0.0,1.0,0.0,success,True,True,True,False,False,False,True,False,True
500469,10049,2026-01-08,pending,online,CHF,B2C,5009.351000000001,5009.35,0.0,5009.35,0.0,1.0,0.0,success,True,True,True,False,False,False,True,False,False
500471,10110,2026-03-19,paid,mobile_app,CHF,B2C,1884.0855,1884.09,0.0,1884.09,0.0,1.0,0.0,success,True,True,True,False,False,True,False,True,True
500472,10211,2026-04-30,paid,store,CHF,B2C,3962.6279999999997,3962.63,0.0,3962.63,0.0,2.0,0.0,success,True,True,True,False,False,True,False,True,True
500473,10150,2026-02-24,paid,mobile_app,CHF,B2C,962.68,962.68,962.68,0.0,0.0,2.0,0.0,refunded,True,True,True,False,True,False,False,False,False
500474,10152,2026-01-27,paid,store,CHF,B2C,3001.978,3001.98,3001.98,0.0,0.0,2.0,0.0,refunded,True,True,True,False,True,False,False,False,False
500475,10109,2026-04-28,pending,store,CHF,B2C,4679.584000000001,4679.58,0.0,4679.58,0.0,2.0,2.0,success,True,True,True,False,False,False,True,False,False
500476,10076,2026-04-03,paid,online,CHF,B2B,2252.014,2252.01,0.0,2252.01,0.0,2.0,0.0,success,True,True,True,False,False,False,True,False,True
500477,10030,2026-04-13,paid,store,CHF,B2C,5154.0845,5154.08,0.0,5154.08,0.0,1.0,0.0,success,True,True,True,False,False,False,True,False,True
500478,10058,2026-02-22,paid,store,CHF,B2C,193.392,193.39,0.0,193.39,0.0,1.0,0.0,success,True,True,True,False,False,False,True,False,True
500479,10230,2026-02-08,paid,store,CHF,B2C,5662.7029999999995,5662.7,0.0,5662.7,0.0,1.0,0.0,success,True,True,True,False,False,False,True,False,True
500480,10117,2026-03-06,paid,store,CHF,B2B,152.2775,152.28,0.0,152.28,0.0,1.0,0.0,success,True,True,True,False,False,True,False,True,True
500481,10159,2026-01-17,cancelled,store,CHF,B2C,628.78,0.0,0.0,0.0,0.0,0.0,0.0,,True,False,False,False,False,False,False,False,False
500482,10100,2026-04-15,paid,store,CHF,B2C,1925.228,1234.79,0.0,1234.79,0.0,2.0,2.0,pending,True,True,True,True,False,False,True,False,True
500483,10192,2026-01-30,paid,store,CHF,B2B,1618.6999999999998,1618.7,0.0,1618.7,0.0,1.0,0.0,success,True,True,True,False,False,True,False,True,True
500484,10019,2026-02-22,paid,store,CHF,B2C,242.3,242.3,0.0,242.3,0.0,2.0,0.0,success,True,True,True,False,False,True,False,False,True
500485,10176,2026-01-13,paid,online,CHF,B2C,409.5,409.5,0.0,409.5,0.0,1.0,0.0,success,True,True,True,False,False,True,False,False,True
500486,10173,2026-01-21,pending,store,CHF,B2C,4894.5595,4894.56,489.46,4405.1,0.0,2.0,0.0,refunded,True,True,True,False,True,False,True,False,False
500487,10228,2026-01-19,paid,mobile_app,CHF,B2C,2467.0060000000003,2467.01,1233.51,1233.5000000000002,0.0,2.0,0.0,refunded,True,True,True,False,True,False,True,False,True
500488,10094,2026-02-22,paid,mobile_app,CHF,B2C,880.4205000000002,880.42,0.0,880.42,0.0,1.0,0.0,success,True,True,True,False,False,False,True,False,True
500489,10183,2026-01-19,paid,store,CHF,VIP,7246.4415,7246.4400000000005,0.0,7246.4400000000005,0.0,2.0,2.0,success,True,True,True,False,False,False,True,False,True
500490,10113,2026-02-26,paid,online,CHF,VIP,1493.1019999999999,0.0,0.0,0.0,0.0,1.0,0.0,failed,True,True,False,False,False,False,False,False,False
500491,10183,2026-01-25,paid,online,CHF,VIP,4618.6875,4618.69,0.0,4618.69,0.0,1.0,0.0,success,True,True,True,False,False,True,False,True,True
500492,10225,2026-03-27,paid,mobile_app,CHF,B2C,3004.074,3004.0699999999997,0.0,3004.0699999999997,0.0,2.0,2.0,success,True,True,True,False,False,False,True,False,True
500493,10146,2026-01-31,paid,online,CHF,B2C,2211.9100000000003,2211.91,0.0,2211.91,0.0,1.0,0.0,success,True,True,True,False,False,False,True,False,True
500494,10063,2026-03-22,pending,store,CHF,B2B,2283.6615,2283.66,0.0,2283.66,0.0,2.0,2.0,success,True,True,True,False,False,False,True,False,False
500495,10116,2026-02-24,paid,online,CHF,B2B,4631.302,4631.3,0.0,4631.3,0.0,1.0,0.0,success,True,True,True,False,False,False,True,False,True
500496,10113,2026-01-23,pending,online,CHF,VIP,1036.1415,1036.14,0.0,1036.14,0.0,1.0,0.0,success,True,True,True,False,False,False,True,False,False
500497,10220,2026-02-01,paid,online,CHF,B2B,1461.2849999999999,1461.2800000000002,0.0,1461.2800000000002,0.0,2.0,2.0,success,True,True,True,False,False,False,True,False,True
500498,10047,2026-03-03,refunded,store,CHF,B2C,4521.372,4521.37,0.0,4521.37,0.0,1.0,0.0,success,True,True,True,False,False,False,True,False,False
500499,10203,2026-03-15,pending,mobile_app,CHF,B2C,2373.4339999999997,2373.43,0.0,2373.43,0.0,1.0,0.0,success,True,True,True,False,False,False,True,False,False
500500,10057,2026-01-10,paid,mobile_app,CHF,B2C,4479.349,4479.35,0.0,4479.35,0.0,1.0,0.0,success,True,True,True,False,False,True,False,True,True
500501,10118,2026-04-10,pending,store,CHF,B2C,132.507,112.51,0.0,112.51,20.0,1.0,0.0,success,True,True,True,False,False,False,True,False,False
500502,10045,2026-03-13,paid,store,CHF,B2C,4474.0025000000005,4474.0,0.0,4474.0,0.0,1.0,0.0,success,True,True,True,False,False,False,True,False,True
500503,10161,2026-02-23,pending,store,CHF,B2C,2293.3755,2293.38,0.0,2293.38,0.0,1.0,0.0,success,True,True,True,False,False,True,False,True,False
500504,10145,2026-02-21,paid,online,CHF,B2C,733.2669999999999,733.27,0.0,733.27,0.0,1.0,0.0,success,True,True,True,False,False,True,False,True,True
500505,10198,2026-01-20,paid,online,CHF,B2B,5400.829,5400.83,0.0,5400.83,0.0,1.0,0.0,success,True,True,True,False,False,True,False,True,True
500506,10004,2026-02-01,paid,online,CHF,B2C,2404.9599999999996,2404.96,0.0,2404.96,0.0,2.0,0.0,success,True,True,True,False,False,True,False,True,True
500507,10148,2026-04-24,refunded,store,CHF,B2C,4940.96,4940.96,0.0,4940.96,0.0,2.0,0.0,success,True,True,True,False,False,True,False,False,False
500508,10240,2026-01-14,paid,online,CHF,B2C,1578.048,1578.05,0.0,1578.05,0.0,2.0,0.0,success,True,True,True,False,False,True,False,True,True
500509,10047,2026-02-19,paid,store,CHF,B2C,970.978,970.98,0.0,970.98,0.0,1.0,0.0,success,True,True,True,False,False,True,False,True,True
500510,10219,2026-01-28,cancelled,online,CHF,B2C,2744.9715,0.0,0.0,0.0,0.0,0.0,0.0,,True,False,False,False,False,False,False,False,False
500511,10143,2026-04-20,pending,online,CHF,B2C,2909.045,2909.05,0.0,2909.05,0.0,2.0,0.0,success,True,True,True,False,False,True,False,True,False
500512,10198,2026-04-26,paid,mobile_app,CHF,B2B,4903.5815,4903.58,0.0,4903.58,0.0,1.0,0.0,success,True,True,True,False,False,False,True,False,True
500513,10047,2026-02-22,paid,mobile_app,CHF,B2C,1810.628,1810.63,0.0,1810.63,0.0,1.0,0.0,success,True,True,True,False,False,True,False,True,True
500514,10078,2026-01-24,paid,mobile_app,CHF,B2C,1509.2645,1509.26,0.0,1509.26,0.0,1.0,0.0,success,True,True,True,False,False,False,True,False,True
500515,10124,2026-03-20,paid,store,CHF,B2C,2561.68,2561.68,0.0,2561.68,0.0,1.0,0.0,success,True,True,True,False,False,True,False,False,True
500517,10103,2026-01-30,refunded,online,CHF,B2C,464.56449999999995,464.56,0.0,464.56,0.0,1.0,0.0,success,True,True,True,False,False,False,True,False,False
500518,10137,2026-03-04,paid,mobile_app,CHF,B2C,19.413999999999998,19.41,0.0,19.41,0.0,2.0,0.0,success,True,True,True,False,False,False,True,False,True
500519,10090,2026-01-04,paid,store,CHF,B2C,3501.201,0.0,0.0,0.0,0.0,1.0,0.0,failed,True,True,False,False,False,False,False,False,False
500520,10144,2026-03-18,paid,store,CHF,B2C,1296.15,1276.15,0.0,1276.15,20.0,1.0,0.0,success,True,True,True,False,False,False,True,False,True
500521,10069,2026-02-28,paid,store,CHF,B2C,1636.92,1636.92,0.0,1636.92,0.0,1.0,0.0,success,True,True,True,False,False,True,False,False,True
500522,10249,2026-03-28,paid,online,CHF,VIP,1370.48,1370.48,0.0,1370.48,0.0,1.0,0.0,success,True,True,True,False,False,True,False,False,True
500523,10244,2026-01-08,paid,store,CHF,B2C,3686.7000000000003,3686.7,0.0,3686.7,0.0,1.0,0.0,success,True,True,True,False,False,False,True,False,True
500524,10061,2026-03-23,paid,store,CHF,B2C,3458.409,3458.41,0.0,3458.41,0.0,1.0,0.0,success,True,True,True,False,False,True,False,True,True
500525,10138,2026-01-12,pending,store,CHF,B2B,1287.357,1287.36,321.84,965.52,0.0,2.0,0.0,refunded,True,True,True,False,True,False,True,False,False
500526,10050,2026-04-29,paid,store,CHF,B2C,2075.5605,0.0,0.0,0.0,0.0,1.0,0.0,failed,True,True,False,False,False,False,False,False,False
500527,10003,2026-01-31,refunded,mobile_app,CHF,B2B,3411.0559999999996,3411.06,0.0,3411.06,0.0,2.0,0.0,success,True,True,True,False,False,True,False,True,False
500528,10205,2026-03-19,pending,store,CHF,B2C,1043.388,1043.39,0.0,1043.39,0.0,1.0,0.0,success,True,True,True,False,False,True,False,True,False
500529,10107,2026-02-03,paid,online,CHF,B2C,2079.4045,2079.4,0.0,2079.4,0.0,1.0,0.0,success,True,True,True,False,False,False,True,False,True
500530,10113,2026-03-23,pending,online,CHF,VIP,5512.875,0.0,0.0,0.0,0.0,1.0,0.0,failed,True,True,False,False,False,False,False,False,False
500531,10094,2026-04-30,paid,mobile_app,CHF,B2C,1961.469,1961.47,0.0,1961.47,0.0,2.0,2.0,success,True,True,True,False,False,True,False,True,True
500532,10118,2026-04-08,paid,store,CHF,B2C,2342.034,2342.03,0.0,2342.03,0.0,1.0,0.0,success,True,True,True,False,False,False,True,False,True
500533,10237,2026-03-16,cancelled,mobile_app,CHF,B2C,4979.753500000001,4979.75,0.0,4979.75,0.0,1.0,0.0,success,True,True,True,False,False,False,True,False,False
500534,10198,2026-04-15,paid,online,CHF,B2B,2685.15,1537.76,0.0,1537.76,0.0,2.0,2.0,pending,True,True,True,True,False,False,True,False,True
500535,10081,2026-03-17,paid,mobile_app,CHF,B2B,3309.6080000000006,3309.61,0.0,3309.61,0.0,1.0,0.0,success,True,True,True,False,False,True,False,True,True
500536,10109,2026-02-18,paid,mobile_app,CHF,B2C,3390.1075,3390.11,339.01,3051.1000000000004,0.0,2.0,0.0,refunded,True,True,True,False,True,False,True,False,True
500537,10051,2026-03-20,paid,store,CHF,VIP,1568.218,0.0,0.0,0.0,100.0,1.0,0.0,success,True,True,True,False,False,False,False,False,False
500538,10245,2026-02-26,paid,store,CHF,B2C,4264.077,4264.08,0.0,4264.08,0.0,1.0,0.0,success,True,True,True,False,False,True,False,True,True
500539,10147,2026-04-05,pending,store,CHF,B2C,739.654,0.0,0.0,0.0,0.0,1.0,0.0,failed,True,True,False,False,False,False,False,False,False
500540,10170,2026-04-23,paid,online,CHF,B2C,357.17,357.17,0.0,357.17,0.0,1.0,0.0,success,True,True,True,False,False,True,False,False,True
500541,10035,2026-04-03,paid,store,CHF,VIP,3498.5905,3498.59,0.0,3498.59,0.0,1.0,0.0,success,True,True,True,False,False,False,True,False,True
500542,10046,2026-01-26,paid,store,CHF,B2C,1560.9299999999998,0.0,0.0,0.0,50.0,1.0,0.0,success,True,True,True,False,False,False,False,False,False
500543,10154,2026-01-18,paid,online,CHF,B2C,2159.715,0.0,0.0,0.0,10.0,1.0,0.0,success,True,True,True,False,False,False,False,False,False
500544,10243,2026-04-06,paid,store,CHF,VIP,4130.443,4130.44,0.0,4130.44,0.0,1.0,0.0,success,True,True,True,False,False,False,True,False,True
500545,10069,2026-03-27,refunded,store,CHF,B2C,5185.396000000001,5185.4,0.0,5185.4,0.0,2.0,0.0,success,True,True,True,False,False,True,False,True,False
500546,10093,2026-02-07,paid,store,CHF,B2B,2067.8285,2067.83,0.0,2067.83,0.0,2.0,0.0,success,True,True,True,False,False,True,False,True,True
500547,10064,2026-03-22,paid,store,CHF,B2C,4712.308,4712.31,4712.31,0.0,0.0,2.0,0.0,refunded,True,True,True,False,True,False,False,False,False
500548,10165,2026-03-28,pending,store,CHF,B2C,4294.5560000000005,0.0,0.0,0.0,20.0,1.0,0.0,success,True,True,True,False,False,False,False,False,False
500549,10212,2026-03-29,pending,online,CHF,B2B,3867.665,3867.66,0.0,3867.66,0.0,2.0,2.0,success,True,True,True,False,False,False,True,False,False
500550,10049,2026-02-19,paid,online,CHF,B2C,3848.98,3848.98,0.0,3848.98,0.0,1.0,0.0,success,True,True,True,False,False,True,False,False,True
500551,10149,2026-01-08,paid,mobile_app,CHF,B2C,1362.89,1362.89,0.0,1362.89,0.0,2.0,0.0,success,True,True,True,False,False,True,False,False,True
500552,10074,2026-02-10,paid,online,CHF,B2B,4855.62,4855.62,0.0,4855.62,0.0,2.0,0.0,success,True,True,True,False,False,True,False,False,True
500553,10192,2026-01-06,paid,online,CHF,B2B,3961.09,3961.09,0.0,3961.09,0.0,2.0,0.0,success,True,True,True,False,False,True,False,False,True
500554,10005,2026-03-10,paid,store,CHF,B2C,459.1,459.1,0.0,459.1,0.0,2.0,2.0,success,True,True,True,False,False,True,False,False,True
500555,10100,2026-02-13,paid,online,CHF,B2C,4524.414000000001,4524.41,0.0,4524.41,0.0,1.0,0.0,success,True,True,True,False,False,False,True,False,True
500556,10070,2026-03-05,refunded,mobile_app,CHF,VIP,1713.2845,1713.28,0.0,1713.28,0.0,2.0,0.0,success,True,True,True,False,False,False,True,False,False
500557,10090,2026-01-29,cancelled,mobile_app,CHF,B2C,3597.7479999999996,0.0,0.0,0.0,0.0,0.0,0.0,,True,False,False,False,False,False,False,False,False
500558,10004,2026-01-28,paid,online,CHF,B2C,3612.875,3612.88,0.0,3612.88,0.0,1.0,0.0,success,True,True,True,False,False,True,False,True,True
500559,10126,2026-01-11,paid,store,CHF,B2C,551.718,551.72,0.0,551.72,0.0,1.0,0.0,success,True,True,True,False,False,True,False,True,True
500560,10231,2026-03-06,paid,store,CHF,B2B,2541.263,2541.26,0.0,2541.26,0.0,2.0,2.0,success,True,True,True,False,False,False,True,False,True
500561,10039,2026-04-17,paid,store,CHF,B2B,1082.7805,1082.78,0.0,1082.78,0.0,2.0,0.0,success,True,True,True,False,False,False,True,False,True
500562,10242,2026-01-19,paid,mobile_app,CHF,VIP,575.9780000000001,575.98,57.6,518.38,0.0,2.0,0.0,refunded,True,True,True,False,True,False,True,False,True
500563,10163,2026-01-09,pending,online,CHF,B2C,1086.298,1086.3,0.0,1086.3,0.0,1.0,0.0,success,True,True,True,False,False,True,False,True,False
500564,10129,2026-01-27,paid,online,CHF,B2C,1281.7615,1281.76,0.0,1281.76,0.0,1.0,0.0,success,True,True,True,False,False,False,True,False,True
500565,10024,2026-02-03,paid,store,CHF,B2C,670.4010000000001,670.4,0.0,670.4,0.0,1.0,0.0,success,True,True,True,False,False,False,True,False,True
500566,10057,2026-02-13,cancelled,online,CHF,B2C,1283.7285,1283.73,0.0,1283.73,0.0,1.0,0.0,success,True,True,True,False,False,True,False,True,False
500567,10100,2026-03-09,paid,store,CHF,B2C,4251.956499999999,4251.96,0.0,4251.96,0.0,1.0,0.0,success,True,True,True,False,False,True,False,True,True
500568,10070,2026-04-10,paid,store,CHF,VIP,134.302,134.3,0.0,134.3,0.0,2.0,2.0,success,True,True,True,False,False,False,True,False,True
500569,10041,2026-03-23,paid,store,CHF,B2C,4074.8035,4074.8,0.0,4074.8,0.0,2.0,0.0,success,True,True,True,False,False,False,True,False,True
500570,10182,2026-01-15,paid,online,CHF,B2C,3560.182,3560.18,0.0,3560.18,0.0,1.0,0.0,success,True,True,True,False,False,False,True,False,True
500571,10174,2026-02-20,refunded,online,CHF,B2C,704.416,704.42,0.0,704.42,0.0,2.0,0.0,success,True,True,True,False,False,True,False,True,False
500572,10060,2026-01-13,paid,mobile_app,CHF,B2C,3226.7335,3226.73,0.0,3226.73,0.0,1.0,0.0,success,True,True,True,False,False,False,True,False,True
500573,10108,2026-03-24,paid,store,CHF,B2B,212.5,212.5,0.0,212.5,0.0,2.0,0.0,success,True,True,True,False,False,True,False,False,True
500574,10188,2026-02-18,paid,online,CHF,B2C,512.7719999999999,512.77,0.0,512.77,0.0,2.0,0.0,success,True,True,True,False,False,False,True,False,True
500575,10057,2026-03-11,refunded,online,CHF,B2C,2217.5115,0.0,0.0,0.0,20.0,1.0,0.0,success,True,True,True,False,False,False,False,False,False
500576,10031,2026-04-22,paid,store,CHF,B2C,790.8824999999999,790.88,0.0,790.88,0.0,1.0,0.0,success,True,True,True,False,False,False,True,False,True
500577,10084,2026-02-25,paid,online,CHF,B2C,3357.3354999999997,3357.34,0.0,3357.34,0.0,2.0,0.0,success,True,True,True,False,False,True,False,True,True
500578,10152,2026-03-17,paid,online,CHF,B2C,1257.9,1257.9,0.0,1257.9,0.0,2.0,2.0,success,True,True,True,False,False,True,False,False,True
500579,10217,2026-02-20,paid,online,CHF,B2C,1832.933,1832.93,1832.93,0.0,0.0,2.0,0.0,refunded,True,True,True,False,True,False,False,False,False
500580,10036,2026-02-06,paid,mobile_app,CHF,B2B,870.22,870.22,0.0,870.22,0.0,1.0,0.0,success,True,True,True,False,False,True,False,False,True
500581,10213,2026-01-17,paid,online,CHF,B2C,7160.492499999999,7160.49,0.0,7160.49,0.0,1.0,0.0,success,True,True,True,False,False,False,True,False,True
500582,10158,2026-02-27,paid,store,CHF,B2B,3456.7574999999997,0.0,0.0,0.0,50.0,1.0,0.0,success,True,True,True,False,False,False,False,False,False
500583,10152,2026-03-28,paid,online,CHF,B2C,1990.4865,1990.49,0.0,1990.49,0.0,2.0,0.0,success,True,True,True,False,False,True,False,True,True
500584,10108,2026-03-31,pending,store,CHF,B2B,2204.447,2204.45,0.0,2204.45,0.0,2.0,0.0,success,True,True,True,False,False,True,False,True,False
500585,10106,2026-01-29,paid,store,CHF,B2C,960.8199999999999,960.82,0.0,960.82,0.0,1.0,0.0,success,True,True,True,False,False,True,False,True,True
500586,10158,2026-02-02,paid,store,CHF,B2B,885.1274999999999,885.13,0.0,885.13,0.0,1.0,0.0,success,True,True,True,False,False,True,False,True,True
500587,10086,2026-03-01,paid,online,CHF,B2C,2815.732,2815.73,0.0,2815.73,0.0,1.0,0.0,success,True,True,True,False,False,False,True,False,True
500588,10220,2026-04-01,refunded,online,CHF,B2B,1037.48,1037.48,0.0,1037.48,0.0,2.0,0.0,success,True,True,True,False,False,True,False,False,False
500589,10135,2026-03-30,paid,store,CHF,VIP,2186.68,2186.68,0.0,2186.68,0.0,1.0,0.0,success,True,True,True,False,False,True,False,False,True
500590,10163,2026-04-30,pending,online,CHF,B2C,214.56550000000001,214.57,0.0,214.57,0.0,2.0,0.0,success,True,True,True,False,False,True,False,True,False
500591,10183,2026-02-24,cancelled,mobile_app,CHF,VIP,4039.2575,0.0,0.0,0.0,0.0,0.0,0.0,,True,False,False,False,False,False,False,False,False
500592,10220,2026-01-10,paid,store,CHF,B2B,845.6200000000001,845.62,0.0,845.62,0.0,2.0,0.0,success,True,True,True,False,False,False,True,False,True
500593,10014,2026-02-16,refunded,store,CHF,B2C,1764.036,1764.04,0.0,1764.04,0.0,1.0,0.0,success,True,True,True,False,False,True,False,True,False
500594,10120,2026-01-23,paid,online,CHF,B2C,3245.022,3245.02,0.0,3245.02,0.0,1.0,0.0,success,True,True,True,False,False,False,True,False,True
500595,10138,2026-03-26,paid,store,CHF,B2B,5616.351,5616.35,0.0,5616.35,0.0,2.0,2.0,success,True,True,True,False,False,False,True,False,True
500596,10080,2026-01-21,pending,online,CHF,B2C,168.57600000000002,168.58,42.14,126.44000000000001,0.0,2.0,0.0,refunded,True,True,True,False,True,False,True,False,False
500598,10182,2026-01-13,paid,online,CHF,B2C,2785.7200000000003,2785.72,0.0,2785.72,0.0,2.0,0.0,success,True,True,True,False,False,False,True,False,True
500599,10223,2026-04-11,paid,online,CHF,B2C,2391.5199999999995,2391.52,0.0,2391.52,0.0,1.0,0.0,success,True,True,True,False,False,True,False,True,True
500600,10106,2026-02-02,paid,online,CHF,B2C,125.91199999999999,125.91,0.0,125.91,0.0,2.0,0.0,success,True,True,True,False,False,False,True,False,True
500601,10217,2026-01-24,cancelled,online,CHF,B2C,3292.873,0.0,0.0,0.0,0.0,0.0,0.0,,True,False,False,False,False,False,False,False,False
500602,10205,2026-04-18,paid,mobile_app,CHF,B2C,2952.3175,2952.32,0.0,2952.32,0.0,1.0,0.0,success,True,True,True,False,False,True,False,True,True
500603,10070,2026-01-11,paid,online,CHF,VIP,4803.418,4803.42,0.0,4803.42,0.0,1.0,0.0,success,True,True,True,False,False,True,False,True,True
500604,10044,2026-01-17,paid,online,CHF,VIP,2125.56,2125.56,0.0,2125.56,0.0,1.0,0.0,success,True,True,True,False,False,True,False,False,True
500605,10073,2026-03-09,paid,store,CHF,B2C,5062.2705,5062.27,2531.14,2531.1300000000006,0.0,2.0,0.0,refunded,True,True,True,False,True,False,True,False,True
500606,10045,2026-02-16,pending,online,CHF,B2C,3602.835,3602.84,0.0,3602.84,0.0,1.0,0.0,success,True,True,True,False,False,True,False,True,False
500607,10228,2026-01-25,paid,store,CHF,B2C,1631.0745,1631.07,0.0,1631.07,0.0,1.0,0.0,success,True,True,True,False,False,False,True,False,True
500608,10184,,refunded,online,CHF,B2B,5255.129499999999,5255.13,0.0,5255.13,0.0,1.0,0.0,success,True,True,True,False,False,True,False,True,False
500609,10107,2026-03-14,paid,store,CHF,B2C,1886.712,1886.71,0.0,1886.71,0.0,2.0,2.0,success,True,True,True,False,False,False,True,False,True
500610,10084,2026-01-21,paid,online,CHF,B2C,2050.237,2050.24,2050.24,0.0,0.0,2.0,0.0,refunded,True,True,True,False,True,False,False,False,False
500611,10082,2026-03-25,paid,store,CHF,B2C,3192.9315,3192.93,3192.93,0.0,0.0,2.0,0.0,refunded,True,True,True,False,True,False,False,False,False
500612,10250,2026-03-24,paid,online,CHF,B2B,4439.08,4439.08,443.91,3995.17,0.0,2.0,0.0,refunded,True,True,True,False,True,False,True,False,True
500613,10107,2026-03-24,paid,mobile_app,CHF,B2C,1020.717,1020.72,0.0,1020.72,0.0,1.0,0.0,success,True,True,True,False,False,True,False,True,True
500614,10185,2026-01-12,paid,store,CHF,B2C,3681.43,3681.43,0.0,3681.43,0.0,1.0,0.0,success,True,True,True,False,False,True,False,False,True
500615,10021,2026-02-06,paid,mobile_app,CHF,B2C,853.391,853.39,0.0,853.39,0.0,2.0,0.0,success,True,True,True,False,False,False,True,False,True
500616,10196,2026-02-11,refunded,store,CHF,B2C,2624.6394999999998,2624.64,0.0,2624.64,0.0,1.0,0.0,success,True,True,True,False,False,True,False,True,False
500617,10178,2026-01-17,paid,online,CHF,B2C,3495.4559999999997,3495.46,0.0,3495.46,0.0,1.0,0.0,success,True,True,True,False,False,True,False,True,True
500618,10161,2026-04-11,paid,mobile_app,CHF,B2C,677.673,677.67,0.0,677.67,0.0,2.0,0.0,success,True,True,True,False,False,False,True,False,True
500619,10219,2026-04-28,paid,store,CHF,B2C,2606.0535,2606.05,0.0,2606.05,0.0,1.0,0.0,success,True,True,True,False,False,False,True,False,True
500620,10007,2026-02-17,paid,mobile_app,CHF,B2C,1381.221,1381.22,0.0,1381.22,0.0,2.0,0.0,success,True,True,True,False,False,False,True,False,True
500621,10070,2026-04-13,paid,store,CHF,VIP,273.726,273.73,0.0,273.73,0.0,1.0,0.0,success,True,True,True,False,False,True,False,True,True
500622,10127,2026-01-28,cancelled,store,CHF,B2B,795.6300000000001,0.0,0.0,0.0,0.0,0.0,0.0,,True,False,False,False,False,False,False,False,False
500623,10143,2026-02-10,refunded,mobile_app,CHF,B2C,1555.28,1555.28,0.0,1555.28,0.0,1.0,0.0,success,True,True,True,False,False,True,False,False,False
500624,10210,2026-04-09,paid,store,CHF,B2C,674.295,674.29,0.0,674.29,0.0,1.0,0.0,success,True,True,True,False,False,False,True,False,True
500625,10160,2026-02-16,paid,mobile_app,CHF,B2B,2406.5825,2406.58,0.0,2406.58,0.0,1.0,0.0,success,True,True,True,False,False,False,True,False,True
500626,10248,2026-04-22,paid,mobile_app,CHF,VIP,2994.8284999999996,2994.83,0.0,2994.83,0.0,1.0,0.0,success,True,True,True,False,False,True,False,True,True
500627,10203,2026-01-18,paid,store,CHF,B2C,9348.82,9348.82,0.0,9348.82,0.0,2.0,0.0,success,True,True,True,False,False,True,False,False,True
500628,10148,2026-03-19,paid,online,CHF,B2C,3334.0299999999997,3334.03,0.0,3334.03,0.0,2.0,0.0,success,True,True,True,False,False,True,False,True,True
500629,10216,2026-04-09,paid,store,CHF,B2C,3257.9795,3257.98,0.0,3257.98,0.0,1.0,0.0,success,True,True,True,False,False,True,False,True,True
500630,10143,2026-04-18,paid,store,CHF,B2C,1956.8029999999999,1956.8,1956.8,0.0,0.0,2.0,0.0,refunded,True,True,True,False,True,False,False,False,False
500631,10176,2026-04-15,paid,store,CHF,B2C,3027.206,3027.21,0.0,3027.21,0.0,1.0,0.0,success,True,True,True,False,False,True,False,True,True
500632,10199,2026-03-12,cancelled,store,CHF,B2B,52.61,0.0,0.0,0.0,0.0,0.0,0.0,,True,False,False,False,False,False,False,False,False
500633,10149,2026-04-15,paid,store,CHF,B2C,1867.1845000000003,1867.18,0.0,1867.18,0.0,2.0,0.0,success,True,True,True,False,False,False,True,False,True
500634,10170,2026-01-13,paid,store,CHF,B2C,1425.2804999999998,1425.28,0.0,1425.28,0.0,2.0,0.0,success,True,True,True,False,False,False,True,False,True
500635,10154,2026-03-23,paid,mobile_app,CHF,B2C,1822.4699999999998,1822.47,0.0,1822.47,0.0,1.0,0.0,success,True,True,True,False,False,True,False,True,True
500636,10236,2026-04-11,paid,online,CHF,B2B,3511.15,3511.15,0.0,3511.15,0.0,2.0,0.0,success,True,True,True,False,False,True,False,False,True
500637,10120,2026-01-13,pending,online,CHF,B2C,3718.0744999999997,3718.07,0.0,3718.07,0.0,1.0,0.0,success,True,True,True,False,False,False,True,False,False
500638,10128,2026-04-10,pending,online,CHF,B2B,477.036,477.04,0.0,477.04,0.0,1.0,0.0,success,True,True,True,False,False,True,False,True,False
500639,10142,2026-01-31,pending,online,CHF,B2C,593.4,593.4,296.7,296.7,0.0,2.0,0.0,refunded,True,True,True,False,True,False,True,False,False
500640,10057,2026-01-02,paid,store,CHF,B2C,4407.337,4407.34,0.0,4407.34,0.0,1.0,0.0,success,True,True,True,False,False,True,False,True,True
500641,10165,2026-01-16,cancelled,online,CHF,B2C,179.40949999999998,179.41,0.0,179.41,0.0,1.0,0.0,success,True,True,True,False,False,True,False,True,False
500642,10058,2026-01-09,paid,mobile_app,CHF,B2C,2778.282,2778.2799999999997,0.0,2778.2799999999997,0.0,2.0,2.0,success,True,True,True,False,False,False,True,False,True
500643,10021,2026-03-14,pending,store,CHF,B2C,2732.76,2732.76,0.0,2732.76,0.0,1.0,0.0,success,True,True,True,False,False,True,False,False,False
500644,10082,2026-02-07,paid,online,CHF,B2C,647.4699999999999,647.47,0.0,647.47,0.0,1.0,0.0,success,True,True,True,False,False,True,False,True,True
500645,10069,2026-03-16,refunded,online,CHF,B2C,1704.66,1704.66,0.0,1704.66,0.0,1.0,0.0,success,True,True,True,False,False,True,False,False,False
500646,10131,2026-02-23,pending,mobile_app,CHF,B2C,4478.104,4478.1,2239.05,2239.05,0.0,2.0,0.0,refunded,True,True,True,False,True,False,True,False,False
500647,10087,2026-02-25,cancelled,online,CHF,B2B,2517.6,0.0,0.0,0.0,0.0,0.0,0.0,,True,False,False,False,False,False,False,False,False
500648,10218,2026-03-27,paid,store,CHF,B2B,1787.6605,1787.66,0.0,1787.66,0.0,2.0,0.0,success,True,True,True,False,False,False,True,False,True
500649,10165,2026-04-07,paid,store,CHF,B2C,2914.089,2914.09,0.0,2914.09,0.0,1.0,0.0,success,True,True,True,False,False,True,False,True,True
500650,10216,2026-04-10,pending,store,CHF,B2C,481.70700000000005,202.28,0.0,202.28,0.0,2.0,2.0,pending,True,True,True,True,False,False,True,False,False
500651,10049,2026-04-19,paid,online,CHF,B2C,283.8,283.8,0.0,283.8,0.0,1.0,0.0,success,True,True,True,False,False,True,False,False,True
500652,10147,2026-03-28,pending,store,CHF,B2C,5409.3099999999995,5409.31,0.0,5409.31,0.0,2.0,0.0,success,True,True,True,False,False,True,False,True,False
500653,10115,2026-02-14,paid,mobile_app,CHF,B2C,5565.998,5566.0,0.0,5566.0,0.0,1.0,0.0,success,True,True,True,False,False,True,False,True,True
500654,10089,2026-04-19,paid,store,CHF,B2B,40.68000000000001,40.68,0.0,40.68,0.0,2.0,2.0,success,True,True,True,False,False,False,True,False,True
500655,10085,2026-02-03,pending,store,CHF,B2C,6051.144499999999,6051.14,0.0,6051.14,0.0,1.0,0.0,success,True,True,True,False,False,False,True,False,False
500656,999002,2026-01-09,paid,online,CHF,,2455.9120000000003,2455.91,0.0,2455.91,0.0,1.0,0.0,success,False,True,True,False,False,False,True,False,True
500657,10140,2026-03-29,paid,online,CHF,VIP,761.84,761.8399999999999,0.0,761.8399999999999,0.0,2.0,2.0,success,True,True,True,False,False,False,True,False,True
500658,10249,2026-01-08,paid,store,CHF,VIP,5969.471,5969.47,0.0,5969.47,0.0,1.0,0.0,success,True,True,True,False,False,False,True,False,True
500659,10189,2026-01-07,paid,store,CHF,B2C,2573.1835,1311.94,0.0,1311.94,0.0,2.0,2.0,pending,True,True,True,True,False,False,True,False,True
500660,10169,2026-02-05,cancelled,online,CHF,B2C,5018.494000000001,5018.49,0.0,5018.49,0.0,1.0,0.0,success,True,True,True,False,False,False,True,False,False
500661,10161,2026-01-18,paid,store,CHF,B2C,179.632,179.63,0.0,179.63,0.0,2.0,0.0,success,True,True,True,False,False,False,True,False,True
500662,10178,2026-01-03,pending,store,CHF,B2C,7117.1535,7112.15,0.0,7112.15,5.0,1.0,0.0,success,True,True,True,False,False,False,True,False,False
500663,10117,,pending,online,CHF,B2B,2460.6674999999996,2460.67,0.0,2460.67,0.0,2.0,0.0,success,True,True,True,False,False,True,False,True,False
500664,10196,2026-03-11,paid,online,CHF,B2C,5812.775000000001,5812.78,0.0,5812.78,0.0,2.0,0.0,success,True,True,True,False,False,True,False,True,True
500665,10127,2026-04-18,cancelled,store,CHF,B2B,1806.056,0.0,0.0,0.0,0.0,0.0,0.0,,True,False,False,False,False,False,False,False,False
500666,10234,2026-02-13,paid,online,CHF,B2C,1431.747,0.0,0.0,0.0,50.0,1.0,0.0,success,True,True,True,False,False,False,False,False,False
500667,10249,2026-01-21,paid,mobile_app,CHF,VIP,3979.5755,3979.58,0.0,3979.58,0.0,2.0,0.0,success,True,True,True,False,False,True,False,True,True
500668,10071,2026-01-28,refunded,online,CHF,B2B,1503.107,0.0,0.0,0.0,0.0,1.0,0.0,failed,True,True,False,False,False,False,False,False,False
500669,10086,2026-04-14,paid,online,CHF,B2C,2908.706,2908.71,0.0,2908.71,0.0,1.0,0.0,success,True,True,True,False,False,True,False,True,True
500670,10247,2026-02-23,paid,mobile_app,CHF,B2C,3114.7735,3114.77,0.0,3114.77,0.0,2.0,2.0,success,True,True,True,False,False,False,True,False,True
500671,10033,2026-02-23,paid,mobile_app,CHF,B2C,2590.8265,2580.83,0.0,2580.83,10.0,1.0,0.0,success,True,True,True,False,False,False,True,False,True
500672,10081,2026-03-06,paid,online,CHF,B2B,843.4445,843.44,0.0,843.44,0.0,2.0,2.0,success,True,True,True,False,False,False,True,False,True
500673,10152,2026-04-10,paid,store,CHF,B2C,483.6545,483.65,241.82,241.82999999999998,0.0,2.0,0.0,refunded,True,True,True,False,True,False,True,False,True
500674,10061,2026-01-21,cancelled,online,CHF,B2C,1912.7060000000001,0.0,0.0,0.0,0.0,0.0,0.0,,True,False,False,False,False,False,False,False,False
500675,10061,2026-04-17,paid,online,CHF,B2C,930.7,930.6999999999999,0.0,930.6999999999999,0.0,2.0,2.0,success,True,True,True,False,False,False,True,False,True
500676,10098,2026-04-09,paid,store,CHF,B2C,4854.6435,4854.64,0.0,4854.64,0.0,2.0,2.0,success,True,True,True,False,False,False,True,False,True
500677,10028,2026-01-13,paid,store,CHF,B2C,702.734,0.0,0.0,0.0,0.0,1.0,0.0,failed,True,True,False,False,False,False,False,False,False
500678,10186,2026-02-26,paid,online,CHF,B2C,1328.042,1328.04,0.0,1328.04,0.0,1.0,0.0,success,True,True,True,False,False,False,True,False,True
500679,10043,2026-02-18,paid,online,CHF,B2C,1607.989,1607.99,0.0,1607.99,0.0,2.0,0.0,success,True,True,True,False,False,True,False,True,True
500680,10169,2026-04-28,paid,store,CHF,B2C,4715.093999999999,4715.09,0.0,4715.09,0.0,1.0,0.0,success,True,True,True,False,False,False,True,False,True
500681,10167,2026-02-23,paid,online,CHF,B2C,2705.5015,2705.5,0.0,2705.5,0.0,2.0,0.0,success,True,True,True,False,False,False,True,False,True
500682,10086,2026-01-10,paid,store,CHF,B2C,673.0165,673.02,336.51,336.51,0.0,2.0,0.0,refunded,True,True,True,False,True,False,True,False,True
500683,10177,2026-02-22,paid,store,CHF,B2B,6411.45,6411.45,0.0,6411.45,0.0,1.0,0.0,success,True,True,True,False,False,True,False,False,True
500684,10017,2026-02-13,paid,online,CHF,B2C,3970.2704999999996,0.0,0.0,0.0,0.0,1.0,0.0,failed,True,True,False,False,False,False,False,False,False
500685,10098,2026-02-16,refunded,store,CHF,B2C,901.268,901.27,0.0,901.27,0.0,1.0,0.0,success,True,True,True,False,False,True,False,True,False
500686,10198,2026-02-22,refunded,store,CHF,B2B,421.478,421.48,210.74,210.74,0.0,2.0,0.0,refunded,True,True,True,False,True,False,True,False,False
500687,10238,2026-03-15,paid,mobile_app,CHF,B2C,3943.9615000000003,3943.96,0.0,3943.96,0.0,1.0,0.0,success,True,True,True,False,False,False,True,False,True
500688,10198,2026-02-15,pending,store,CHF,B2B,620.669,620.67,155.17,465.5,0.0,2.0,0.0,refunded,True,True,True,False,True,False,True,False,False
500689,10098,2026-01-13,cancelled,store,CHF,B2C,1904.091,0.0,0.0,0.0,0.0,0.0,0.0,,True,False,False,False,False,False,False,False,False
500690,10065,2026-02-06,paid,mobile_app,CHF,B2C,1816.832,0.0,0.0,0.0,0.0,1.0,0.0,failed,True,True,False,False,False,False,False,False,False
500691,10074,2026-04-12,paid,online,CHF,B2B,1887.6420000000003,1887.64,0.0,1887.64,0.0,1.0,0.0,success,True,True,True,False,False,False,True,False,True
500692,10085,2026-01-24,cancelled,online,CHF,B2C,1667.8785,0.0,0.0,0.0,0.0,0.0,0.0,,True,False,False,False,False,False,False,False,False
500693,10005,2026-01-02,paid,mobile_app,CHF,B2C,2537.34,2537.34,0.0,2537.34,0.0,2.0,0.0,success,True,True,True,False,False,True,False,False,True
500694,10002,2026-03-27,paid,store,CHF,VIP,2550.984,1194.19,0.0,1194.19,0.0,2.0,2.0,pending,True,True,True,True,False,False,True,False,True
500695,10022,2026-03-22,cancelled,online,CHF,B2C,5574.269,0.0,0.0,0.0,0.0,0.0,0.0,,True,False,False,False,False,False,False,False,False
500696,10112,2026-04-10,paid,online,CHF,B2C,2798.062,2798.06,0.0,2798.06,0.0,1.0,0.0,success,True,True,True,False,False,False,True,False,True
500697,10057,2026-01-14,paid,online,CHF,B2C,1626.9699999999998,1626.97,0.0,1626.97,0.0,2.0,2.0,success,True,True,True,False,False,True,False,True,True
500698,10066,2026-01-10,pending,online,CHF,B2C,3511.855,3511.86,0.0,3511.86,0.0,1.0,0.0,success,True,True,True,False,False,True,False,True,False
500699,10074,2026-02-04,paid,online,CHF,B2B,3412.6414999999997,3412.64,0.0,3412.64,0.0,1.0,0.0,success,True,True,True,False,False,False,True,False,True
500700,10098,2026-01-25,paid,online,CHF,B2C,963.9190000000001,963.92,0.0,963.92,0.0,1.0,0.0,success,True,True,True,False,False,True,False,True,True
500701,10144,2026-01-03,paid,online,CHF,B2C,1314.4435,1314.44,0.0,1314.44,0.0,1.0,0.0,success,True,True,True,False,False,False,True,False,True
500702,10112,2026-04-21,paid,online,CHF,B2C,4485.5345,4485.53,0.0,4485.53,0.0,2.0,0.0,success,True,True,True,False,False,False,True,False,True
500703,10179,2026-04-12,cancelled,online,CHF,VIP,5442.7515,0.0,0.0,0.0,0.0,0.0,0.0,,True,False,False,False,False,False,False,False,False
500704,10125,2026-01-17,paid,online,CHF,B2C,245.74200000000002,245.74,0.0,245.74,0.0,1.0,0.0,success,True,True,True,False,False,False,True,False,True
500705,10167,2026-01-12,paid,online,CHF,B2C,3788.5825000000004,3788.58,0.0,3788.58,0.0,1.0,0.0,success,True,True,True,False,False,False,True,False,True
500706,10086,2026-02-23,paid,online,CHF,B2C,510.26400000000007,510.26,0.0,510.26,0.0,1.0,0.0,success,True,True,True,False,False,False,True,False,True
500707,10076,2026-04-26,paid,online,CHF,B2B,8107.1075,0.0,0.0,0.0,0.0,1.0,0.0,failed,True,True,False,False,False,False,False,False,False
500708,10088,2026-01-24,paid,online,CHF,B2C,5124.5740000000005,5124.57,0.0,5124.57,0.0,1.0,0.0,success,True,True,True,False,False,False,True,False,True
500709,10239,2026-01-29,cancelled,online,CHF,B2C,1779.2540000000001,0.0,0.0,0.0,0.0,0.0,0.0,,True,False,False,False,False,False,False,False,False
500710,10168,2026-02-12,paid,mobile_app,CHF,B2C,263.62,243.62,0.0,243.62,20.0,1.0,0.0,success,True,True,True,False,False,False,True,False,True
500711,10038,2026-01-25,paid,online,CHF,B2C,1147.5629999999999,1147.56,0.0,1147.56,0.0,2.0,2.0,success,True,True,True,False,False,False,True,False,True
500712,10188,2026-04-10,paid,online,CHF,B2C,3945.5045,0.0,0.0,0.0,50.0,1.0,0.0,success,True,True,True,False,False,False,False,False,False
500713,10059,2026-03-01,pending,online,CHF,B2C,876.318,876.32,0.0,876.32,0.0,1.0,0.0,success,True,True,True,False,False,True,False,True,False
500714,10138,2026-03-31,pending,mobile_app,CHF,B2B,7551.7654999999995,7551.77,0.0,7551.77,0.0,1.0,0.0,success,True,True,True,False,False,True,False,True,False
500715,10099,2026-04-12,refunded,online,CHF,B2C,1451.499,1451.5,0.0,1451.5,0.0,1.0,0.0,success,True,True,True,False,False,True,False,True,False
500716,10192,2026-03-06,cancelled,online,CHF,B2B,2732.6955,0.0,0.0,0.0,0.0,0.0,0.0,,True,False,False,False,False,False,False,False,False
500717,10243,2026-03-25,cancelled,online,CHF,VIP,3277.163,0.0,0.0,0.0,0.0,0.0,0.0,,True,False,False,False,False,False,False,False,False
500718,10063,2026-04-29,paid,online,CHF,B2B,2533.132,2533.13,0.0,2533.13,0.0,1.0,0.0,success,True,True,True,False,False,False,True,False,True
500719,10049,2026-01-28,paid,store,CHF,B2C,223.70000000000002,0.0,0.0,0.0,0.0,1.0,0.0,failed,True,True,False,False,False,False,False,False,False
500720,10192,2026-01-16,paid,store,CHF,B2B,2235.859,2235.86,0.0,2235.86,0.0,2.0,0.0,success,True,True,True,False,False,True,False,True,True
500721,10032,2026-02-16,cancelled,mobile_app,CHF,B2C,5366.913500000001,0.0,0.0,0.0,0.0,0.0,0.0,,True,False,False,False,False,False,False,False,False
500722,10135,2026-03-22,pending,online,CHF,VIP,909.464,909.46,909.46,0.0,0.0,2.0,0.0,refunded,True,True,True,False,True,False,False,False,False
500723,10021,2026-04-14,paid,online,CHF,B2C,4281.604,4281.6,0.0,4281.6,0.0,1.0,0.0,success,True,True,True,False,False,False,True,False,True
500724,10020,2026-04-02,pending,mobile_app,CHF,B2C,1828.278,1828.28,0.0,1828.28,0.0,1.0,0.0,success,True,True,True,False,False,True,False,True,False
500725,10154,2026-02-27,paid,online,CHF,B2C,1396.848,1396.85,0.0,1396.85,0.0,1.0,0.0,success,True,True,True,False,False,True,False,True,True
500726,10127,2026-03-17,paid,online,CHF,B2B,590.3760000000001,590.38,0.0,590.38,0.0,1.0,0.0,success,True,True,True,False,False,True,False,True,True
500727,10068,2026-01-27,paid,online,CHF,B2B,1644.02,1644.02,0.0,1644.02,0.0,1.0,0.0,success,True,True,True,False,False,True,False,False,True
500728,10110,2026-04-28,paid,online,CHF,B2C,3784.608,3784.61,0.0,3784.61,0.0,1.0,0.0,success,True,True,True,False,False,True,False,True,True
500729,10116,2026-02-22,paid,store,CHF,B2B,4721.7915,4721.79,472.18,4249.61,0.0,2.0,0.0,refunded,True,True,True,False,True,False,True,False,True
500730,10214,2026-02-11,paid,online,CHF,B2C,6722.4710000000005,6722.47,0.0,6722.47,0.0,1.0,0.0,success,True,True,True,False,False,False,True,False,True
500731,10143,2026-02-28,paid,online,CHF,B2C,6195.038,6195.04,0.0,6195.04,0.0,1.0,0.0,success,True,True,True,False,False,True,False,True,True
500732,10120,2026-02-16,paid,store,CHF,B2C,1575.1235000000001,1575.12,157.51,1417.61,0.0,2.0,0.0,refunded,True,True,True,False,True,False,True,False,True
500733,10232,2026-04-04,pending,online,CHF,B2C,1884.3899999999999,1884.39,0.0,1884.39,0.0,2.0,0.0,success,True,True,True,False,False,True,False,True,False
500734,10213,2026-04-15,pending,store,CHF,B2C,5204.326,5204.33,0.0,5204.33,0.0,2.0,0.0,success,True,True,True,False,False,True,False,True,False
500735,10079,2026-02-03,pending,store,CHF,B2C,3711.008,4673.83,2336.92,2336.91,0.0,2.0,0.0,refunded,True,True,True,False,True,False,True,False,False
500736,10214,2026-02-06,paid,store,CHF,B2C,2533.3410000000003,2533.34,0.0,2533.34,0.0,1.0,0.0,success,True,True,True,False,False,False,True,False,True
500737,10116,2026-01-06,paid,store,CHF,B2B,1584.114,1584.11,0.0,1584.11,0.0,1.0,0.0,success,True,True,True,False,False,False,True,False,True
500738,10092,2026-01-07,cancelled,online,CHF,B2B,4176.295,0.0,0.0,0.0,0.0,0.0,0.0,,True,False,False,False,False,False,False,False,False
500739,10014,2026-04-06,paid,mobile_app,CHF,B2C,3138.809,3138.81,784.7,2354.1099999999997,0.0,2.0,0.0,refunded,True,True,True,False,True,False,True,False,True
500740,10155,2026-04-06,paid,online,CHF,VIP,126.93599999999999,126.94,0.0,126.94,0.0,1.0,0.0,success,True,True,True,False,False,True,False,True,True
500741,10125,2026-04-27,paid,store,CHF,B2C,2206.796,2206.8,0.0,2206.8,0.0,2.0,0.0,success,True,True,True,False,False,True,False,True,True
500742,10233,2026-01-25,paid,store,CHF,B2C,570.779,570.78,0.0,570.78,0.0,2.0,2.0,success,True,True,True,False,False,True,False,True,True
500743,10168,2026-02-02,paid,store,CHF,B2C,1204.3135,1204.31,0.0,1204.31,0.0,1.0,0.0,success,True,True,True,False,False,False,True,False,True
500744,10058,2026-02-24,paid,online,CHF,B2C,6682.76,6682.76,0.0,6682.76,0.0,1.0,0.0,success,True,True,True,False,False,True,False,False,True
500745,10028,2026-02-27,paid,store,CHF,B2C,2199.885,2199.89,0.0,2199.89,0.0,1.0,0.0,success,True,True,True,False,False,True,False,True,True
500746,10026,2026-01-07,paid,online,CHF,B2B,113.5,113.5,0.0,113.5,0.0,1.0,0.0,success,True,True,True,False,False,True,False,False,True
500747,10113,2026-04-26,paid,store,CHF,VIP,3521.4665,3521.4700000000003,0.0,3521.4700000000003,0.0,2.0,2.0,success,True,True,True,False,False,True,False,True,True
500748,10191,2026-02-26,paid,online,CHF,B2C,366.282,366.28,0.0,366.28,0.0,2.0,0.0,success,True,True,True,False,False,False,True,False,True
500749,10066,2026-01-12,paid,store,CHF,B2C,1813.709,1813.71,0.0,1813.71,0.0,1.0,0.0,success,True,True,True,False,False,True,False,True,True
500750,10153,2026-01-16,paid,store,CHF,B2C,195.632,195.63,0.0,195.63,0.0,2.0,2.0,success,True,True,True,False,False,False,True,False,True
500751,10248,2026-03-21,paid,online,CHF,VIP,168.27200000000002,168.27,0.0,168.27,0.0,1.0,0.0,success,True,True,True,False,False,False,True,False,True
500752,10131,2026-02-12,paid,store,CHF,B2C,3110.628,3110.63,1555.32,1555.3100000000002,0.0,2.0,0.0,refunded,True,True,True,False,True,False,True,False,True
500753,10200,2026-04-27,paid,store,CHF,B2B,1158.227,1158.23,0.0,1158.23,0.0,1.0,0.0,success,True,True,True,False,False,True,False,True,True
500754,10044,2026-04-10,paid,online,CHF,VIP,3151.209,3151.21,0.0,3151.21,0.0,2.0,2.0,success,True,True,True,False,False,True,False,True,True
500755,10097,2026-03-18,paid,online,CHF,B2C,983.32,983.32,0.0,983.32,0.0,1.0,0.0,success,True,True,True,False,False,True,False,False,True
500756,10042,2026-01-07,pending,online,CHF,B2C,1895.48,1895.48,0.0,1895.48,0.0,1.0,0.0,success,True,True,True,False,False,True,False,False,False
500757,10244,2026-04-10,paid,store,CHF,B2C,4039.34,4039.34,0.0,4039.34,0.0,2.0,0.0,success,True,True,True,False,False,True,False,False,True
500758,10227,2026-04-21,paid,store,CHF,VIP,3924.5805,3924.58,392.46,3532.12,0.0,2.0,0.0,refunded,True,True,True,False,True,False,True,False,True
500759,10006,2026-02-20,paid,store,CHF,B2C,1884.9279999999999,1884.93,0.0,1884.93,0.0,1.0,0.0,success,True,True,True,False,False,True,False,True,True
500760,10167,2026-03-14,paid,store,CHF,B2C,1955.657,1955.66,0.0,1955.66,0.0,1.0,0.0,success,True,True,True,False,False,True,False,True,True
500761,10180,2026-02-01,paid,mobile_app,CHF,B2C,3044.28,3044.28,0.0,3044.28,0.0,2.0,0.0,success,True,True,True,False,False,True,False,False,True
500762,10023,2026-03-16,paid,online,CHF,B2C,4670.05,4670.049999999999,0.0,4670.049999999999,0.0,2.0,2.0,success,True,True,True,False,False,False,True,False,True
500763,10089,2026-01-08,cancelled,store,CHF,B2B,2401.88,0.0,0.0,0.0,0.0,0.0,0.0,,True,False,False,False,False,False,False,False,False
500764,10123,2026-04-07,paid,online,CHF,B2C,1150.5985,1099.48,0.0,1099.48,0.0,1.0,0.0,success,True,True,True,False,False,False,True,False,True
500765,10178,2026-03-28,paid,store,CHF,B2C,5325.0845,5325.08,0.0,5325.08,0.0,2.0,2.0,success,True,True,True,False,False,False,True,False,True
500766,10171,2026-03-30,paid,mobile_app,CHF,B2C,175.93,175.93,87.96,87.97000000000001,0.0,2.0,0.0,refunded,True,True,True,False,True,False,True,False,True
500767,10147,2026-04-30,pending,store,CHF,B2C,2695.5045,2695.5,0.0,2695.5,0.0,1.0,0.0,success,True,True,True,False,False,False,True,False,False
500768,10197,2026-03-13,paid,store,CHF,B2B,2241.636,2241.64,0.0,2241.64,0.0,1.0,0.0,success,True,True,True,False,False,True,False,True,True
500769,10051,2026-02-14,refunded,online,CHF,VIP,1221.195,1221.19,0.0,1221.19,0.0,1.0,0.0,success,True,True,True,False,False,False,True,False,False
500770,10011,2026-03-27,paid,online,CHF,B2C,1503.452,1503.45,0.0,1503.45,0.0,1.0,0.0,success,True,True,True,False,False,False,True,False,True
500771,10248,2026-02-28,refunded,online,CHF,VIP,485.317,485.32,0.0,485.32,0.0,1.0,0.0,success,True,True,True,False,False,True,False,True,False
500772,10012,2026-01-04,pending,store,CHF,VIP,233.04,0.0,0.0,0.0,50.0,1.0,0.0,success,True,True,True,False,False,False,False,False,False
500773,10074,,paid,store,CHF,B2B,447.02,447.02,0.0,447.02,0.0,1.0,0.0,success,True,True,True,False,False,True,False,False,True
500774,10008,2026-03-08,paid,online,CHF,B2B,790.65,790.65,0.0,790.65,0.0,1.0,0.0,success,True,True,True,False,False,True,False,False,True
500775,10152,2026-01-29,paid,store,CHF,B2C,5306.581999999999,5306.58,0.0,5306.58,0.0,2.0,2.0,success,True,True,True,False,False,False,True,False,True
500776,10220,2026-04-15,paid,mobile_app,CHF,B2B,4039.6735,4039.67,0.0,4039.67,0.0,2.0,2.0,success,True,True,True,False,False,False,True,False,True
500777,10041,2026-01-29,paid,store,CHF,B2C,316.36,316.36,0.0,316.36,0.0,1.0,0.0,success,True,True,True,False,False,True,False,False,True
500778,10164,2026-04-08,paid,online,CHF,B2C,2244.148,2244.15,0.0,2244.15,0.0,1.0,0.0,success,True,True,True,False,False,True,False,True,True
500779,10229,2026-04-08,paid,online,CHF,B2B,5137.5265,5137.53,0.0,5137.53,0.0,1.0,0.0,success,True,True,True,False,False,True,False,True,True
500780,10085,2026-01-28,paid,store,CHF,B2C,1460.436,1460.44,0.0,1460.44,0.0,1.0,0.0,success,True,True,True,False,False,True,False,True,True
500781,10072,2026-03-18,pending,online,CHF,B2C,1369.279,1369.28,136.93,1232.35,0.0,2.0,0.0,refunded,True,True,True,False,True,False,True,False,False
500782,10055,2026-03-20,paid,online,CHF,B2C,2869.8559999999998,0.0,0.0,0.0,10.0,1.0,0.0,success,True,True,True,False,False,False,False,False,False
500783,10137,2026-03-28,paid,store,CHF,B2C,176.19,176.19,0.0,176.19,0.0,1.0,0.0,success,True,True,True,False,False,True,False,False,True
500784,10047,2026-02-13,paid,mobile_app,CHF,B2C,449.88,449.88,449.88,0.0,0.0,2.0,0.0,refunded,True,True,True,False,True,False,False,False,False
500785,10143,2026-03-31,pending,online,CHF,B2C,1111.81,1111.81,0.0,1111.81,0.0,2.0,2.0,success,True,True,True,False,False,True,False,False,False
500786,10176,2026-01-04,paid,store,CHF,B2C,895.702,895.7,0.0,895.7,0.0,1.0,0.0,success,True,True,True,False,False,False,True,False,True
500787,10238,2026-03-31,paid,store,CHF,B2C,2572.5245,2572.52,0.0,2572.52,0.0,2.0,0.0,success,True,True,True,False,False,False,True,False,True
500788,10104,2026-04-14,paid,store,CHF,B2C,2599.456,2599.46,649.86,1949.6,0.0,2.0,0.0,refunded,True,True,True,False,True,False,True,False,True
500789,10210,2026-01-09,paid,online,CHF,B2C,4437.266,4437.27,0.0,4437.27,0.0,1.0,0.0,success,True,True,True,False,False,True,False,True,True
500790,10042,2026-04-29,paid,online,CHF,B2C,730.9764999999999,730.98,0.0,730.98,0.0,1.0,0.0,success,True,True,True,False,False,True,False,True,True
500791,10060,2026-01-05,refunded,online,CHF,B2C,2970.334,2970.33,0.0,2970.33,0.0,1.0,0.0,success,True,True,True,False,False,False,True,False,False
500792,10212,2026-02-25,cancelled,mobile_app,CHF,B2B,1923.1480000000001,0.0,0.0,0.0,0.0,0.0,0.0,,True,False,False,False,False,False,False,False,False
500793,10198,2026-04-06,paid,online,CHF,B2B,558.3805,558.38,0.0,558.38,0.0,1.0,0.0,success,True,True,True,False,False,False,True,False,True
500794,10012,2026-03-25,pending,online,CHF,VIP,8401.306,8401.31,0.0,8401.31,0.0,1.0,0.0,success,True,True,True,False,False,True,False,True,False
500795,10130,2026-02-19,paid,store,CHF,B2C,2013.9205,2013.92,201.39,1812.5300000000002,0.0,2.0,0.0,refunded,True,True,True,False,True,False,True,False,True
500796,10007,2026-03-16,paid,online,CHF,B2C,2000.5895000000003,2000.59,0.0,2000.59,0.0,1.0,0.0,success,True,True,True,False,False,True,False,True,True
500797,10080,2026-01-15,pending,store,CHF,B2C,155.136,155.14,0.0,155.14,0.0,1.0,0.0,success,True,True,True,False,False,True,False,True,False
500798,10131,2026-02-01,paid,online,CHF,B2C,1256.366,1256.37,0.0,1256.37,0.0,1.0,0.0,success,True,True,True,False,False,True,False,True,True
500799,10109,2026-01-28,cancelled,store,CHF,B2C,418.16,0.0,0.0,0.0,0.0,0.0,0.0,,True,False,False,False,False,False,False,False,False
500800,10003,2026-01-22,paid,store,CHF,B2B,1723.8255,1723.83,0.0,1723.83,0.0,1.0,0.0,success,True,True,True,False,False,True,False,True,True
500801,10027,2026-04-15,paid,store,CHF,B2C,4380.0555,4380.06,0.0,4380.06,0.0,1.0,0.0,success,True,True,True,False,False,True,False,True,True
500802,10114,2026-01-17,paid,store,CHF,B2B,1865.518,1865.52,1865.52,0.0,0.0,2.0,0.0,refunded,True,True,True,False,True,False,False,False,False
500803,10107,2026-02-28,paid,online,CHF,B2C,504.28749999999997,504.29,0.0,504.29,0.0,1.0,0.0,success,True,True,True,False,False,True,False,True,True
500804,10040,2026-03-31,cancelled,online,CHF,B2C,478.26700000000005,0.0,0.0,0.0,0.0,0.0,0.0,,True,False,False,False,False,False,False,False,False
500805,10230,2026-04-18,refunded,online,CHF,B2C,2763.5229999999997,2763.52,0.0,2763.52,0.0,1.0,0.0,success,True,True,True,False,False,False,True,False,False
500806,10161,2026-03-12,paid,online,CHF,B2C,706.4860000000001,706.49,0.0,706.49,0.0,2.0,0.0,success,True,True,True,False,False,True,False,True,True
500807,10220,2026-04-16,pending,online,CHF,B2B,5171.701999999999,5171.7,0.0,5171.7,0.0,2.0,0.0,success,True,True,True,False,False,False,True,False,False
500808,10129,2026-02-26,pending,store,CHF,B2C,968.086,968.09,0.0,968.09,0.0,1.0,0.0,success,True,True,True,False,False,True,False,True,False
500809,10247,2026-01-26,paid,store,CHF,B2C,643.18,0.0,0.0,0.0,100.0,1.0,0.0,success,True,True,True,False,False,False,False,False,False
500810,10008,2026-01-25,paid,online,CHF,B2B,197.353,192.35,0.0,192.35,5.0,1.0,0.0,success,True,True,True,False,False,False,True,False,True
500811,10101,2026-01-10,paid,online,CHF,B2C,300.856,300.86,0.0,300.86,0.0,2.0,0.0,success,True,True,True,False,False,True,False,True,True
500812,10160,2026-02-14,paid,store,CHF,B2B,3785.857,3785.8599999999997,0.0,3785.8599999999997,0.0,2.0,2.0,success,True,True,True,False,False,True,False,True,True
500813,10124,2026-03-24,refunded,store,CHF,B2C,2836.401,2836.4,0.0,2836.4,0.0,1.0,0.0,success,True,True,True,False,False,False,True,False,False
500814,10176,2026-01-11,paid,store,CHF,B2C,1608.784,1598.78,0.0,1598.78,10.0,1.0,0.0,success,True,True,True,False,False,False,True,False,True
500815,999006,2026-03-18,cancelled,online,CHF,,932.357,0.0,0.0,0.0,0.0,0.0,0.0,,False,False,False,False,False,False,False,False,False
500816,10101,2026-02-22,paid,store,CHF,B2C,405.79999999999995,405.8,0.0,405.8,0.0,2.0,0.0,success,True,True,True,False,False,True,False,True,True
500817,10004,2026-03-13,paid,online,CHF,B2C,1791.3039999999999,1791.3,0.0,1791.3,0.0,2.0,0.0,success,True,True,True,False,False,False,True,False,True
500818,10222,2026-04-14,paid,online,CHF,B2C,212.84000000000003,212.84,0.0,212.84,0.0,2.0,0.0,success,True,True,True,False,False,False,True,False,True
500819,10198,2026-03-09,paid,store,CHF,B2B,4716.125,4696.12,0.0,4696.12,20.0,1.0,0.0,success,True,True,True,False,False,False,True,False,True
500820,10110,2026-04-21,paid,mobile_app,CHF,B2C,1899.488,1899.49,0.0,1899.49,0.0,1.0,0.0,success,True,True,True,False,False,True,False,True,True
500822,10019,2026-01-28,paid,online,CHF,B2C,1864.924,1864.92,0.0,1864.92,0.0,1.0,0.0,success,True,True,True,False,False,False,True,False,True
500823,10032,2026-03-16,paid,online,CHF,B2C,1280.152,1280.15,0.0,1280.15,0.0,1.0,0.0,success,True,True,True,False,False,False,True,False,True
500824,10137,2026-04-17,paid,online,CHF,B2C,1891.51,1891.51,0.0,1891.51,0.0,1.0,0.0,success,True,True,True,False,False,True,False,False,True
500825,10012,2026-03-06,pending,online,CHF,VIP,5510.1005000000005,5510.1,1377.52,4132.58,0.0,2.0,0.0,refunded,True,True,True,False,True,False,True,False,False
500826,10139,2026-02-18,paid,store,CHF,B2C,3637.2124999999996,3416.04,0.0,3416.04,0.0,1.0,0.0,success,True,True,True,False,False,False,True,False,True
500827,10046,2026-02-16,paid,store,CHF,B2C,2118.24,2118.24,0.0,2118.24,0.0,2.0,0.0,success,True,True,True,False,False,True,False,False,True
500828,10119,2026-02-21,paid,store,CHF,B2B,2271.785,2271.78,0.0,2271.78,0.0,2.0,0.0,success,True,True,True,False,False,False,True,False,True
500829,10016,2026-04-12,paid,store,CHF,B2C,2521.8865,2521.89,0.0,2521.89,0.0,1.0,0.0,success,True,True,True,False,False,True,False,True,True
500830,10129,2026-03-29,refunded,store,CHF,B2C,3981.0389999999998,3981.04,0.0,3981.04,0.0,1.0,0.0,success,True,True,True,False,False,True,False,True,False
500831,10063,2026-02-23,paid,store,CHF,B2B,1019.6500000000001,1019.65,0.0,1019.65,0.0,1.0,0.0,success,True,True,True,False,False,False,True,False,True
500832,10109,2026-03-01,paid,store,CHF,B2C,2548.37,2548.37,0.0,2548.37,0.0,1.0,0.0,success,True,True,True,False,False,True,False,False,True
500833,10119,2026-02-26,cancelled,online,CHF,B2B,1039.797,0.0,0.0,0.0,0.0,0.0,0.0,,True,False,False,False,False,False,False,False,False
500834,10245,2026-02-16,paid,mobile_app,CHF,B2C,1774.0774999999999,1774.08,0.0,1774.08,0.0,1.0,0.0,success,True,True,True,False,False,True,False,True,True
500835,10021,2026-01-31,paid,mobile_app,CHF,B2C,2901.0550000000003,2901.06,0.0,2901.06,0.0,1.0,0.0,success,True,True,True,False,False,True,False,True,True
500836,10158,2026-04-15,paid,online,CHF,B2B,635.38,635.38,0.0,635.38,0.0,1.0,0.0,success,True,True,True,False,False,True,False,False,True
500837,10013,2026-02-15,paid,online,CHF,B2B,1957.596,1957.6,0.0,1957.6,0.0,1.0,0.0,success,True,True,True,False,False,True,False,True,True
500838,10162,2026-04-24,paid,mobile_app,CHF,B2C,3885.101,3885.1,0.0,3885.1,0.0,1.0,0.0,success,True,True,True,False,False,False,True,False,True
500839,10004,2026-01-26,paid,store,CHF,B2C,1245.5939999999998,1245.59,0.0,1245.59,0.0,1.0,0.0,success,True,True,True,False,False,False,True,False,True
500840,10156,2026-04-23,pending,store,CHF,B2C,655.812,302.43,0.0,302.43,0.0,2.0,2.0,pending,True,True,True,True,False,False,True,False,False
500841,10102,2026-04-24,cancelled,mobile_app,CHF,B2C,2489.103,2489.1,0.0,2489.1,0.0,1.0,0.0,success,True,True,True,False,False,False,True,False,False
500842,10250,2026-01-05,paid,online,CHF,B2B,3204.276,3204.28,0.0,3204.28,0.0,1.0,0.0,success,True,True,True,False,False,True,False,True,True
500843,10223,2026-03-25,paid,online,CHF,B2C,2898.4645,2898.46,0.0,2898.46,0.0,1.0,0.0,success,True,True,True,False,False,False,True,False,True
500844,10059,2026-02-21,pending,store,CHF,B2C,1791.75,1791.75,0.0,1791.75,0.0,2.0,2.0,success,True,True,True,False,False,True,False,False,False
500845,10247,2026-04-15,paid,store,CHF,B2C,2152.463,2152.46,0.0,2152.46,0.0,2.0,0.0,success,True,True,True,False,False,False,True,False,True
500846,10128,2026-03-16,pending,online,CHF,B2B,2545.2214999999997,2545.22,0.0,2545.22,0.0,2.0,0.0,success,True,True,True,False,False,False,True,False,False
500847,10027,2026-04-30,cancelled,online,CHF,B2C,2514.0295,0.0,0.0,0.0,0.0,0.0,0.0,,True,False,False,False,False,False,False,False,False
500848,10069,2026-02-23,cancelled,store,CHF,B2C,421.06999999999994,0.0,0.0,0.0,0.0,0.0,0.0,,True,False,False,False,False,False,False,False,False
500849,10025,2026-02-02,paid,store,CHF,B2C,4951.8965,4951.9,0.0,4951.9,0.0,2.0,0.0,success,True,True,True,False,False,True,False,True,True
500850,10131,2026-02-19,paid,online,CHF,B2C,623.9835,623.98,0.0,623.98,0.0,2.0,0.0,success,True,True,True,False,False,False,True,False,True
500851,10097,2026-02-07,paid,online,CHF,B2C,3059.263,3059.26,0.0,3059.26,0.0,1.0,0.0,success,True,True,True,False,False,False,True,False,True
500852,10196,2026-01-27,cancelled,store,CHF,B2C,1107.634,0.0,0.0,0.0,0.0,0.0,0.0,,True,False,False,False,False,False,False,False,False
500853,10025,2026-04-08,paid,mobile_app,CHF,B2C,266.18600000000004,266.19,26.62,239.57,0.0,2.0,0.0,refunded,True,True,True,False,True,False,True,False,True
500854,10148,2026-01-15,cancelled,store,CHF,B2C,3758.3759999999997,0.0,0.0,0.0,0.0,0.0,0.0,,True,False,False,False,False,False,False,False,False
500855,10162,2026-04-06,paid,store,CHF,B2C,2426.12,2426.12,2426.12,0.0,0.0,2.0,0.0,refunded,True,True,True,False,True,False,False,False,False
500856,10154,2026-03-02,paid,online,CHF,B2C,2941.5380000000005,1178.66,0.0,1178.66,0.0,2.0,2.0,pending,True,True,True,True,False,False,True,False,True
500857,10126,2026-01-21,paid,store,CHF,B2C,4261.022,4261.02,0.0,4261.02,0.0,1.0,0.0,success,True,True,True,False,False,False,True,False,True
500858,10133,2026-02-15,paid,online,CHF,B2C,2201.38,2201.38,2201.38,0.0,0.0,2.0,0.0,refunded,True,True,True,False,True,False,False,False,False
500859,10227,2026-03-10,paid,online,CHF,VIP,3708.641,3708.64,0.0,3708.64,0.0,1.0,0.0,success,True,True,True,False,False,False,True,False,True
500860,10189,2026-01-06,paid,online,CHF,B2C,3148.613,1760.22,0.0,1760.22,0.0,2.0,2.0,pending,True,True,True,True,False,False,True,False,True
500861,10220,2026-02-07,refunded,store,CHF,B2B,2046.7649999999999,2046.76,0.0,2046.76,0.0,1.0,0.0,success,True,True,True,False,False,False,True,False,False
500862,10221,2026-03-03,paid,store,CHF,B2C,1491.467,1491.47,0.0,1491.47,0.0,1.0,0.0,success,True,True,True,False,False,True,False,True,True
500863,10009,2026-03-27,paid,store,CHF,B2C,406.071,406.07,40.61,365.46,0.0,2.0,0.0,refunded,True,True,True,False,True,False,True,False,True
500864,10116,2026-03-03,paid,online,CHF,B2B,2612.4005,2612.4,0.0,2612.4,0.0,1.0,0.0,success,True,True,True,False,False,False,True,False,True
500865,10230,2026-03-23,pending,online,CHF,B2C,1283.252,1283.25,0.0,1283.25,0.0,1.0,0.0,success,True,True,True,False,False,False,True,False,False
500866,10178,2026-03-19,cancelled,online,CHF,B2C,770.662,0.0,0.0,0.0,0.0,0.0,0.0,,True,False,False,False,False,False,False,False,False
500867,10134,2026-03-15,paid,online,CHF,B2C,1168.75,1168.75,0.0,1168.75,0.0,1.0,0.0,success,True,True,True,False,False,True,False,False,True
500868,10211,2026-02-15,pending,mobile_app,CHF,B2C,2117.633,2117.63,0.0,2117.63,0.0,2.0,0.0,success,True,True,True,False,False,False,True,False,False
500869,10060,2026-01-13,cancelled,online,CHF,B2C,1798.561,0.0,0.0,0.0,0.0,0.0,0.0,,True,False,False,False,False,False,False,False,False
500870,10172,2026-04-05,paid,store,CHF,B2C,1428.8815,1428.88,0.0,1428.88,0.0,1.0,0.0,success,True,True,True,False,False,False,True,False,True
500871,10121,2026-04-04,paid,store,CHF,B2B,3277.31,3277.31,0.0,3277.31,0.0,2.0,2.0,success,True,True,True,False,False,True,False,False,True
500872,10139,2026-01-03,paid,online,CHF,B2C,4772.017,4772.02,0.0,4772.02,0.0,1.0,0.0,success,True,True,True,False,False,True,False,True,True
500873,10194,2026-04-04,paid,store,CHF,B2C,1271.652,1271.65,0.0,1271.65,0.0,1.0,0.0,success,True,True,True,False,False,False,True,False,True
500874,10175,2026-01-06,pending,store,CHF,B2C,1843.607,837.68,0.0,837.68,0.0,2.0,2.0,pending,True,True,True,True,False,False,True,False,False
500875,10108,2026-04-03,paid,online,CHF,B2B,2218.599,2218.6,2218.6,0.0,0.0,2.0,0.0,refunded,True,True,True,False,True,False,False,False,False
500876,10108,2026-01-08,pending,online,CHF,B2B,749.7919999999999,749.79,0.0,749.79,0.0,1.0,0.0,success,True,True,True,False,False,False,True,False,False
500877,10201,2026-02-13,paid,store,CHF,B2C,3566.032,3566.03,0.0,3566.03,0.0,1.0,0.0,success,True,True,True,False,False,False,True,False,True
500878,10213,2026-04-19,paid,online,CHF,B2C,3280.2799999999997,0.0,0.0,0.0,0.0,1.0,0.0,failed,True,True,False,False,False,False,False,False,False
500879,10216,2026-04-17,paid,online,CHF,B2C,2357.54,2357.54,0.0,2357.54,0.0,2.0,0.0,success,True,True,True,False,False,True,False,False,True
500880,10226,2026-04-18,paid,online,CHF,B2C,5690.6855000000005,5690.69,0.0,5690.69,0.0,1.0,0.0,success,True,True,True,False,False,True,False,True,True
500881,10214,2026-02-02,cancelled,store,CHF,B2C,4317.578,0.0,0.0,0.0,0.0,0.0,0.0,,True,False,False,False,False,False,False,False,False
500882,10131,2026-03-22,cancelled,store,CHF,B2C,2109.6240000000003,0.0,0.0,0.0,0.0,0.0,0.0,,True,False,False,False,False,False,False,False,False
500883,10076,2026-04-22,paid,online,CHF,B2B,97.036,97.03999999999999,0.0,97.03999999999999,0.0,2.0,2.0,success,True,True,True,False,False,True,False,True,True
500884,10220,2026-03-16,paid,online,CHF,B2B,127.99200000000002,127.99,0.0,127.99,0.0,1.0,0.0,success,True,True,True,False,False,False,True,False,True
500885,10030,2026-03-18,paid,mobile_app,CHF,B2C,2132.8559999999998,2132.86,0.0,2132.86,0.0,1.0,0.0,success,True,True,True,False,False,True,False,True,True
500886,10218,2026-02-19,paid,online,CHF,B2B,6443.7919999999995,6443.79,0.0,6443.79,0.0,1.0,0.0,success,True,True,True,False,False,False,True,False,True
500887,10240,2026-01-11,paid,store,CHF,B2C,21.2515,21.25,0.0,21.25,0.0,2.0,2.0,success,True,True,True,False,False,False,True,False,True
500889,10156,2026-01-28,paid,online,CHF,B2C,2320.142,2320.14,0.0,2320.14,0.0,1.0,0.0,success,True,True,True,False,False,False,True,False,True
500890,10248,2026-04-18,pending,store,CHF,VIP,403.8,403.8,0.0,403.8,0.0,2.0,0.0,success,True,True,True,False,False,True,False,False,False
500891,10218,2026-03-11,paid,store,CHF,B2B,1248.48,1248.48,0.0,1248.48,0.0,1.0,0.0,success,True,True,True,False,False,True,False,False,True
500892,10190,2026-02-10,paid,online,CHF,B2C,7133.1404999999995,7133.14,0.0,7133.14,0.0,2.0,0.0,success,True,True,True,False,False,False,True,False,True
500893,10161,2026-01-16,paid,store,CHF,B2C,4307.32,4307.32,0.0,4307.32,0.0,2.0,0.0,success,True,True,True,False,False,True,False,False,True
500894,10213,2026-03-09,paid,store,CHF,B2C,1087.56,1087.56,0.0,1087.56,0.0,1.0,0.0,success,True,True,True,False,False,True,False,False,True
500895,10163,2026-04-09,paid,store,CHF,B2C,95.342,95.34,0.0,95.34,0.0,1.0,0.0,success,True,True,True,False,False,False,True,False,True
500896,10180,2026-02-17,pending,store,CHF,B2C,5951.026,5951.03,2975.52,2975.5099999999998,0.0,2.0,0.0,refunded,True,True,True,False,True,False,True,False,False
500897,10034,2026-02-25,pending,store,CHF,VIP,5814.2025,5814.2,0.0,5814.2,0.0,1.0,0.0,success,True,True,True,False,False,False,True,False,False
500898,10041,2026-03-05,paid,online,CHF,B2C,4036.74,4036.74,0.0,4036.74,0.0,2.0,0.0,success,True,True,True,False,False,True,False,False,True
500899,10051,2026-02-28,paid,online,CHF,VIP,4840.847,4840.85,0.0,4840.85,0.0,2.0,2.0,success,True,True,True,False,False,True,False,True,True
500900,10175,2026-03-31,paid,store,CHF,B2C,756.9,756.9,0.0,756.9,0.0,2.0,0.0,success,True,True,True,False,False,True,False,False,True
500901,10082,2026-03-03,cancelled,online,CHF,B2C,5196.37,0.0,0.0,0.0,0.0,0.0,0.0,,True,False,False,False,False,False,False,False,False
500902,10058,2026-03-17,paid,store,CHF,B2C,1241.699,1241.7,0.0,1241.7,0.0,1.0,0.0,success,True,True,True,False,False,True,False,True,True
500903,10075,2026-01-11,paid,online,CHF,B2B,3400.6605,3400.66,0.0,3400.66,0.0,2.0,0.0,success,True,True,True,False,False,False,True,False,True
500904,10185,2026-04-11,paid,mobile_app,CHF,B2C,416.88300000000004,416.88,0.0,416.88,0.0,1.0,0.0,success,True,True,True,False,False,False,True,False,True
500905,10023,2026-03-30,paid,online,CHF,B2C,1553.2,1553.2,0.0,1553.2,0.0,2.0,0.0,success,True,True,True,False,False,True,False,False,True
500906,10176,2026-01-18,paid,online,CHF,B2C,2771.76,2771.76,277.18,2494.5800000000004,0.0,2.0,0.0,refunded,True,True,True,False,True,False,True,False,True
500907,10128,2026-01-19,refunded,store,CHF,B2B,474.9525,474.95,0.0,474.95,0.0,1.0,0.0,success,True,True,True,False,False,False,True,False,False
500908,10150,2026-03-28,paid,store,CHF,B2C,3085.6180000000004,0.0,0.0,0.0,0.0,1.0,0.0,failed,True,True,False,False,False,False,False,False,False
500909,10017,2026-02-24,paid,mobile_app,CHF,B2C,2238.8045,2238.8,1119.4,1119.4,0.0,2.0,0.0,refunded,True,True,True,False,True,False,True,False,True
500910,10069,2026-04-12,paid,store,CHF,B2C,2260.953,2240.95,0.0,2240.95,20.0,1.0,0.0,success,True,True,True,False,False,False,True,False,True
500911,10108,2026-04-28,pending,store,CHF,B2B,304.49399999999997,0.0,0.0,0.0,0.0,1.0,0.0,failed,True,True,False,False,False,False,False,False,False
500912,10139,2026-03-23,refunded,online,CHF,B2C,4061.375,4061.38,0.0,4061.38,0.0,1.0,0.0,success,True,True,True,False,False,True,False,True,False
500913,10094,2026-01-26,paid,online,CHF,B2C,1720.206,1720.21,0.0,1720.21,0.0,1.0,0.0,success,True,True,True,False,False,True,False,True,True
500914,10015,2026-01-06,cancelled,mobile_app,CHF,B2C,1480.6999999999998,0.0,0.0,0.0,0.0,0.0,0.0,,True,False,False,False,False,False,False,False,False
500915,10091,2026-01-04,paid,store,CHF,B2C,5392.8705,5392.87,0.0,5392.87,0.0,2.0,0.0,success,True,True,True,False,False,False,True,False,True
500916,10163,2026-04-18,paid,mobile_app,CHF,B2C,1609.056,1609.06,0.0,1609.06,0.0,2.0,0.0,success,True,True,True,False,False,True,False,True,True
500917,10033,2026-04-25,paid,store,CHF,B2C,5614.54,5614.54,561.45,5053.09,0.0,2.0,0.0,refunded,True,True,True,False,True,False,True,False,True
500918,10212,2026-01-29,paid,store,CHF,B2B,2393.2495,890.72,0.0,890.72,0.0,2.0,2.0,pending,True,True,True,True,False,False,True,False,True
500919,10125,2026-02-28,paid,online,CHF,B2C,195.28,0.0,0.0,0.0,100.0,1.0,0.0,success,True,True,True,False,False,False,False,False,False
500920,10016,2026-04-08,paid,store,CHF,B2C,3763.8595,3763.86,0.0,3763.86,0.0,1.0,0.0,success,True,True,True,False,False,True,False,True,True
500921,10162,2026-01-17,paid,store,CHF,B2C,761.8625,761.86,0.0,761.86,0.0,2.0,2.0,success,True,True,True,False,False,False,True,False,True
500922,10066,2026-04-17,pending,online,CHF,B2C,1273.4515000000001,1273.45,1273.45,0.0,0.0,2.0,0.0,refunded,True,True,True,False,True,False,False,False,False
500923,10227,2026-02-12,paid,store,CHF,VIP,2530.6020000000003,2530.6,0.0,2530.6,0.0,1.0,0.0,success,True,True,True,False,False,False,True,False,True
500924,10168,2026-04-27,paid,store,CHF,B2C,562.383,562.38,0.0,562.38,0.0,2.0,2.0,success,True,True,True,False,False,False,True,False,True
500925,10248,2026-03-21,paid,store,CHF,VIP,3823.87,3823.87,0.0,3823.87,0.0,1.0,0.0,success,True,True,True,False,False,True,False,False,True
500926,10156,2026-03-07,paid,online,CHF,B2C,738.56,738.56,0.0,738.56,0.0,1.0,0.0,success,True,True,True,False,False,True,False,False,True
500927,10047,2026-02-03,paid,online,CHF,B2C,4725.278,4725.28,0.0,4725.28,0.0,2.0,0.0,success,True,True,True,False,False,True,False,True,True
500928,10167,2026-04-29,paid,online,CHF,B2C,6505.732,6505.73,0.0,6505.73,0.0,1.0,0.0,success,True,True,True,False,False,False,True,False,True
500929,10198,2026-01-08,refunded,online,CHF,B2B,2877.835,2877.84,0.0,2877.84,0.0,1.0,0.0,success,True,True,True,False,False,True,False,True,False
500930,10201,2026-01-13,paid,online,CHF,B2C,4689.2789999999995,4689.28,0.0,4689.28,0.0,1.0,0.0,success,True,True,True,False,False,True,False,True,True
500931,10148,2026-04-16,paid,online,CHF,B2C,2804.9595,2804.96,0.0,2804.96,0.0,1.0,0.0,success,True,True,True,False,False,True,False,True,True
500932,10124,2026-01-08,pending,store,CHF,B2C,3392.3779999999997,3392.38,0.0,3392.38,0.0,1.0,0.0,success,True,True,True,False,False,True,False,True,False
500933,10001,2026-04-04,paid,store,CHF,B2C,4553.661,4553.66,0.0,4553.66,0.0,1.0,0.0,success,True,True,True,False,False,False,True,False,True
500934,10200,2026-04-06,paid,online,CHF,B2B,461.51099999999997,461.51,0.0,461.51,0.0,2.0,0.0,success,True,True,True,False,False,False,True,False,True
500935,10247,2026-04-10,paid,store,CHF,B2C,4814.125,4814.12,0.0,4814.12,0.0,1.0,0.0,success,True,True,True,False,False,False,True,False,True
500936,10087,2026-04-21,paid,mobile_app,CHF,B2B,4453.7095,4453.71,0.0,4453.71,0.0,1.0,0.0,success,True,True,True,False,False,True,False,True,True
500937,10128,2026-04-04,paid,online,CHF,B2B,5035.4595,5035.46,0.0,5035.46,0.0,2.0,2.0,success,True,True,True,False,False,True,False,True,True
500938,10191,2026-03-06,paid,online,CHF,B2C,2776.182,2776.18,0.0,2776.18,0.0,1.0,0.0,success,True,True,True,False,False,False,True,False,True
500939,10067,2026-02-12,paid,store,CHF,B2C,2265.638,2265.64,0.0,2265.64,0.0,1.0,0.0,success,True,True,True,False,False,True,False,True,True
500940,10004,2026-02-08,paid,store,CHF,B2C,4657.395,2058.42,0.0,2058.42,0.0,2.0,2.0,pending,True,True,True,True,False,False,True,False,True
500941,10186,2026-03-22,cancelled,store,CHF,B2C,3746.4539999999997,0.0,0.0,0.0,0.0,0.0,0.0,,True,False,False,False,False,False,False,False,False
500942,10153,2026-02-28,paid,online,CHF,B2C,1237.181,1237.18,0.0,1237.18,0.0,1.0,0.0,success,True,True,True,False,False,False,True,False,True
500943,10047,2026-03-25,paid,online,CHF,B2C,3590.614,3590.61,3590.61,0.0,0.0,2.0,0.0,refunded,True,True,True,False,True,False,False,False,False
500944,10038,2026-03-29,pending,mobile_app,CHF,B2C,981.36,981.36,0.0,981.36,0.0,1.0,0.0,success,True,True,True,False,False,True,False,False,False
500945,10143,2026-04-24,paid,store,CHF,B2C,3500.893,3500.89,0.0,3500.89,0.0,2.0,0.0,success,True,True,True,False,False,False,True,False,True
500946,10191,2026-03-27,paid,store,CHF,B2C,4398.576,4398.58,0.0,4398.58,0.0,2.0,0.0,success,True,True,True,False,False,True,False,True,True
500947,10021,2026-04-03,refunded,store,CHF,B2C,692.8140000000001,692.81,0.0,692.81,0.0,2.0,0.0,success,True,True,True,False,False,False,True,False,False
500948,10227,2026-03-27,paid,online,CHF,VIP,1011.39,1011.39,505.7,505.69,0.0,2.0,0.0,refunded,True,True,True,False,True,False,True,False,True
500949,10057,2026-02-13,paid,mobile_app,CHF,B2C,649.354,649.35,0.0,649.35,0.0,2.0,0.0,success,True,True,True,False,False,False,True,False,True
500950,10117,2026-01-09,cancelled,store,CHF,B2B,5732.476,0.0,0.0,0.0,0.0,0.0,0.0,,True,False,False,False,False,False,False,False,False
500951,10181,2026-02-06,paid,online,CHF,B2C,1224.928,1224.93,0.0,1224.93,0.0,1.0,0.0,success,True,True,True,False,False,True,False,True,True
500952,10046,2026-03-15,paid,store,CHF,B2C,776.66,430.73,0.0,430.73,0.0,2.0,2.0,pending,True,True,True,True,False,False,True,False,True
500953,10244,2026-02-05,paid,online,CHF,B2C,715.7775,715.78,0.0,715.78,0.0,1.0,0.0,success,True,True,True,False,False,True,False,True,True
500954,10142,2026-04-11,paid,mobile_app,CHF,B2C,1463.5549999999998,1463.55,0.0,1463.55,0.0,1.0,0.0,success,True,True,True,False,False,False,True,False,True
500955,10228,2026-04-02,paid,store,CHF,B2C,7546.168000000001,7546.17,0.0,7546.17,0.0,2.0,2.0,success,True,True,True,False,False,True,False,True,True
500956,10204,2026-01-28,pending,store,CHF,B2B,767.267,767.27,0.0,767.27,0.0,1.0,0.0,success,True,True,True,False,False,True,False,True,False
500957,10145,2026-02-11,paid,mobile_app,CHF,B2C,1743.4235,1743.42,0.0,1743.42,0.0,1.0,0.0,success,True,True,True,False,False,False,True,False,True
500958,999005,2026-02-12,pending,mobile_app,CHF,,2300.9400000000005,2300.94,0.0,2300.94,0.0,2.0,0.0,success,False,True,True,False,False,False,True,False,False
500959,10137,2026-03-26,paid,online,CHF,B2C,903.0,903.0,0.0,903.0,0.0,1.0,0.0,success,True,True,True,False,False,True,False,False,True
500960,10099,2026-03-29,pending,online,CHF,B2C,1333.43,1333.43,0.0,1333.43,0.0,1.0,0.0,success,True,True,True,False,False,True,False,False,False
500961,10077,2026-02-11,paid,store,CHF,B2B,1038.5600000000002,1038.56,0.0,1038.56,0.0,2.0,2.0,success,True,True,True,False,False,False,True,False,True
500962,10207,2026-04-14,paid,online,CHF,B2C,1764.606,1764.61,0.0,1764.61,0.0,1.0,0.0,success,True,True,True,False,False,True,False,True,True
500963,10210,2026-03-07,paid,online,CHF,B2C,3712.8594999999996,3712.86,0.0,3712.86,0.0,2.0,0.0,success,True,True,True,False,False,True,False,True,True
500964,10115,2026-02-24,paid,online,CHF,B2C,628.108,628.11,0.0,628.11,0.0,1.0,0.0,success,True,True,True,False,False,True,False,True,True
500965,10225,2026-03-13,paid,store,CHF,B2C,992.675,0.0,0.0,0.0,20.0,1.0,0.0,success,True,True,True,False,False,False,False,False,False
500966,10134,2026-02-17,pending,store,CHF,B2C,464.63,464.63,0.0,464.63,0.0,1.0,0.0,success,True,True,True,False,False,True,False,False,False
500967,10219,2026-04-01,pending,store,CHF,B2C,3515.1825,3515.1800000000003,0.0,3515.1800000000003,0.0,2.0,2.0,success,True,True,True,False,False,False,True,False,False
500968,10151,2026-01-22,paid,store,CHF,VIP,926.12,926.12,0.0,926.12,0.0,1.0,0.0,success,True,True,True,False,False,True,False,False,True
500969,10187,2026-04-11,paid,store,CHF,B2B,4321.371999999999,4321.37,0.0,4321.37,0.0,1.0,0.0,success,True,True,True,False,False,False,True,False,True
500970,10091,2026-01-27,paid,store,CHF,B2C,4079.326,4079.33,0.0,4079.33,0.0,1.0,0.0,success,True,True,True,False,False,True,False,True,True
500971,10098,2026-04-03,paid,store,CHF,B2C,2385.3709999999996,2385.37,0.0,2385.37,0.0,1.0,0.0,success,True,True,True,False,False,False,True,False,True
500972,10120,2026-03-08,paid,store,CHF,B2C,3176.095,3176.09,0.0,3176.09,0.0,1.0,0.0,success,True,True,True,False,False,False,True,False,True
500973,10046,2026-04-18,cancelled,online,CHF,B2C,1856.017,0.0,0.0,0.0,0.0,0.0,0.0,,True,False,False,False,False,False,False,False,False
500974,10038,2026-01-13,refunded,store,CHF,B2C,6404.6675,6404.67,0.0,6404.67,0.0,1.0,0.0,success,True,True,True,False,False,True,False,True,False
500975,10142,2026-02-14,paid,store,CHF,B2C,8393.1505,8393.150000000001,0.0,8393.150000000001,0.0,2.0,2.0,success,True,True,True,False,False,False,True,False,True
500976,10100,2026-01-10,paid,store,CHF,B2C,270.6075,270.61,0.0,270.61,0.0,1.0,0.0,success,True,True,True,False,False,True,False,True,True
500977,10245,2026-04-10,paid,store,CHF,B2C,3813.786,3813.79,0.0,3813.79,0.0,1.0,0.0,success,True,True,True,False,False,True,False,True,True
500978,10072,2026-01-09,paid,online,CHF,B2C,2274.6345,2274.63,0.0,2274.63,0.0,1.0,0.0,success,True,True,True,False,False,False,True,False,True
500979,10190,2026-02-23,paid,store,CHF,B2C,1100.874,1100.87,0.0,1100.87,0.0,2.0,0.0,success,True,True,True,False,False,False,True,False,True
500980,10035,2026-04-30,paid,online,CHF,VIP,4064.5635,4064.56,0.0,4064.56,0.0,1.0,0.0,success,True,True,True,False,False,False,True,False,True
500981,10147,2026-04-29,pending,mobile_app,CHF,B2C,670.5124999999999,670.51,0.0,670.51,0.0,2.0,0.0,success,True,True,True,False,False,False,True,False,False
500982,10030,2026-01-27,paid,online,CHF,B2C,6524.0035,6524.0,0.0,6524.0,0.0,1.0,0.0,success,True,True,True,False,False,False,True,False,True
500983,10078,2026-02-03,paid,online,CHF,B2C,105.93549999999999,105.94,0.0,105.94,0.0,1.0,0.0,success,True,True,True,False,False,True,False,True,True
500984,10084,2026-04-25,pending,mobile_app,CHF,B2C,415.4815,415.48,0.0,415.48,0.0,1.0,0.0,success,True,True,True,False,False,False,True,False,False
500986,10025,2026-02-01,paid,store,CHF,B2C,399.99,399.99,40.0,359.99,0.0,2.0,0.0,refunded,True,True,True,False,True,False,True,False,True
500987,10168,2026-03-30,paid,store,CHF,B2C,398.88,398.88,0.0,398.88,0.0,1.0,0.0,success,True,True,True,False,False,True,False,False,True
500988,10088,2026-04-03,paid,mobile_app,CHF,B2C,1866.7995,1866.8,0.0,1866.8,0.0,1.0,0.0,success,True,True,True,False,False,True,False,True,True
500989,10014,2026-03-12,cancelled,store,CHF,B2C,2245.672,0.0,0.0,0.0,0.0,0.0,0.0,,True,False,False,False,False,False,False,False,False
500990,10154,2026-04-23,cancelled,store,CHF,B2C,2154.1045,2154.1,0.0,2154.1,0.0,1.0,0.0,success,True,True,True,False,False,False,True,False,False
500991,10102,2026-03-08,paid,online,CHF,B2C,2389.166,1261.64,0.0,1261.64,0.0,2.0,2.0,pending,True,True,True,True,False,False,True,False,True
500992,10215,2026-03-25,paid,online,CHF,B2B,2935.3719999999994,2935.37,0.0,2935.37,0.0,1.0,0.0,success,True,True,True,False,False,False,True,False,True
500993,10150,2026-01-20,pending,store,CHF,B2C,1280.651,1280.65,0.0,1280.65,0.0,2.0,0.0,success,True,True,True,False,False,False,True,False,False
500994,10176,2026-04-27,paid,online,CHF,B2C,58.643499999999996,31.81,0.0,31.81,0.0,2.0,2.0,pending,True,True,True,True,False,False,True,False,True
500995,10249,2026-04-04,paid,store,CHF,VIP,409.10799999999995,409.11,0.0,409.11,0.0,2.0,0.0,success,True,True,True,False,False,True,False,True,True
500996,10083,2026-02-04,paid,online,CHF,B2C,1313.568,1313.5700000000002,0.0,1313.5700000000002,0.0,2.0,2.0,success,True,True,True,False,False,True,False,True,True
500997,10110,2026-04-09,paid,store,CHF,B2C,5399.9625,5399.96,0.0,5399.96,0.0,1.0,0.0,success,True,True,True,False,False,False,True,False,True
500998,10179,2026-04-23,paid,store,CHF,VIP,2556.201,2556.2,0.0,2556.2,0.0,1.0,0.0,success,True,True,True,False,False,False,True,False,True
500999,10131,2026-04-13,pending,online,CHF,B2C,1646.79,1646.79,0.0,1646.79,0.0,1.0,0.0,success,True,True,True,False,False,True,False,False,False
501000,10170,2026-04-01,refunded,online,CHF,B2C,507.99399999999997,309.2,0.0,309.2,0.0,2.0,2.0,pending,True,True,True,True,False,False,True,False,False
501001,10019,2026-03-31,paid,online,CHF,B2C,4492.3279999999995,4784.21,0.0,4784.21,0.0,1.0,0.0,success,True,True,True,False,False,True,False,True,True
501002,10201,2026-03-19,paid,store,CHF,B2C,1521.45,1521.45,0.0,1521.45,0.0,1.0,0.0,success,True,True,True,False,False,True,False,False,True
501003,10028,2026-01-17,paid,store,CHF,B2C,3322.284,3659.12,0.0,3659.12,0.0,2.0,0.0,success,True,True,True,False,False,True,False,True,True
501004,10212,2026-01-18,paid,online,CHF,B2B,3297.258,3297.26,0.0,3297.26,0.0,2.0,0.0,success,True,True,True,False,False,True,False,True,True
501005,10173,2026-02-14,paid,store,CHF,B2C,6274.002,6274.0,0.0,6274.0,0.0,2.0,0.0,success,True,True,True,False,False,False,True,False,True
501006,10071,2026-04-26,pending,store,CHF,B2B,1524.516,1524.52,762.26,762.26,0.0,2.0,0.0,refunded,True,True,True,False,True,False,True,False,False
501007,10206,2026-04-03,paid,store,CHF,B2C,4533.353,4533.35,0.0,4533.35,0.0,1.0,0.0,success,True,True,True,False,False,False,True,False,True
501008,10063,2026-03-25,paid,online,CHF,B2B,4790.8395,4790.84,479.08,4311.76,0.0,2.0,0.0,refunded,True,True,True,False,True,False,True,False,True
501009,10073,2026-02-22,paid,mobile_app,CHF,B2C,2928.015,2928.01,0.0,2928.01,0.0,1.0,0.0,success,True,True,True,False,False,False,True,False,True
501010,10124,2026-04-01,pending,mobile_app,CHF,B2C,3314.9620000000004,3314.96,0.0,3314.96,0.0,1.0,0.0,success,True,True,True,False,False,False,True,False,False
501011,10119,2026-03-23,cancelled,online,CHF,B2B,2710.55,0.0,0.0,0.0,0.0,0.0,0.0,,True,False,False,False,False,False,False,False,False
501012,10121,2026-03-09,refunded,store,CHF,B2B,954.492,954.49,0.0,954.49,0.0,1.0,0.0,success,True,True,True,False,False,False,True,False,False
501013,10019,2026-03-06,cancelled,store,CHF,B2C,2812.7385,0.0,0.0,0.0,0.0,0.0,0.0,,True,False,False,False,False,False,False,False,False
501014,10175,2026-04-24,paid,online,CHF,B2C,3331.608,3331.61,0.0,3331.61,0.0,1.0,0.0,success,True,True,True,False,False,True,False,True,True
501015,10244,2026-01-01,paid,store,CHF,B2C,3839.778,3839.78,0.0,3839.78,0.0,1.0,0.0,success,True,True,True,False,False,True,False,True,True
501016,10142,2026-02-27,paid,mobile_app,CHF,B2C,2652.64,2652.64,0.0,2652.64,0.0,1.0,0.0,success,True,True,True,False,False,True,False,False,True
501017,10120,2026-01-26,paid,store,CHF,B2C,9235.366,9235.37,0.0,9235.37,0.0,1.0,0.0,success,True,True,True,False,False,True,False,True,True
501018,10166,2026-04-19,paid,mobile_app,CHF,B2B,2204.7775,2204.78,0.0,2204.78,0.0,2.0,0.0,success,True,True,True,False,False,True,False,True,True
501019,10181,2026-01-20,paid,online,CHF,B2C,1587.478,1587.48,0.0,1587.48,0.0,1.0,0.0,success,True,True,True,False,False,True,False,True,True
501020,10061,2026-04-26,paid,online,CHF,B2C,350.69249999999994,0.0,0.0,0.0,0.0,1.0,0.0,failed,True,True,False,False,False,False,False,False,False
501021,10164,2026-03-28,paid,store,CHF,B2C,6277.169,6277.17,0.0,6277.17,0.0,2.0,2.0,success,True,True,True,False,False,True,False,True,True
501022,10168,2026-01-10,paid,store,CHF,B2C,3535.458,3530.46,0.0,3530.46,5.0,1.0,0.0,success,True,True,True,False,False,False,True,False,True
501023,10209,2026-02-28,cancelled,store,CHF,B2C,4908.6175,0.0,0.0,0.0,0.0,0.0,0.0,,True,False,False,False,False,False,False,False,False
501024,10030,2026-03-16,paid,store,CHF,B2C,2398.026,0.0,0.0,0.0,0.0,1.0,0.0,failed,True,True,False,False,False,False,False,False,False
501025,10009,2026-02-10,paid,store,CHF,B2C,340.84000000000003,340.84,0.0,340.84,0.0,1.0,0.0,success,True,True,True,False,False,False,True,False,True
501026,10064,2026-04-15,paid,online,CHF,B2C,510.984,510.98,0.0,510.98,0.0,1.0,0.0,success,True,True,True,False,False,False,True,False,True
501027,10161,2026-01-05,paid,store,CHF,B2C,3145.74,3135.74,0.0,3135.74,10.0,1.0,0.0,success,True,True,True,False,False,False,True,False,True
501028,10120,2026-03-06,paid,online,CHF,B2C,2756.863,2746.86,0.0,2746.86,10.0,1.0,0.0,success,True,True,True,False,False,False,True,False,True
501029,10052,2026-01-17,paid,online,CHF,B2B,524.5905,524.59,0.0,524.59,0.0,1.0,0.0,success,True,True,True,False,False,False,True,False,True
501030,10089,2026-01-22,paid,store,CHF,B2B,2112.758,0.0,0.0,0.0,0.0,1.0,0.0,failed,True,True,False,False,False,False,False,False,False
501031,10142,2026-04-08,paid,mobile_app,CHF,B2C,649.89,649.89,0.0,649.89,0.0,2.0,2.0,success,True,True,True,False,False,True,False,False,True
501032,10203,2026-04-30,paid,store,CHF,B2C,1556.08,1556.08,0.0,1556.08,0.0,1.0,0.0,success,True,True,True,False,False,True,False,False,True
501033,10053,2026-04-19,paid,store,CHF,VIP,1920.758,1920.76,0.0,1920.76,0.0,2.0,0.0,success,True,True,True,False,False,True,False,True,True
501034,10227,2026-02-10,paid,online,CHF,VIP,225.7,225.7,0.0,225.7,0.0,2.0,2.0,success,True,True,True,False,False,True,False,False,True
501035,10233,2026-04-03,paid,online,CHF,B2C,1425.555,1425.56,0.0,1425.56,0.0,1.0,0.0,success,True,True,True,False,False,True,False,True,True
501036,10187,2026-03-09,paid,store,CHF,B2B,409.796,409.8,0.0,409.8,0.0,1.0,0.0,success,True,True,True,False,False,True,False,True,True
501037,10078,2026-03-10,paid,store,CHF,B2C,3932.214,3932.21,983.05,2949.16,0.0,2.0,0.0,refunded,True,True,True,False,True,False,True,False,True
501038,10222,2026-01-11,paid,online,CHF,B2C,4962.058,4962.06,0.0,4962.06,0.0,1.0,0.0,success,True,True,True,False,False,True,False,True,True
501039,10041,2026-02-25,paid,store,CHF,B2C,7302.009,7297.01,0.0,7297.01,5.0,1.0,0.0,success,True,True,True,False,False,False,True,False,True
501040,10196,2026-02-20,paid,online,CHF,B2C,1279.958,0.0,0.0,0.0,0.0,1.0,0.0,failed,True,True,False,False,False,False,False,False,False
501041,10068,2026-01-21,paid,mobile_app,CHF,B2B,551.835,551.84,0.0,551.84,0.0,1.0,0.0,success,True,True,True,False,False,True,False,True,True
501042,10220,2026-04-09,pending,mobile_app,CHF,B2B,713.12,713.12,0.0,713.12,0.0,2.0,2.0,success,True,True,True,False,False,True,False,False,False
501043,10008,2026-03-17,cancelled,store,CHF,B2B,564.46,0.0,0.0,0.0,0.0,0.0,0.0,,True,False,False,False,False,False,False,False,False
501044,10002,2026-01-26,cancelled,store,CHF,VIP,3559.506,0.0,0.0,0.0,0.0,0.0,0.0,,True,False,False,False,False,False,False,False,False
501045,10105,2026-04-25,paid,store,CHF,VIP,791.86,791.86,395.93,395.93,0.0,2.0,0.0,refunded,True,True,True,False,True,False,True,False,True
501046,10125,2026-01-19,paid,store,CHF,B2C,3353.906,2074.5,0.0,2074.5,0.0,2.0,2.0,pending,True,True,True,True,False,False,True,False,True
501047,10110,2026-04-19,paid,store,CHF,B2C,3196.04,3196.04,0.0,3196.04,0.0,1.0,0.0,success,True,True,True,False,False,True,False,False,True
501048,10086,2026-03-01,paid,store,CHF,B2C,9057.759,9057.76,0.0,9057.76,0.0,2.0,0.0,success,True,True,True,False,False,True,False,True,True
501049,10169,2026-03-12,paid,mobile_app,CHF,B2C,977.0,977.0,0.0,977.0,0.0,1.0,0.0,success,True,True,True,False,False,True,False,False,True
501050,10120,2026-02-16,paid,mobile_app,CHF,B2C,2652.5395,2652.54,0.0,2652.54,0.0,2.0,2.0,success,True,True,True,False,False,True,False,True,True
501051,10127,2026-04-29,pending,store,CHF,B2B,3178.0910000000003,3178.09,3178.09,0.0,0.0,2.0,0.0,refunded,True,True,True,False,True,False,False,False,False
501052,10183,2026-03-12,paid,store,CHF,VIP,1633.3505,1633.35,0.0,1633.35,0.0,2.0,0.0,success,True,True,True,False,False,False,True,False,True
501053,10016,,cancelled,store,CHF,B2C,2445.951,0.0,0.0,0.0,0.0,0.0,0.0,,True,False,False,False,False,False,False,False,False
501054,10221,2026-02-09,paid,store,CHF,B2C,806.908,806.91,80.69,726.22,0.0,2.0,0.0,refunded,True,True,True,False,True,False,True,False,True
501055,10062,2026-01-05,paid,online,CHF,B2C,2795.6040000000003,2795.6,279.56,2516.04,0.0,2.0,0.0,refunded,True,True,True,False,True,False,True,False,True
501056,10113,2026-01-21,paid,online,CHF,VIP,3082.423,3082.42,0.0,3082.42,0.0,1.0,0.0,success,True,True,True,False,False,False,True,False,True
501057,10176,2026-03-19,paid,mobile_app,CHF,B2C,522.3100000000001,522.31,0.0,522.31,0.0,1.0,0.0,success,True,True,True,False,False,False,True,False,True
501058,10158,2026-01-04,pending,online,CHF,B2B,2887.618,2887.62,0.0,2887.62,0.0,2.0,2.0,success,True,True,True,False,False,True,False,True,False
501059,10012,2026-01-23,paid,online,CHF,VIP,361.8265,361.83,0.0,361.83,0.0,1.0,0.0,success,True,True,True,False,False,True,False,True,True
501060,10035,2026-04-16,paid,online,CHF,VIP,508.24,508.24,0.0,508.24,0.0,1.0,0.0,success,True,True,True,False,False,True,False,False,True
501061,10011,2026-03-25,pending,store,CHF,B2C,2584.237,2584.24,0.0,2584.24,0.0,1.0,0.0,success,True,True,True,False,False,True,False,True,False
501062,10064,2026-01-15,paid,online,CHF,B2C,2340.1905,2340.19,0.0,2340.19,0.0,2.0,0.0,success,True,True,True,False,False,False,True,False,True
501063,10238,2026-04-24,refunded,online,CHF,B2C,392.616,392.62,0.0,392.62,0.0,2.0,0.0,success,True,True,True,False,False,True,False,True,False
501064,10050,2026-04-26,paid,store,CHF,B2C,1773.921,0.0,0.0,0.0,0.0,1.0,0.0,failed,True,True,False,False,False,False,False,False,False
501065,10213,2026-04-19,paid,store,CHF,B2C,2891.625,2891.62,0.0,2891.62,0.0,1.0,0.0,success,True,True,True,False,False,False,True,False,True
501066,10149,2026-04-03,paid,store,CHF,B2C,4193.9825,1737.17,0.0,1737.17,0.0,2.0,2.0,pending,True,True,True,True,False,False,True,False,True
501068,10048,2026-02-10,paid,store,CHF,B2C,1580.53,1580.53,0.0,1580.53,0.0,2.0,0.0,success,True,True,True,False,False,True,False,False,True
501069,10020,2026-04-22,paid,store,CHF,B2C,3585.5575,3585.5600000000004,0.0,3585.5600000000004,0.0,2.0,2.0,success,True,True,True,False,False,True,False,True,True
501070,10101,2026-01-19,pending,store,CHF,B2C,4865.413500000001,4865.41,0.0,4865.41,0.0,1.0,0.0,success,True,True,True,False,False,False,True,False,False
501071,10195,2026-04-22,cancelled,online,CHF,B2C,365.33,0.0,0.0,0.0,0.0,0.0,0.0,,True,False,False,False,False,False,False,False,False
501072,10172,2026-04-13,paid,store,CHF,B2C,4521.323,4521.32,0.0,4521.32,0.0,2.0,2.0,success,True,True,True,False,False,False,True,False,True
501073,10161,2026-02-15,paid,mobile_app,CHF,B2C,216.036,216.04,0.0,216.04,0.0,2.0,0.0,success,True,True,True,False,False,True,False,True,True
501074,10245,2026-01-28,paid,mobile_app,CHF,B2C,1723.5505,1723.55,0.0,1723.55,0.0,2.0,2.0,success,True,True,True,False,False,False,True,False,True
501075,10201,2026-04-20,paid,online,CHF,B2C,4288.95,4288.95,2144.48,2144.47,0.0,2.0,0.0,refunded,True,True,True,False,True,False,True,False,True
501076,10189,2026-04-01,paid,online,CHF,B2C,493.6815,493.68,0.0,493.68,0.0,1.0,0.0,success,True,True,True,False,False,False,True,False,True
501077,10137,2026-03-09,paid,store,CHF,B2C,868.197,868.2,0.0,868.2,0.0,2.0,2.0,success,True,True,True,False,False,True,False,True,True
501078,10068,2026-01-15,paid,store,CHF,B2B,2008.0439999999999,2008.04,0.0,2008.04,0.0,1.0,0.0,success,True,True,True,False,False,False,True,False,True
501079,10035,2026-04-09,paid,online,CHF,VIP,2148.574,0.0,0.0,0.0,50.0,1.0,0.0,success,True,True,True,False,False,False,False,False,False
501080,10209,2026-02-06,refunded,store,CHF,B2C,2114.9975,2115.0,0.0,2115.0,0.0,1.0,0.0,success,True,True,True,False,False,True,False,True,False
501081,10226,2026-01-01,paid,store,CHF,B2C,689.1700000000001,689.17,0.0,689.17,0.0,1.0,0.0,success,True,True,True,False,False,False,True,False,True
501082,10216,2026-03-08,paid,online,CHF,B2C,6317.08,6317.08,0.0,6317.08,0.0,2.0,0.0,success,True,True,True,False,False,True,False,False,True
501083,10224,2026-04-21,paid,store,CHF,B2C,3653.629,3653.63,0.0,3653.63,0.0,1.0,0.0,success,True,True,True,False,False,True,False,True,True
501084,10065,2026-01-24,paid,mobile_app,CHF,B2C,3168.35,3168.35,0.0,3168.35,0.0,1.0,0.0,success,True,True,True,False,False,True,False,False,True
501085,10008,2026-01-27,paid,store,CHF,B2B,4590.621,4590.62,0.0,4590.62,0.0,1.0,0.0,success,True,True,True,False,False,False,True,False,True
501086,10045,2026-02-09,paid,online,CHF,B2C,3496.3635,3496.36,0.0,3496.36,0.0,1.0,0.0,success,True,True,True,False,False,False,True,False,True
501087,10087,2026-03-04,cancelled,online,CHF,B2B,989.8239999999998,0.0,0.0,0.0,0.0,0.0,0.0,,True,False,False,False,False,False,False,False,False
501088,10175,2026-03-02,paid,online,CHF,B2C,1944.339,1944.3400000000001,0.0,1944.3400000000001,0.0,2.0,2.0,success,True,True,True,False,False,True,False,True,True
501089,10168,2026-02-05,paid,store,CHF,B2C,1035.5475000000001,1035.55,258.89,776.66,0.0,2.0,0.0,refunded,True,True,True,False,True,False,True,False,True
501090,10076,2026-04-08,refunded,online,CHF,B2B,230.864,230.86,0.0,230.86,0.0,2.0,0.0,success,True,True,True,False,False,False,True,False,False
501091,10182,2026-04-03,cancelled,mobile_app,CHF,B2C,5066.0,0.0,0.0,0.0,0.0,0.0,0.0,,True,False,False,False,False,False,False,False,False
501092,10076,2026-01-24,paid,online,CHF,B2B,3106.8735,3106.87,0.0,3106.87,0.0,1.0,0.0,success,True,True,True,False,False,False,True,False,True
501093,10174,2026-01-24,paid,store,CHF,B2C,644.2,644.2,0.0,644.2,0.0,2.0,0.0,success,True,True,True,False,False,True,False,False,True
501094,10047,2026-04-16,paid,online,CHF,B2C,5745.9735,5745.97,0.0,5745.97,0.0,1.0,0.0,success,True,True,True,False,False,False,True,False,True
501095,10015,2026-01-04,paid,online,CHF,B2C,4928.903,4928.9,0.0,4928.9,0.0,1.0,0.0,success,True,True,True,False,False,False,True,False,True
501096,10105,2026-03-08,paid,store,CHF,VIP,5248.361999999999,5248.36,0.0,5248.36,0.0,1.0,0.0,success,True,True,True,False,False,False,True,False,True
501097,10147,2026-02-03,paid,mobile_app,CHF,B2C,3243.79,3243.79,0.0,3243.79,0.0,1.0,0.0,success,True,True,True,False,False,True,False,False,True
501098,10026,2026-02-26,paid,store,CHF,B2B,299.51,299.51,0.0,299.51,0.0,1.0,0.0,success,True,True,True,False,False,True,False,False,True
501099,10052,2026-02-18,paid,online,CHF,B2B,2639.209,2639.21,0.0,2639.21,0.0,1.0,0.0,success,True,True,True,False,False,True,False,True,True
501100,10093,2026-03-28,paid,online,CHF,B2B,6009.3705,6009.37,0.0,6009.37,0.0,1.0,0.0,success,True,True,True,False,False,False,True,False,True
501101,10150,2026-02-22,paid,online,CHF,B2C,1108.94,1108.94,0.0,1108.94,0.0,1.0,0.0,success,True,True,True,False,False,True,False,False,True
501102,10232,2026-04-30,paid,mobile_app,CHF,B2C,3875.227,3875.23,0.0,3875.23,0.0,1.0,0.0,success,True,True,True,False,False,True,False,True,True
501103,10021,2026-04-26,paid,mobile_app,CHF,B2C,312.8085,312.81,0.0,312.81,0.0,2.0,0.0,success,True,True,True,False,False,True,False,True,True
501104,10051,2026-01-23,paid,store,CHF,VIP,5151.312,5151.31,0.0,5151.31,0.0,1.0,0.0,success,True,True,True,False,False,False,True,False,True
501105,10038,2026-04-19,paid,store,CHF,B2C,5619.979,5619.98,562.0,5057.98,0.0,2.0,0.0,refunded,True,True,True,False,True,False,True,False,True
501106,10020,2026-03-10,paid,store,CHF,B2C,125.3675,125.37,0.0,125.37,0.0,1.0,0.0,success,True,True,True,False,False,True,False,True,True
501107,10249,2026-04-05,paid,online,CHF,VIP,1870.415,1870.41,467.6,1402.81,0.0,2.0,0.0,refunded,True,True,True,False,True,False,True,False,True
501108,10157,2026-02-22,paid,mobile_app,CHF,B2C,4261.701,0.0,0.0,0.0,100.0,1.0,0.0,success,True,True,True,False,False,False,False,False,False
501109,10179,2026-03-03,paid,store,CHF,VIP,3435.9665,3435.97,0.0,3435.97,0.0,1.0,0.0,success,True,True,True,False,False,True,False,True,True
501110,10132,2026-02-10,cancelled,store,CHF,B2C,1438.0765000000001,0.0,0.0,0.0,0.0,0.0,0.0,,True,False,False,False,False,False,False,False,False
501111,10055,2026-02-26,cancelled,store,CHF,B2C,4100.586,0.0,0.0,0.0,0.0,0.0,0.0,,True,False,False,False,False,False,False,False,False
501112,10199,2026-03-01,paid,online,CHF,B2B,86.56400000000001,86.56,0.0,86.56,0.0,1.0,0.0,success,True,True,True,False,False,False,True,False,True
501113,10092,2026-02-23,paid,store,CHF,B2B,4537.414,4537.41,0.0,4537.41,0.0,1.0,0.0,success,True,True,True,False,False,False,True,False,True
501114,10028,2026-03-11,paid,store,CHF,B2C,5836.067,5836.07,583.61,5252.46,0.0,2.0,0.0,refunded,True,True,True,False,True,False,True,False,True
501115,10004,2026-04-11,paid,online,CHF,B2C,1682.04,1682.04,0.0,1682.04,0.0,1.0,0.0,success,True,True,True,False,False,True,False,False,True
501116,10150,2026-02-26,paid,online,CHF,B2C,62.18699999999999,62.19,0.0,62.19,0.0,1.0,0.0,success,True,True,True,False,False,True,False,True,True
501117,10076,2026-01-10,refunded,online,CHF,B2B,672.4660000000001,672.47,0.0,672.47,0.0,1.0,0.0,success,True,True,True,False,False,True,False,True,False
501118,10173,2026-02-09,paid,online,CHF,B2C,522.358,522.36,0.0,522.36,0.0,1.0,0.0,success,True,True,True,False,False,True,False,True,True
501119,10067,2026-01-07,paid,store,CHF,B2C,2313.532,2313.53,0.0,2313.53,0.0,2.0,0.0,success,True,True,True,False,False,False,True,False,True
501120,10086,2026-04-13,pending,online,CHF,B2C,1987.58,1987.58,0.0,1987.58,0.0,1.0,0.0,success,True,True,True,False,False,True,False,False,False
501121,10236,2026-02-07,refunded,online,CHF,B2B,382.12,382.12,95.53,286.59000000000003,0.0,2.0,0.0,refunded,True,True,True,False,True,False,True,False,False
501122,10194,2026-03-26,cancelled,mobile_app,CHF,B2C,2343.8135,2343.81,0.0,2343.81,0.0,1.0,0.0,success,True,True,True,False,False,False,True,False,False
501123,10216,2026-03-02,paid,store,CHF,B2C,2099.107,2099.11,524.78,1574.3300000000002,0.0,2.0,0.0,refunded,True,True,True,False,True,False,True,False,True
501124,10162,2026-03-25,paid,store,CHF,B2C,4730.772,4730.77,0.0,4730.77,0.0,1.0,0.0,success,True,True,True,False,False,False,True,False,True
501125,10091,2026-01-03,paid,store,CHF,B2C,4992.42,4992.42,0.0,4992.42,0.0,2.0,0.0,success,True,True,True,False,False,True,False,False,True
501126,10183,2026-02-20,paid,store,CHF,VIP,54.72,54.72,13.68,41.04,0.0,2.0,0.0,refunded,True,True,True,False,True,False,True,False,True
501127,10105,2026-03-27,paid,online,CHF,VIP,4517.6615,4517.66,0.0,4517.66,0.0,1.0,0.0,success,True,True,True,False,False,False,True,False,True
501128,10001,2026-02-16,paid,store,CHF,B2C,2884.193,2884.19,0.0,2884.19,0.0,2.0,0.0,success,True,True,True,False,False,False,True,False,True
501129,10072,2026-03-09,refunded,online,CHF,B2C,4634.884,4634.88,0.0,4634.88,0.0,1.0,0.0,success,True,True,True,False,False,False,True,False,False
501130,10087,2026-04-02,paid,store,CHF,B2B,2392.5885,2392.59,239.26,2153.33,0.0,2.0,0.0,refunded,True,True,True,False,True,False,True,False,True
501131,10166,2026-03-17,paid,store,CHF,B2B,3054.3235000000004,0.0,0.0,0.0,0.0,1.0,0.0,failed,True,True,False,False,False,False,False,False,False
501132,10006,2026-02-07,paid,online,CHF,B2C,2199.195,2199.2,0.0,2199.2,0.0,1.0,0.0,success,True,True,True,False,False,True,False,True,True
501133,10214,2026-04-25,paid,store,CHF,B2C,4343.789,4343.79,0.0,4343.79,0.0,1.0,0.0,success,True,True,True,False,False,True,False,True,True
501134,10153,2026-02-05,paid,store,CHF,B2C,3653.5375,3653.54,0.0,3653.54,0.0,1.0,0.0,success,True,True,True,False,False,True,False,True,True
501135,10210,2026-04-21,paid,online,CHF,B2C,1241.64,1241.64,0.0,1241.64,0.0,1.0,0.0,success,True,True,True,False,False,True,False,False,True
501136,10145,2026-02-10,paid,online,CHF,B2C,3378.84,3378.84,0.0,3378.84,0.0,1.0,0.0,success,True,True,True,False,False,True,False,False,True
501137,10061,2026-03-10,paid,store,CHF,B2C,3287.139,3287.14,0.0,3287.14,0.0,2.0,0.0,success,True,True,True,False,False,True,False,True,True
501138,10012,2026-01-13,paid,mobile_app,CHF,VIP,1658.5135,0.0,0.0,0.0,20.0,1.0,0.0,success,True,True,True,False,False,False,False,False,False
501139,10006,2026-03-28,refunded,online,CHF,B2C,2347.629,1278.69,0.0,1278.69,0.0,2.0,2.0,pending,True,True,True,True,False,False,True,False,False
501140,10218,2026-02-27,paid,online,CHF,B2B,4245.284000000001,4077.67,4077.67,0.0,0.0,2.0,0.0,refunded,True,True,True,False,True,False,False,False,False
501141,10027,2026-02-19,paid,store,CHF,B2C,1518.931,1518.93,0.0,1518.93,0.0,2.0,0.0,success,True,True,True,False,False,False,True,False,True
501142,10136,2026-01-30,paid,store,CHF,B2C,1628.7125,1628.71,0.0,1628.71,0.0,1.0,0.0,success,True,True,True,False,False,False,True,False,True
501143,10211,2026-03-03,paid,store,CHF,B2C,1760.19,1760.19,0.0,1760.19,0.0,2.0,2.0,success,True,True,True,False,False,True,False,False,True
501144,10124,2026-04-11,paid,store,CHF,B2C,1619.6950000000002,866.57,0.0,866.57,0.0,2.0,2.0,pending,True,True,True,True,False,False,True,False,True
501145,10106,2026-01-25,paid,store,CHF,B2C,1858.469,1858.47,929.24,929.23,0.0,2.0,0.0,refunded,True,True,True,False,True,False,True,False,True
501146,10193,2026-04-22,pending,mobile_app,CHF,VIP,3282.089,3282.09,0.0,3282.09,0.0,1.0,0.0,success,True,True,True,False,False,True,False,True,False
501147,10185,2026-01-27,pending,online,CHF,B2C,1466.255,1466.26,0.0,1466.26,0.0,2.0,0.0,success,True,True,True,False,False,True,False,True,False
501148,10093,2026-02-20,paid,store,CHF,B2B,5193.55,5193.55,0.0,5193.55,0.0,1.0,0.0,success,True,True,True,False,False,True,False,False,True
501149,10109,2026-03-19,cancelled,online,CHF,B2C,4860.127,0.0,0.0,0.0,0.0,0.0,0.0,,True,False,False,False,False,False,False,False,False
501150,10241,2026-02-26,paid,store,CHF,VIP,357.057,357.06,0.0,357.06,0.0,1.0,0.0,success,True,True,True,False,False,True,False,True,True
501151,10099,2026-04-22,cancelled,online,CHF,B2C,2722.1200000000003,0.0,0.0,0.0,0.0,0.0,0.0,,True,False,False,False,False,False,False,False,False
501152,10168,2026-02-16,paid,online,CHF,B2C,1035.486,1035.49,0.0,1035.49,0.0,2.0,0.0,success,True,True,True,False,False,True,False,True,True
501153,10142,2026-04-28,paid,online,CHF,B2C,1105.8515,1105.85,1105.85,0.0,0.0,2.0,0.0,refunded,True,True,True,False,True,False,False,False,False
501154,10035,2026-04-10,pending,mobile_app,CHF,VIP,2290.107,2290.11,0.0,2290.11,0.0,2.0,0.0,success,True,True,True,False,False,True,False,True,False
501155,10176,2026-02-08,paid,store,CHF,B2C,3094.3779999999997,3094.38,0.0,3094.38,0.0,1.0,0.0,success,True,True,True,False,False,True,False,True,True
501156,10237,2026-01-16,pending,online,CHF,B2C,3012.804,3012.8,0.0,3012.8,0.0,1.0,0.0,success,True,True,True,False,False,False,True,False,False
501157,10084,2026-04-30,paid,mobile_app,CHF,B2C,5652.068,5652.07,0.0,5652.07,0.0,1.0,0.0,success,True,True,True,False,False,True,False,True,True
501158,10056,2026-01-22,paid,online,CHF,VIP,328.818,328.82,32.88,295.94,0.0,2.0,0.0,refunded,True,True,True,False,True,False,True,False,True
501159,10177,2026-03-26,paid,online,CHF,B2B,516.4,516.4,0.0,516.4,0.0,1.0,0.0,success,True,True,True,False,False,True,False,False,True
501160,10141,2026-02-23,paid,mobile_app,CHF,VIP,1075.836,1075.84,107.58,968.2599999999999,0.0,2.0,0.0,refunded,True,True,True,False,True,False,True,False,True
501161,10189,,paid,store,CHF,B2C,2316.034,2316.03,0.0,2316.03,0.0,1.0,0.0,success,True,True,True,False,False,False,True,False,True
501162,10230,2026-03-13,pending,mobile_app,CHF,B2C,593.352,593.35,0.0,593.35,0.0,1.0,0.0,success,True,True,True,False,False,False,True,False,False
501163,10049,2026-04-23,paid,store,CHF,B2C,541.405,541.4,0.0,541.4,0.0,1.0,0.0,success,True,True,True,False,False,False,True,False,True
501164,10046,2026-01-16,pending,online,CHF,B2C,1560.7549999999999,1560.75,0.0,1560.75,0.0,1.0,0.0,success,True,True,True,False,False,False,True,False,False
501165,10113,2026-02-28,pending,mobile_app,CHF,VIP,325.01,325.01,0.0,325.01,0.0,1.0,0.0,success,True,True,True,False,False,True,False,False,False
501166,10190,2026-04-29,paid,store,CHF,B2C,3525.2520000000004,3525.25,0.0,3525.25,0.0,1.0,0.0,success,True,True,True,False,False,False,True,False,True
501167,10136,2026-01-31,pending,online,CHF,B2C,2881.7875,2881.79,0.0,2881.79,0.0,1.0,0.0,success,True,True,True,False,False,True,False,True,False
501168,10043,2026-02-11,refunded,store,CHF,B2C,3866.0910000000003,3866.09,0.0,3866.09,0.0,1.0,0.0,success,True,True,True,False,False,False,True,False,False
501169,10148,2026-03-15,cancelled,mobile_app,CHF,B2C,4380.6785,0.0,0.0,0.0,0.0,0.0,0.0,,True,False,False,False,False,False,False,False,False
501170,10124,2026-02-01,cancelled,online,CHF,B2C,1627.37,1627.37,0.0,1627.37,0.0,1.0,0.0,success,True,True,True,False,False,True,False,False,False
501171,10097,2026-02-28,refunded,online,CHF,B2C,4960.1089999999995,4960.11,0.0,4960.11,0.0,1.0,0.0,success,True,True,True,False,False,True,False,True,False
501172,10090,2026-02-03,paid,online,CHF,B2C,5196.37,5196.37,0.0,5196.37,0.0,1.0,0.0,success,True,True,True,False,False,True,False,False,True
501173,10039,2026-01-09,paid,online,CHF,B2B,390.75,390.75,0.0,390.75,0.0,1.0,0.0,success,True,True,True,False,False,True,False,False,True
501174,10085,2026-03-22,pending,store,CHF,B2C,1695.468,1695.47,0.0,1695.47,0.0,1.0,0.0,success,True,True,True,False,False,True,False,True,False
501175,10245,2026-01-11,paid,store,CHF,B2C,2993.4495,2993.45,748.36,2245.0899999999997,0.0,2.0,0.0,refunded,True,True,True,False,True,False,True,False,True
501176,10177,2026-04-06,paid,online,CHF,B2B,2449.022,2449.02,0.0,2449.02,0.0,1.0,0.0,success,True,True,True,False,False,False,True,False,True
501177,10192,2026-01-10,paid,store,CHF,B2B,3772.393,3772.39,0.0,3772.39,0.0,1.0,0.0,success,True,True,True,False,False,False,True,False,True
501178,10062,2026-03-27,cancelled,store,CHF,B2C,2252.8355,0.0,0.0,0.0,0.0,0.0,0.0,,True,False,False,False,False,False,False,False,False
501179,10106,2026-01-17,paid,store,CHF,B2C,1184.366,1184.37,0.0,1184.37,0.0,1.0,0.0,success,True,True,True,False,False,True,False,True,True
501180,10107,2026-03-09,pending,store,CHF,B2C,955.876,955.88,0.0,955.88,0.0,1.0,0.0,success,True,True,True,False,False,True,False,True,False
501181,10054,2026-02-17,paid,mobile_app,CHF,B2B,1361.415,0.0,0.0,0.0,0.0,1.0,0.0,failed,True,True,False,False,False,False,False,False,False
501182,10126,2026-02-21,paid,online,CHF,B2C,1135.52,1135.52,0.0,1135.52,0.0,1.0,0.0,success,True,True,True,False,False,True,False,False,True
501183,10233,2026-04-21,paid,online,CHF,B2C,3212.5679999999998,3212.57,0.0,3212.57,0.0,1.0,0.0,success,True,True,True,False,False,True,False,True,True
501184,10009,2026-01-25,paid,store,CHF,B2C,5425.3535,5425.35,0.0,5425.35,0.0,1.0,0.0,success,True,True,True,False,False,False,True,False,True
501185,10088,2026-01-21,paid,store,CHF,B2C,909.1680000000001,909.17,0.0,909.17,0.0,2.0,2.0,success,True,True,True,False,False,True,False,True,True
501186,10037,2026-04-11,pending,store,CHF,B2C,1156.722,1156.72,0.0,1156.72,0.0,2.0,0.0,success,True,True,True,False,False,False,True,False,False
501187,10049,2026-04-12,pending,online,CHF,B2C,229.0,229.0,0.0,229.0,0.0,2.0,2.0,success,True,True,True,False,False,True,False,False,False
501188,10041,2026-04-23,paid,online,CHF,B2C,3823.922,3823.92,0.0,3823.92,0.0,1.0,0.0,success,True,True,True,False,False,False,True,False,True
501189,10017,2026-03-06,paid,mobile_app,CHF,B2C,7844.6755,7844.68,0.0,7844.68,0.0,2.0,0.0,success,True,True,True,False,False,True,False,True,True
501190,10088,2026-03-04,pending,online,CHF,B2C,3862.4115,3862.41,0.0,3862.41,0.0,1.0,0.0,success,True,True,True,False,False,False,True,False,False
501191,10021,2026-03-30,pending,online,CHF,B2C,3823.6899999999996,3823.6899999999996,0.0,3823.6899999999996,0.0,2.0,2.0,success,True,True,True,False,False,True,False,False,False
501192,10051,2026-02-20,paid,online,CHF,VIP,2133.3,2133.3,0.0,2133.3,0.0,1.0,0.0,success,True,True,True,False,False,True,False,False,True
501193,10059,2026-02-05,paid,mobile_app,CHF,B2C,695.84,695.84,0.0,695.84,0.0,1.0,0.0,success,True,True,True,False,False,True,False,False,True
501194,10167,2026-03-22,paid,online,CHF,B2C,10053.1185,0.0,0.0,0.0,0.0,1.0,0.0,failed,True,True,False,False,False,False,False,False,False
501195,10183,2026-04-15,pending,store,CHF,VIP,1145.375,1140.38,0.0,1140.38,5.0,1.0,0.0,success,True,True,True,False,False,False,True,False,False
501196,10041,2026-03-29,paid,online,CHF,B2C,514.782,514.78,0.0,514.78,0.0,1.0,0.0,success,True,True,True,False,False,False,True,False,True
501197,10039,2026-03-07,paid,online,CHF,B2B,2175.0209999999997,2175.02,0.0,2175.02,0.0,1.0,0.0,success,True,True,True,False,False,False,True,False,True
501198,10141,2026-04-14,paid,online,CHF,VIP,119.95,119.95,0.0,119.95,0.0,2.0,0.0,success,True,True,True,False,False,True,False,False,True
501199,10192,2026-01-15,pending,store,CHF,B2B,4244.115,4239.11,0.0,4239.11,5.0,1.0,0.0,success,True,True,True,False,False,False,True,False,False
501200,10011,2026-04-06,paid,mobile_app,CHF,B2C,4780.7805,4780.78,2390.39,2390.39,0.0,2.0,0.0,refunded,True,True,True,False,True,False,True,False,True
500985,10113,2026-01-01,cancelled,online,CHF,VIP,752.1020000000001,752.1,0.0,752.1,0.0,1.0,0.0,success,True,True,True,False,False,False,True,False,False
500888,10021,2026-04-05,paid,store,CHF,B2C,3684.38,3684.38,0.0,3684.38,0.0,1.0,0.0,success,True,True,True,False,False,True,False,False,True
500012,10092,2026-03-13,paid,online,CHF,B2B,3241.58,3231.58,0.0,3231.58,10.0,1.0,0.0,success,True,True,True,False,False,False,True,False,True
500236,10207,2026-01-13,paid,mobile_app,CHF,B2C,1761.4650000000001,0.0,0.0,0.0,0.0,1.0,0.0,failed,True,True,False,False,False,False,False,False,False
500597,10144,2026-04-17,paid,store,CHF,B2C,2748.153,2748.15,0.0,2748.15,0.0,1.0,0.0,success,True,True,True,False,False,False,True,False,True
500107,10218,2026-02-07,pending,mobile_app,CHF,B2B,8238.7595,8238.76,0.0,8238.76,0.0,2.0,2.0,success,True,True,True,False,False,True,False,True,False
500821,10246,2026-04-05,paid,online,CHF,VIP,4414.87,4414.87,0.0,4414.87,0.0,2.0,0.0,success,True,True,True,False,False,True,False,False,True
500470,10063,2026-03-28,paid,store,CHF,B2B,4833.616,4828.62,0.0,4828.62,5.0,1.0,0.0,success,True,True,True,False,False,False,True,False,True
500516,10075,2026-01-22,paid,online,CHF,B2B,1551.645,1551.64,0.0,1551.64,0.0,1.0,0.0,success,True,True,True,False,False,False,True,False,True
500313,10104,2026-01-19,pending,online,CHF,B2C,870.068,870.07,0.0,870.07,0.0,1.0,0.0,success,True,True,True,False,False,True,False,True,False
501067,10069,2026-01-08,paid,mobile_app,CHF,B2C,768.0765,768.08,384.04,384.04,0.0,2.0,0.0,refunded,True,True,True,False,True,False,True,False,True
500035,10089,2026-02-18,paid,online,CHF,B2B,167.42,167.42,0.0,167.42,0.0,1.0,0.0,success,True,True,True,False,False,True,False,False,True
