order_id,line_id,product_id,quantity,unit_price,discount_pct
500001,1,P029,5.0,50.8,5.0
500001,2,P017,5.0,96.27,0.0
500001,3,P026,5.0,224.72,0.0
500002,1,P014,2.0,516.0,5.0
500003,1,P044,5.0,472.44,20.0
500003,2,P054,3.0,291.62,10.0
500003,3,P055,1.0,492.42,0.0
500004,1,P010,1.0,90.38,10.0
500004,2,P029,2.0,45.71,20.0
500004,3,P041,3.0,560.82,5.0
500004,4,P052,1.0,337.8,0.0
500005,1,P025,5.0,142.47,0.0
500005,2,P021,1.0,207.63,0.0
500005,3,P046,1.0,40.75,0.0
500005,4,P003,1.0,420.98,5.0
500005,5,P018,1.0,63.51,20.0
500006,1,P001,1.0,19.88,0.0
500006,2,P008,1.0,345.51,20.0
500006,3,P012,2.0,277.95,5.0
500007,1,P051,3.0,121.81,10.0
500008,1,P022,2.0,62.3,5.0
500009,1,P004,2.0,320.41,0.0
500009,2,P047,1.0,338.79,0.0
500009,3,P059,2.0,615.81,0.0
500009,4,P021,1.0,177.18,0.0
500010,1,P023,3.0,61.25,5.0
500010,2,P041,4.0,652.59,0.0
500011,1,P057,1.0,464.95,0.0
500011,2,P023,5.0,59.31,0.0
500011,3,P059,1.0,587.79,15.0
500011,4,P017,1.0,80.69,15.0
500011,5,P060,3.0,150.36,5.0
500012,1,P029,1.0,43.55,10.0
500012,2,P006,2.0,252.56,0.0
500012,3,P026,2.0,233.83,0.0
500012,4,P011,2.0,438.25,0.0
500012,5,P024,2.0,653.42,0.0
500012,6,P029,1.0,48.7,5.0
500013,1,P026,1.0,213.55,15.0
500013,2,P053,,57.62,15.0
500014,1,P004,1.0,322.4,0.0
500014,2,P019,5.0,442.45,10.0
500014,3,P002,2.0,371.04,0.0
500014,4,P039,2.0,205.5,15.0
500014,5,P009,2.0,596.33,0.0
500014,6,P060,2.0,134.41,0.0
500015,1,P012,1.0,270.67,15.0
500016,1,P052,2.0,399.4,15.0
500016,2,P022,1.0,52.65,0.0
500016,3,P005,2.0,164.05,0.0
500016,4,P059,1.0,580.22,0.0
500016,5,P004,2.0,306.36,20.0
500017,1,P056,1.0,211.41,0.0
500017,2,P059,2.0,548.17,0.0
500017,3,P047,5.0,324.18,0.0
500018,1,P035,3.0,555.86,0.0
500018,2,P010,2.0,92.44,0.0
500018,3,P034,4.0,376.84,0.0
500018,4,P036,4.0,372.73,15.0
500019,1,P035,1.0,626.94,0.0
500019,2,P029,1.0,49.58,20.0
500019,3,P059,4.0,628.01,15.0
500020,1,P008,1.0,347.91,10.0
500021,1,P047,4.0,345.04,0.0
500022,1,P029,5.0,57.11,20.0
500022,2,P053,1.0,76.17,0.0
500022,3,P010,2.0,89.23,5.0
500023,1,P017,3.0,82.98 CHF,10.0
500023,2,P050,2.0,475.57,0.0
500023,3,P037,5.0,316.46,0.0
500023,4,P018,1.0,81.61,10.0
500023,5,P026,1.0,224.08,15.0
500023,6,P049,1.0,104.86,20.0
500024,1,P034,4.0,317.02,5.0
500025,1,P029,2.0,43.9,0.0
500025,2,P060,1.0,178.79,10.0
500025,3,P012,1.0,299.98,10.0
500025,4,P017,3.0,78.94,10.0
500025,5,P048,1.0,593.13,0.0
500026,1,P025,1.0,138.85,0.0
500026,2,P042,3.0,367.69,10.0
500026,3,P059,4.0,656.75,10.0
500027,1,P032,3.0,466.92,0.0
500027,2,P032,1.0,548.96,0.0
500027,3,P053,2.0,66.42,20.0
500027,4,P059,2.0,577.69,10.0
500027,5,P005,2.0,133.3,0.0
500027,6,P004,2.0,388.82,5.0
500028,1,P030,2.0,330.91,0.0
500028,2,P018,5.0,66.78,20.0
500028,3,P058,1.0,491.28,10.0
500028,4,P052,5.0,350.37,0.0
500029,1,P012,4.0,291.06,20.0
500029,2,P048,1.0,652.02,5.0
500030,1,P048,1.0,549.44,20.0
500030,2,P041,2.0,663.46,0.0
500030,3,P007,2.0,416.66,0.0
500030,4,P052,5.0,342.45,0.0
500030,5,P054,2.0,253.51,10.0
500031,1,P007,5.0,414.42,15.0
500032,1,P051,2.0,132.23,0.0
500032,2,P011,1.0,395.5,20.0
500033,1,P010,5.0,84.33,10.0
500033,2,P020,2.0,416.79,0.0
500033,3,P050,2.0,469.55,0.0
500033,4,P036,1.0,466.69,20.0
500033,5,P028,1.0,217.06,15.0
500034,1,P012,1.0,252.85,20.0
500034,2,P001,1.0,20.3,0.0
500034,3,P044,1.0,443.5,10.0
500034,4,P022,1.0,58.0,0.0
500034,5,P038,2.0,201.26,20.0
500035,1,P027,1.0,167.42,0.0
500036,1,P039,1.0,215.91,15.0
500036,2,P025,2.0,141.32,5.0
500036,3,P024,2.0,645.32,20.0
500036,4,P008,4.0,349.27,15.0
500037,1,P014,2.0,462.58,0.0
500037,2,P053,1.0,66.6,0.0
500037,3,P045,1.0,334.49,5.0
500037,4,P042,2.0,390.4,20.0
500037,5,P050,1.0,513.25,20.0
500038,1,P044,3.0,542.32,5.0
500038,2,P008,1.0,324.4,0.0
500038,3,P007,2.0,427.29,0.0
500038,4,P034,1.0,394.88,10.0
500038,5,P044,3.0,480.24,0.0
500038,6,P053,5.0,74.3,5.0
500039,1,P037,1.0,379.09,15.0
500039,2,P021,4.0,160.72,0.0
500039,3,P004,2.0,350.86,15.0
500039,4,P034,1.0,379.12,0.0
500039,5,P028,1.0,226.12,0.0
500039,6,P038,1.0,196.65,0.0
500040,1,P018,5.0,75.68,5.0
500040,2,P013,1.0,260.77,5.0
500040,3,P045,3.0,348.58,10.0
500041,1,P044,1.0,541.46,10.0
500042,1,P024,5.0,617.37,15.0
500042,2,P019,5.0,465.1,20.0
500042,3,P019,2.0,472.06,0.0
500042,4,P036,4.0,435.44,0.0
500042,5,P051,3.0,132.76,5.0
500042,6,P009,3.0,546.52,10.0
500043,1,P023,3.0,60.67,5.0
500043,2,P044,1.0,547.3,0.0
500044,1,P060,4.0,169.26 CHF,0.0
500044,2,P026,5.0,229.32,10.0
500044,3,P052,2.0,324.7,0.0
500045,1,P059,2.0,512.86,0.0
500045,2,P058,2.0,471.3,0.0
500045,3,P036,2.0,369.26,5.0
500045,4,P040,3.0,396.44,5.0
500045,5,P051,5.0,143.79,5.0
500045,6,P059,4.0,525.57,0.0
500046,1,P045,2.0,313.09,0.0
500046,2,P041,3.0,740.24,15.0
500046,3,P028,1.0,254.02,20.0
500046,4,P025,4.0,113.88,20.0
500046,5,P042,1.0,424.32,0.0
500047,1,P058,1.0,571.44,10.0
500048,1,P031,3.0,55.84,15.0
500048,2,P040,2.0,428.53,0.0
500048,3,P049,4.0,110.81,15.0
500048,4,P054,4.0,270.68,0.0
500048,5,P055,5.0,484.39,10.0
500049,1,P029,3.0,52.02,10.0
500049,2,P030,4.0,386.3,15.0
500049,3,P026,2.0,197.42,0.0
500050,1,P013,4.0,303.46,0.0
500050,2,P027,3.0,170.89,5.0
500050,3,P044,2.0,519.03,0.0
500050,4,P037,5.0,394.92,15.0
500051,1,P001,2.0,19.8,0.0
500051,2,P052,4.0,300.36,0.0
500051,3,P034,2.0,359.05,20.0
500052,1,P016,3.0,547.79,10.0
500052,2,P010,2.0,104.6,10.0
500052,3,P054,1.0,267.61,0.0
500052,4,P029,1.0,52.95,0.0
500052,5,P059,4.0,570.34,10.0
500052,6,P059,1.0,600.03,0.0
500053,1,P015,2.0,441.38,10.0
500053,2,P005,2.0,151.2,0.0
500053,3,P013,1.0,240.91,0.0
500053,4,P051,1.0,145.96,20.0
500054,1,P040,1.0,444.3,0.0
500054,2,P025,2.0,130.35,20.0
500054,3,P039,2.0,195.81,5.0
500054,4,P015,2.0,447.66,5.0
500054,5,P053,1.0,69.09,10.0
500055,1,P030,3.0,371.99,20.0
500055,2,P024,3.0,642.08,10.0
500055,3,P043,2.0,416.13,10.0
500055,4,P040,2.0,418.14,0.0
500055,5,P007,2.0,349.64,0.0
500055,6,P036,2.0,432.85,0.0
500056,1,P027,2.0,147.53,0.0
500056,2,P023,2.0,63.57,5.0
500056,3,P029,1.0,46.68,10.0
500056,4,P041,1.0,643.86,10.0
500057,1,P041,1.0,624.46,5.0
500057,2,P028,4.0,217.73,0.0
500057,3,P016,1.0,561.21,0.0
500058,1,P018,2.0,67.17,0.0
500058,2,P044,1.0,531.28,20.0
500058,3,P005,1.0,168.74,20.0
500058,4,P009,4.0,695.28,0.0
500058,5,P020,2.0,382.36,0.0
500059,1,P028,2.0,241.09,10.0
500059,2,P003,1.0,338.12,0.0
500059,3,P038,2.0,186.33,0.0
500060,1,P001,1.0,22.44,0.0
500060,2,P003,5.0,390.82,15.0
500060,3,P047,4.0,321.3,0.0
500060,4,P026,1.0,237.76,20.0
500060,5,P053,4.0,75.67,0.0
500060,6,P031,1.0,42.87,15.0
500061,1,P008,4.0,339.47,10.0
500061,2,P038,1.0,236.34,5.0
500061,3,P012,1.0,304.55,0.0
500061,4,P026,2.0,234.98,10.0
500061,5,P027,1.0,167.62,20.0
500061,6,P029,5.0,52.57,20.0
500062,1,P022,1.0,56.95,10.0
500062,2,P029,3.0,54.41,0.0
500063,1,P010,1.0,95.91,0.0
500063,2,P027,5.0,147.79,10.0
500063,3,P015,2.0,419.79,0.0
500064,1,P034,5.0,346.96,20.0
500065,1,P060,1.0,142.91,0.0
500066,1,P051,3.0,118.94,0.0
500066,2,P058,2.0,514.8,5.0
500066,3,P044,4.0,461.24,0.0
500066,4,P044,2.0,474.15,0.0
500067,1,P019,3.0,480.54,15.0
500067,2,P059,2.0,544.68,20.0
500067,3,P053,1.0,73.64,5.0
500067,4,P052,1.0,312.32,5.0
500067,5,P051,4.0,123.06,20.0
500067,6,P008,4.0,308.38,0.0
500068,1,P028,1.0,208.97,5.0
500068,2,P017,2.0,95.93,0.0
500068,3,P028,5.0,241.43,15.0
500069,1,P028,2.0,244.4,20.0
500069,2,P019,2.0,487.24,0.0
500070,1,P042,1.0,368.67,0.0
500070,2,P040,3.0,450.68,0.0
500070,3,P033,4.0,159.92,5.0
500070,4,P012,2.0,271.64,5.0
500071,1,P010,3.0,88.06,0.0
500072,1,P022,2.0,56.3,0.0
500073,1,P030,2.0,361.93,10.0
500073,2,P043,1.0,407.35,20.0
500073,3,P040,1.0,375.44,5.0
500073,4,P037,2.0,390.68,5.0
500073,5,P034,1.0,372.68,0.0
500073,6,P044,4.0,508.66,15.0
500074,1,P044,1.0,435.51,0.0
500074,2,P012,2.0,259.78,0.0
500074,3,P051,5.0,146.97,5.0
500074,4,P057,5.0,405.45,15.0
500075,1,P002,2.0,430.48,5.0
500075,2,P057,1.0,423.3,15.0
500075,3,P043,4.0,315.96,0.0
500075,4,P008,2.0,325.87,5.0
500076,1,P003,4.0,421.31,5.0
500076,2,P005,2.0,140.55,0.0
500076,3,P003,3.0,436.09,15.0
500076,4,P057,1.0,396.56,15.0
500077,1,P022,5.0,60.22,15.0
500078,1,P030,1.0,349.0,10.0
500078,2,P028,1.0,200.72,10.0
500078,3,P031,3.0,49.17,20.0
500078,4,P057,2.0,478.96,0.0
500078,5,P052,3.0,301.92,20.0
500079,1,P053,5.0,72.85,20.0
500079,2,P016,1.0,704.67,5.0
500079,3,P026,1.0,192.01,10.0
500079,4,P005,1.0,152.4,20.0
500079,5,P009,2.0,568.35,20.0
500079,6,P046,2.0,38.71,0.0
500080,1,P016,5.0,616.6,5.0
500080,2,P017,5.0,75.25,5.0
500080,3,P032,4.0,518.67,0.0
500080,4,P038,2.0,231.19,5.0
500080,5,P058,5.0,493.05,20.0
500081,1,P054,5.0,325.75,15.0
500081,2,P046,3.0,47.31,0.0
500082,1,P016,4.0,711.2,15.0
500082,2,P045,2.0,319.21,5.0
500082,3,P007,2.0,398.48,5.0
500082,4,P016,4.0,659.26,0.0
500083,1,P024,5.0,617.17,15.0
500083,2,P022,1.0,54.82,10.0
500083,3,P006,2.0,248.76,0.0
500083,4,P048,2.0,593.35,5.0
500083,5,P024,5.0,620.22,15.0
500084,1,P045,5.0,305.34,10.0
500084,2,P039,5.0,247.5,0.0
500085,1,P052,2.0,387.81,15.0
500086,1,P025,1.0,129.21,15.0
500086,2,P002,1.0,438.26,0.0
500086,3,P036,2.0,428.08,10.0
500086,4,P018,4.0,64.45,5.0
500086,5,P005,3.0,137.19,20.0
500087,1,P019,4.0,435.19,0.0
500087,2,P028,5.0,253.9,5.0
500087,3,P046,3.0,46.73,10.0
500087,4,P041,4.0,588.22,5.0
500087,5,P030,2.0,359.35,0.0
500088,1,P013,1.0,239.38,0.0
500088,2,P012,1.0,234.89,0.0
500088,3,P047,4.0,349.26,20.0
500089,1,P014,1.0,525.98,20.0
500089,2,P049,5.0,112.98,15.0
500089,3,P045,3.0,323.19,20.0
500089,4,P042,2.0,380.02,5.0
500089,5,P025,3.0,141.57,20.0
500090,1,P039,5.0,224.97,20.0
500090,2,P052,2.0,397.24,0.0
500090,3,P009,1.0,721.6,0.0
500090,4,P041,2.0,695.74,0.0
500091,1,P014,5.0,413.33,15.0
500091,2,P030,1.0,332.46,20.0
500091,3,P029,5.0,42.73,15.0
500092,1,P040,1.0,438.67,5.0
500092,2,P031,1.0,52.04,5.0
500093,1,P031,1.0,50.29,0.0
500094,1,P043,1.0,323.57,5.0
500094,2,P049,1.0,114.31,5.0
500094,3,P058,4.0,466.99,20.0
500094,4,P023,3.0,62.23,15.0
500094,5,P014,2.0,410.02,10.0
500094,6,P006,5.0,248.59,0.0
500095,1,P015,1.0,426.47,20.0
500095,2,P036,5.0,395.02,0.0
500095,3,P060,3.0,171.6,10.0
500095,4,P057,2.0,441.27,0.0
500096,1,P029,2.0,55.38,0.0
500096,2,P023,1.0,61.37,0.0
500096,3,P024,1.0,643.39,5.0
500096,4,P034,4.0,355.38,0.0
500096,5,P007,1.0,331.53,0.0
500096,6,P038,1.0,224.58,10.0
500097,1,P055,5.0,503.28,0.0
500098,1,P004,2.0,369.18,15.0
500099,1,P029,2.0,53.07,20.0
500099,2,P020,5.0,359.1,0.0
500099,3,P033,1.0,162.69,0.0
500099,4,P041,1.0,667.91,5.0
500099,5,P044,2.0,505.12,0.0
500099,6,P036,2.0,448.81,10.0
500100,1,P035,1.0,597.1,10.0
500101,1,P023,2.0,54.2,0.0
500101,2,P028,5.0,206.45,0.0
500101,3,P016,5.0,724.31,20.0
500101,4,P012,2.0,283.72,0.0
500102,1,P006,5.0,241.79,5.0
500102,2,P017,1.0,87.76,20.0
500103,1,P038,5.0,205.65,0.0
500104,1,P033,3.0,135.85,0.0
500104,2,P001,3.0,22.15,15.0
500104,3,P013,1.0,294.6,0.0
500105,1,P051,2.0,126.75,0.0
500105,2,P028,1.0,225.68,5.0
500105,3,P023,5.0,53.28,20.0
500106,1,P007,3.0,395.47,10.0
500106,2,P050,2.0,452.83,0.0
500106,3,P052,5.0,358.72,15.0
500106,4,P026,2.0,222.16,0.0
500106,5,P026,5.0,190.39,10.0
500107,1,P018,3.0,69.93,15.0
500107,2,P002,2.0,476.04,0.0
500107,3,P048,5.0,682.28,20.0
500107,4,P044,1.0,410.66,15.0
500107,5,P009,5.0,656.67,0.0
500107,6,P003,2.0,439.31,15.0
500108,1,P046,5.0,47.4,5.0
500108,2,P023,5.0,60.33,20.0
500108,3,P035,3.0,530.29,10.0
500108,4,P039,2.0,188.83,0.0
500108,5,P015,4.0,504.0,0.0
500108,6,P053,2.0,65.8,15.0
500109,1,P024,5.0,585.81,20.0
500109,2,P007,4.0,438.95,10.0
500109,3,P034,4.0,379.37,10.0
500110,1,P035,4.0,543.33,10.0
500110,2,P001,1.0,19.64,10.0
500111,1,P032,5.0,448.47,10.0
500111,2,P051,3.0,138.69,20.0
500111,3,P021,2.0,202.13,5.0
500111,4,P024,1.0,509.54,20.0
500112,1,P004,1.0,317.36,20.0
500112,2,P034,3.0,337.51,0.0
500112,3,P056,2.0,250.58,10.0
500112,4,P006,1.0,273.9,20.0
500112,5,P028,1.0,235.92,20.0
500112,6,P031,4.0,48.04,0.0
500113,1,P048,1.0,649.55,20.0
500113,2,P024,2.0,538.22,10.0
500113,3,P044,3.0,466.0,20.0
500114,1,P032,1.0,534.52,0.0
500114,2,P001,5.0,22.92,0.0
500114,3,P038,1.0,216.46,5.0
500114,4,P013,4.0,296.31,0.0
500114,5,P011,3.0,465.17,0.0
500115,1,P055,5.0,489.96,0.0
500115,2,P050,5.0,437.21,0.0
500116,1,P005,1.0,139.32,15.0
500116,2,P010,1.0,90.76,15.0
500117,1,P037,2.0,383.72,20.0
500118,1,P042,2.0,449.29,5.0
500119,1,P004,2.0,337.28,10.0
500120,1,P047,1.0,385.27,10.0
500120,2,P005,1.0,173.58,0.0
500121,1,P019,2.0,440.61,0.0
500121,2,P014,1.0,446.59,10.0
500121,3,P040,2.0,406.14,15.0
500121,4,P017,2.0,75.44,15.0
500121,5,P060,1.0,162.05,5.0
500121,6,P035,1.0,580.56,20.0
500122,1,P048,5.0,538.2,0.0
500122,2,P008,4.0,292.93,0.0
500122,3,P013,1.0,295.69,0.0
500123,1,P056,1.0,250.78,20.0
500123,2,P051,2.0,115.04,5.0
500123,3,P013,1.0,307.32,15.0
500123,4,P005,3.0,135.75,5.0
500123,5,P041,3.0,735.38,0.0
500123,6,P013,3.0,287.14,20.0
500124,1,P014,1.0,454.43,15.0
500124,2,P056,1.0,242.99,15.0
500124,3,P048,1.0,599.39,15.0
500124,4,P014,2.0,475.55,0.0
500125,1,P035,3.0,578.98,0.0
500125,2,P051,3.0,148.59,10.0
500125,3,P032,2.0,457.59,0.0
500125,4,P011,2.0,457.74,5.0
500125,5,P048,3.0,613.59,0.0
500126,1,P011,1.0,401.73,0.0
500126,2,P006,1.0,276.99,20.0
500126,3,P012,5.0,230.36,0.0
500126,4,P027,5.0,129.37,0.0
500127,1,P027,1.0,160.06,0.0
500127,2,P021,4.0,192.95,10.0
500127,3,P044,3.0,535.55,5.0
500127,4,P048,2.0,613.38,10.0
500128,1,P025,4.0,143.3,10.0
500128,2,P027,4.0,165.12,0.0
500128,3,P040,2.0,418.07,0.0
500128,4,P060,1.0,145.2,5.0
500128,5,P060,4.0,169.11,0.0
500128,6,P023,1.0,57.19,0.0
500129,1,P011,2.0,405.22,15.0
500129,2,P048,1.0,587.13,10.0
500129,3,P005,4.0,162.2,20.0
500130,1,P037,5.0,325.52,5.0
500130,2,P056,3.0,256.22,5.0
500130,3,P041,3.0,709.29,15.0
500130,4,P004,1.0,404.27,0.0
500130,5,P036,2.0,443.13,5.0
500130,6,P048,2.0,616.57,20.0
500131,1,P050,4.0,455.22,10.0
500131,2,P045,5.0,346.12,0.0
500131,3,P013,2.0,312.88,15.0
500131,4,P046,1.0,49.62,5.0
500132,1,P036,1.0,424.19,0.0
500133,1,P008,3.0,290.16,0.0
500133,2,P056,1.0,245.12,0.0
500133,3,P037,4.0,333.21,10.0
500134,1,P032,5.0,458.67,20.0
500134,2,P011,1.0,514.24,10.0
500134,3,P001,1.0,18.73,0.0
500134,4,P025,3.0,128.71,10.0
500134,5,P042,1.0,427.01,15.0
500134,6,P052,1.0,400.82,0.0
500135,1,P014,5.0,445.49,20.0
500135,2,P038,5.0,240.31,0.0
500136,1,P057,2.0,495.83,0.0
500136,2,P037,3.0,344.68,5.0
500136,3,P005,5.0,156.54,0.0
500136,4,P029,1.0,53.69,0.0
500136,5,P032,5.0,599.17,5.0
500137,1,P057,2.0,420.36,0.0
500138,1,P026,1.0,200.47,10.0
500138,2,P040,1.0,438.55,0.0
500138,3,P055,2.0,445.37,0.0
500139,1,P042,1.0,381.81,0.0
500140,1,P021,1.0,183.54,15.0
500140,2,P024,2.0,632.6,5.0
500140,3,P024,5.0,604.91,0.0
500140,4,P060,4.0,136.63,5.0
500140,5,P060,5.0,156.01,5.0
500140,6,P019,1.0,494.01,0.0
500141,1,P045,4.0,260.39,0.0
500141,2,P036,1.0,434.77,0.0
500142,1,P007,4.0,436.51,0.0
500142,2,P052,2.0,346.63,20.0
500143,1,P053,1.0,70.06,20.0
500143,2,P037,1.0,376.41,15.0
500143,3,P031,1.0,43.2,20.0
500143,4,P023,5.0,58.37,0.0
500143,5,P057,1.0,478.32,20.0
500144,1,P031,1.0,41.5,15.0
500145,1,P049,2.0,105.93,0.0
500145,2,P021,2.0,195.68,0.0
500145,3,P036,4.0,420.72,10.0
500145,4,P053,2.0,69.34,15.0
500145,5,P023,3.0,66.29,20.0
500145,6,P038,2.0,195.76,0.0
500146,1,P013,3.0,241.57,5.0
500147,1,P021,1.0,157.8,10.0
500147,2,P028,1.0,263.78,0.0
500147,3,P048,1.0,652.87,15.0
500148,1,P048,2.0,636.88,5.0
500149,1,P054,3.0,285.37,20.0
500149,2,P054,3.0,257.33,15.0
500149,3,P048,2.0,531.94,5.0
500149,4,P048,1.0,634.37,0.0
500150,1,P014,5.0,437.4,0.0
500150,2,P052,5.0,388.42,5.0
500150,3,P057,1.0,418.28,10.0
500150,4,P036,1.0,445.61,20.0
500150,5,P008,1.0,343.34,10.0
500151,1,P001,2.0,18.78,15.0
500151,2,P004,1.0,381.39,10.0
500151,3,P004,2.0,393.59,15.0
500151,4,P026,2.0,225.74,15.0
500152,1,P055,2.0,554.55,10.0
500153,1,P001,2.0,21.4,0.0
500153,2,P009,5.0,576.66,0.0
500153,3,P018,2.0,77.63,15.0
500154,1,P046,4.0,42.9,10.0
500155,1,P020,2.0,341.67,0.0
500155,2,P024,3.0,575.51,20.0
500155,3,P047,3.0,359.7,20.0
500155,4,P005,3.0,141.38,10.0
500156,1,P018,3.0,81.44,10.0
500156,2,P054,3.0,292.27,20.0
500156,3,P048,3.0,643.03,15.0
500157,1,P037,1.0,352.14,20.0
500157,2,P044,1.0,504.59,0.0
500157,3,P031,2.0,44.07,0.0
500158,1,P048,1.0,620.92,20.0
500158,2,P034,4.0,388.52,15.0
500158,3,P017,2.0,84.21,10.0
500158,4,P054,2.0,337.95,0.0
500158,5,P052,2.0,335.62,0.0
500159,1,P052,2.0,386.87,0.0
500159,2,P045,1.0,314.59,15.0
500160,1,P039,5.0,225.93,0.0
500161,1,P032,2.0,467.97,5.0
500161,2,P007,4.0,376.09,20.0
500161,3,P055,3.0,485.47,5.0
500161,4,P028,5.0,205.75,0.0
500162,1,P027,3.0,170.81,10.0
500162,2,P018,2.0,75.24,5.0
500162,3,P050,3.0,451.01 CHF,0.0
500163,1,P058,4.0,479.03,15.0
500163,2,P015,3.0,480.06,0.0
500163,3,P020,1.0,371.17,5.0
500163,4,P008,5.0,324.39,20.0
500163,5,P049,1.0,131.24,20.0
500164,1,P001,2.0,19.52,15.0
500164,2,P031,1.0,51.79,0.0
500165,1,P010,1.0,83.08,10.0
500165,2,P035,2.0,648.89,15.0
500165,3,P058,2.0,468.44,15.0
500165,4,P021,2.0,173.95,10.0
500165,5,P016,1.0,633.91,15.0
500165,6,P006,5.0,274.63,15.0
500166,1,P023,3.0,52.21,0.0
500166,2,P046,2.0,49.17,5.0
500166,3,P030,4.0,369.14,15.0
500166,4,P058,1.0,516.55,0.0
500166,5,P021,2.0,199.71,5.0
500167,1,P052,1.0,388.39,10.0
500167,2,P058,5.0,503.18,20.0
500167,3,P039,1.0,250.91,0.0
500168,1,P037,3.0,326.84,0.0
500169,1,P024,4.0,568.32,15.0
500170,1,P048,2.0,601.46,0.0
500170,2,P057,1.0,446.28,15.0
500170,3,P013,1.0,243.03,10.0
500171,1,P037,1.0,366.0,20.0
500171,2,P002,1.0,381.22,0.0
500171,3,P015,3.0,386.39,0.0
500172,1,P035,5.0,572.83,0.0
500172,2,P024,1.0,517.55,15.0
500173,1,P021,5.0,199.99,10.0
500173,2,P055,4.0,465.82,10.0
500174,1,P008,2.0,300.94,0.0
500175,1,P024,2.0,654.61,0.0
500175,2,P026,1.0,198.86,0.0
500175,3,P047,1.0,408.54,0.0
500175,4,P042,1.0,444.88,0.0
500175,5,P053,3.0,58.39,5.0
500176,1,P033,2.0,159.37,15.0
500176,2,P060,2.0,165.05,0.0
500176,3,P022,1.0,54.95,5.0
500177,1,P047,3.0,377.3,5.0
500177,2,P044,1.0,451.37,10.0
500178,1,P004,1.0,402.08,5.0
500179,1,P003,3.0,367.6,0.0
500179,2,P026,1.0,199.14,0.0
500179,3,P026,3.0,223.81,20.0
500179,4,P018,1.0,77.93,0.0
500179,5,P032,1.0,583.81,5.0
500180,1,P051,4.0,145.94,10.0
500180,2,P043,2.0,388.37,0.0
500180,3,P001,1.0,19.32,15.0
500180,4,P040,5.0,371.64,0.0
500181,1,P010,1.0,86.24,0.0
500181,2,P024,2.0,578.08,15.0
500181,3,P046,2.0,46.86,20.0
500181,4,P018,2.0,74.94,5.0
500181,5,P022,3.0,50.03,0.0
500181,6,P009,1.0,695.88,15.0
500182,1,P058,1.0,469.29,5.0
500182,2,P060,2.0,139.38,0.0
500182,3,P024,4.0,576.45,15.0
500182,4,P040,2.0,469.09,0.0
500182,5,P057,5.0,458.13,10.0
500183,1,P003,3.0,428.49,15.0
500184,1,P012,2.0,247.08,0.0
500184,2,P044,5.0,518.06,20.0
500184,3,P031,4.0,41.84,20.0
500184,4,P025,2.0,122.77,5.0
500185,1,P035,2.0,585.57,15.0
500185,2,P058,2.0,478.83,15.0
500186,1,P017,5.0,91.5,10.0
500187,1,P059,4.0,643.87,20.0
500188,1,P015,1.0,432.03,20.0
500189,1,P053,1.0,64.1,0.0
500189,2,P020,2.0,369.14,0.0
500189,3,P039,4.0,217.47,15.0
500189,4,P035,4.0,492.74,5.0
500189,5,P008,1.0,287.0,10.0
500189,6,P050,2.0,388.11,5.0
500190,1,P057,2.0,453.02,0.0
500190,2,P028,1.0,204.41,5.0
500190,3,P050,2.0,461.47,10.0
500190,4,P020,1.0,379.65,15.0
500190,5,P041,2.0,728.76,0.0
500191,1,P035,3.0,653.65,0.0
500191,2,P036,3.0,400.01,0.0
500191,3,P001,1.0,19.06,20.0
500191,4,P014,1.0,481.01,0.0
500191,5,P009,1.0,595.8,15.0
500192,1,P008,1.0,305.24,10.0
500192,2,P032,4.0,562.65,0.0
500193,1,P026,2.0,223.09,10.0
500193,2,P004,1.0,396.55,15.0
500193,3,P042,5.0,495.95,10.0
500194,1,P051,1.0,145.55,0.0
500194,2,P018,5.0,66.72,5.0
500194,3,P058,1.0,534.18,15.0
500194,4,P044,2.0,411.98,10.0
500195,1,P016,4.0,617.01,0.0
500196,1,P046,1.0,46.55,5.0
500196,2,P052,2.0,340.81,0.0
500197,1,P055,1.0,419.82,5.0
500198,1,P022,1.0,48.74,20.0
500199,1,P047,5.0,349.59,20.0
500199,2,P015,3.0,438.11,0.0
500199,3,P038,1.0,218.03,15.0
500199,4,P021,2.0,207.92,20.0
500199,5,P014,1.0,488.03,10.0
500199,6,P002,5.0,360.55,10.0
500200,1,P028,1.0,217.36,15.0
500200,2,P058,1.0,481.02,20.0
500200,3,P018,1.0,70.38,0.0
500201,1,P024,1.0,594.77,0.0
500202,1,P022,2.0,62.83,5.0
500202,2,P005,4.0,139.95,20.0
500202,3,P048,5.0,663.21,15.0
500202,4,P040,5.0,477.69,5.0
500202,5,P051,1.0,143.87,10.0
500202,6,P016,1.0,658.52,0.0
500203,1,P041,4.0,641.1,5.0
500203,2,P013,2.0,317.46,15.0
500203,3,P036,1.0,468.78,15.0
500203,4,P009,2.0,578.26,5.0
500204,1,P016,3.0,693.5,15.0
500205,1,P058,1.0,481.38,5.0
500206,1,P060,1.0,175.46,10.0
500207,1,P049,1.0,103.61,5.0
500207,2,P040,1.0,502.28,0.0
500207,3,P033,5.0,174.12,5.0
500207,4,P057,1.0,382.2,0.0
500207,5,P058,4.0,588.42,20.0
500208,1,P030,2.0,297.26,10.0
500208,2,P025,3.0,145.69,10.0
500209,1,P013,5.0,266.92,15.0
500209,2,P056,1.0,229.97,0.0
500209,3,P020,1.0,379.47,0.0
500209,4,P015,1.0,436.33,5.0
500210,1,P028,2.0,221.23,0.0
500210,2,P056,2.0,249.92,0.0
500211,1,P019,1.0,469.97,0.0
500211,2,P045,5.0,304.31,5.0
500211,3,P018,2.0,76.81,20.0
500211,4,P049,1.0,126.91,10.0
500212,1,P011,1.0,498.47,20.0
500212,2,P010,4.0,99.98,20.0
500213,1,P034,3.0,401.07,20.0
500213,2,P035,1.0,547.55,5.0
500213,3,P034,4.0,333.38,20.0
500213,4,P053,1.0,74.85,0.0
500214,1,P047,1.0,364.49,10.0
500214,2,P046,3.0,38.86,0.0
500214,3,P039,3.0,246.0,0.0
500214,4,P057,1.0,420.53,20.0
500214,5,P035,4.0,614.34,0.0
500214,6,P030,2.0,382.04,0.0
500215,1,P019,1.0,534.44,0.0
500215,2,P031,2.0,42.11,0.0
500215,3,P046,1.0,46.46,0.0
500216,1,P059,3.0,613.92,10.0
500216,2,P034,2.0,402.71,0.0
500216,3,P011,1.0,487.27,20.0
500216,4,P031,5.0,49.95,20.0
500216,5,P011,1.0,390.03,0.0
500216,6,P056,2.0,256.19,0.0
500217,1,P032,5.0,546.13,5.0
500217,2,P057,1.0,485.11,0.0
500217,3,P049,2.0,120.29,15.0
500217,4,P027,2.0,173.56,0.0
500217,5,P002,1.0,393.87,20.0
500217,6,P045,5.0,302.25,15.0
500218,1,P035,1.0,625.89,5.0
500218,2,P039,1.0,246.41,10.0
500218,3,P028,2.0,235.72,0.0
500218,4,P051,1.0,132.49,15.0
500218,5,P004,1.0,402.12,10.0
500219,1,P018,2.0,63.96,0.0
500220,1,P015,5.0,476.17,10.0
500220,2,P045,2.0,305.39,20.0
500220,3,P013,4.0,318.0,10.0
500221,1,P054,3.0,281.04,0.0
500221,2,P006,4.0,258.91,0.0
500222,1,P007,1.0,436.08,0.0
500222,2,P003,2.0,415.12,20.0
500222,3,P047,4.0,316.06,15.0
500223,1,P014,5.0,428.73,5.0
500223,2,P017,5.0,84.44,0.0
500223,3,P018,1.0,79.25,0.0
500223,4,P020,4.0,388.17,0.0
500223,5,P051,1.0,124.15,0.0
500223,6,P017,1.0,100.25,0.0
500224,1,P023,4.0,55.93,0.0
500224,2,P057,1.0,410.39,0.0
500224,3,P054,3.0,274.47,0.0
500224,4,P020,3.0,401.25,0.0
500224,5,P022,1.0,49.39,20.0
500225,1,P018,5.0,74.59,10.0
500226,1,P027,4.0,157.7,0.0
500226,2,P002,4.0,464.48,15.0
500226,3,P033,5.0,171.5,15.0
500226,4,P016,1.0,679.51,20.0
500227,1,P056,4.0,226.45,5.0
500227,2,P041,2.0,552.09,15.0
500228,1,P046,4.0,37.64,15.0
500228,2,P056,5.0,258.37,5.0
500228,3,P031,2.0,50.43,15.0
500228,4,P024,5.0,631.3,0.0
500229,1,P052,2.0,348.53,20.0
500230,1,P999,2.0,208.87,5.0
500230,2,P048,3.0,572.57,0.0
500230,3,P052,1.0,385.73,5.0
500230,4,P024,2.0,602.01,5.0
500230,5,P008,1.0,314.83,0.0
500231,1,P052,4.0,334.26,15.0
500232,1,P002,5.0,373.8,0.0
500233,1,P006,4.0,277.39,0.0
500233,2,P030,1.0,352.7,0.0
500233,3,P015,1.0,439.55,0.0
500233,4,P051,2.0,124.52,15.0
500233,5,P053,5.0,63.99,0.0
500234,1,P047,1.0,327.56,0.0
500234,2,P036,2.0,399.49,5.0
500234,3,P031,1.0,54.28,10.0
500235,1,P052,2.0,368.2,20.0
500235,2,P053,1.0,71.74,0.0
500235,3,P053,1.0,61.54,0.0
500236,1,P048,2.0,567.6,0.0
500236,2,P005,5.0,139.17,10.0
500237,1,P052,5.0,392.39,15.0
500237,2,P023,2.0,68.86,10.0
500237,3,P049,3.0,118.15,5.0
500237,4,P038,1.0,227.4,20.0
500237,5,P047,4.0,343.74,10.0
500238,1,P045,1.0,323.99,0.0
500238,2,P008,1.0,295.51,5.0
500238,3,P022,2.0,56.44,10.0
500238,4,P053,5.0,74.65,0.0
500238,5,P029,1.0,54.25,10.0
500239,1,P019,1.0,440.27,5.0
500239,2,P018,1.0,65.96,5.0
500239,3,P056,1.0,216.68,15.0
500239,4,P001,1.0,23.09,5.0
500240,1,P037,2.0,384.23,0.0
500240,2,P027,1.0,143.14,10.0
500241,1,P042,1.0,397.64,15.0
500241,2,P034,3.0,319.84,20.0
500241,3,P060,1.0,145.6,10.0
500241,4,P009,4.0,644.91,10.0
500242,1,P011,3.0,397.39,5.0
500243,1,P041,2.0,667.85,0.0
500243,2,P026,2.0,227.6,0.0
500243,3,P058,1.0,446.77,0.0
500243,4,P012,2.0,229.79,10.0
500243,5,P030,1.0,370.41,0.0
500244,1,P015,1.0,485.33,0.0
500244,2,P055,2.0,565.37,10.0
500245,1,P023,1.0,63.1,0.0
500245,2,P052,2.0,358.71,15.0
500245,3,P030,1.0,372.5,20.0
500245,4,P014,2.0,474.05,5.0
500245,5,P054,3.0,273.42,20.0
500245,6,P023,5.0,65.78,20.0
500246,1,P030,1.0,361.55,0.0
500246,2,P006,1.0,222.15,20.0
500246,3,P058,4.0,540.66,5.0
500247,1,P018,5.0,62.49,0.0
500247,2,P009,5.0,637.86,5.0
500247,3,P049,2.0,125.35,20.0
500247,4,P021,2.0,184.71,0.0
500248,1,P014,4.0,406.04,0.0
500248,2,P016,5.0,605.83,5.0
500248,3,P049,2.0,110.63,5.0
500248,4,P038,1.0,204.81,15.0
500248,5,P058,1.0,446.26,5.0
500248,6,P060,4.0,175.9,15.0
500249,1,P012,1.0,271.02,15.0
500249,2,P020,1.0,401.29,0.0
500249,3,P023,1.0,67.0,15.0
500249,4,P030,1.0,289.64,20.0
500249,5,P030,1.0,342.99,0.0
500249,6,P038,4.0,200.36,15.0
500250,1,P060,1.0,136.28,15.0
500251,1,P026,3.0,219.94,0.0
500251,2,P040,4.0,473.18,0.0
500251,3,P038,1.0,203.3,0.0
500251,4,P038,1.0,204.32,5.0
500251,5,P004,3.0,390.67,10.0
500251,6,P007,2.0,443.28,15.0
500252,1,P015,2.0,519.03,20.0
500253,1,P014,2.0,511.92,5.0
500253,2,P002,1.0,455.35,0.0
500253,3,P029,5.0,48.8,0.0
500254,1,P015,2.0,501.52,20.0
500254,2,P035,2.0,572.16,10.0
500254,3,P048,1.0,617.17,5.0
500254,4,P021,2.0,200.79,0.0
500254,5,P021,1.0,176.37,0.0
500255,1,P044,1.0,461.33,0.0
500255,2,P057,4.0,442.7,0.0
500255,3,P056,1.0,206.96,0.0
500255,4,P051,4.0,137.14,10.0
500255,5,P059,2.0,525.68,5.0
500255,6,P049,5.0,107.21,10.0
500256,1,P028,4.0,228.23,0.0
500256,2,P026,3.0,193.54,15.0
500257,1,P036,2.0,460.63,15.0
500257,2,P010,2.0,88.08,0.0
500257,3,P030,4.0,299.38,10.0
500258,1,P036,1.0,446.53,10.0
500258,2,P059,1.0,631.97,0.0
500258,3,P045,4.0,298.93,5.0
500258,4,P016,4.0,706.75,0.0
500259,1,P059,3.0,642.12,0.0
500259,2,P032,1.0,548.92,0.0
500259,3,P006,4.0,295.22,0.0
500259,4,P034,2.0,401.27,10.0
500259,5,P056,4.0,256.88,15.0
500259,6,P008,1.0,321.42,10.0
500260,1,P029,2.0,50.16,0.0
500260,2,P038,5.0,240.64,15.0
500260,3,P041,1.0,620.8,20.0
500260,4,P045,5.0,292.3,20.0
500260,5,P009,1.0,646.75,0.0
500260,6,P013,3.0,310.97,0.0
500261,1,P051,1.0,126.31,5.0
500261,2,P054,1.0,294.36,5.0
500261,3,P059,1.0,558.08,0.0
500262,1,P055,1.0,434.15,0.0
500262,2,P043,2.0,378.74,0.0
500262,3,P005,1.0,142.85,5.0
500262,4,P030,1.0,312.82,10.0
500262,5,P049,1.0,122.04,20.0
500263,1,P034,3.0,331.9,0.0
500263,2,P045,3.0,262.71,0.0
500264,1,P057,5.0,462.4,15.0
500264,2,P041,4.0,673.28,20.0
500264,3,P023,5.0,55.79,0.0
500264,4,P047,1.0,330.96,10.0
500264,5,P060,1.0,169.48,0.0
500264,6,P009,1.0,607.89,0.0
500265,1,P006,2.0,259.77,15.0
500265,2,P028,1.0,260.19,0.0
500265,3,P045,2.0,297.08,0.0
500265,4,P026,1.0,218.86,5.0
500266,1,P053,3.0,72.38,15.0
500266,2,P030,5.0,385.98,5.0
500266,3,P021,2.0,187.11,5.0
500267,1,P017,4.0,87.26,15.0
500267,2,P041,2.0,668.03,5.0
500267,3,P051,1.0,145.39,0.0
500267,4,P018,1.0,70.19,20.0
500267,5,P057,2.0,481.43,15.0
500268,1,P045,2.0,302.13,20.0
500268,2,P055,1.0,514.83,5.0
500268,3,P046,2.0,42.19,15.0
500269,1,P033,4.0,177.76,5.0
500269,2,P028,5.0,266.14,0.0
500270,1,P022,4.0,55.12,15.0
500270,2,P045,5.0,282.32,0.0
500270,3,P041,3.0,638.44,0.0
500270,4,P009,5.0,589.12,15.0
500270,5,P052,1.0,400.73,15.0
500270,6,P009,2.0,570.34,5.0
500271,1,P044,4.0,532.62,0.0
500272,1,P052,2.0,348.21,5.0
500273,1,P053,3.0,61.8,20.0
500274,1,P006,1.0,256.79,10.0
500274,2,P004,1.0,339.89,15.0
500274,3,P051,2.0,141.87,0.0
500274,4,P037,2.0,355.44,0.0
500274,5,P035,1.0,649.76,0.0
500274,6,P058,2.0,490.91,0.0
500275,1,P031,4.0,45.79,20.0
500275,2,P014,2.0,522.71,0.0
500275,3,P054,1.0,333.65,10.0
500276,1,P028,5.0,213.77,5.0
500276,2,P052,5.0,396.17,0.0
500276,3,P057,2.0,369.63,0.0
500277,1,P015,5.0,480.66,15.0
500277,2,P007,5.0,387.13,15.0
500277,3,P058,4.0,555.75,10.0
500277,4,P017,5.0,84.34,5.0
500278,1,P057,4.0,466.52,20.0
500278,2,P041,1.0,660.15,10.0
500278,3,P054,1.0,293.29,0.0
500278,4,P027,2.0,141.7,15.0
500279,1,P012,1.0,262.51,0.0
500280,1,P059,4.0,674.44,5.0
500280,2,P034,,363.91,5.0
500280,3,P039,2.0,222.49,0.0
500280,4,P059,2.0,614.76,0.0
500280,5,P010,1.0,80.39,10.0
500281,1,P002,5.0,388.78,15.0
500281,2,P048,1.0,606.51,20.0
500281,3,P013,5.0,260.64,10.0
500281,4,P027,1.0,136.74,0.0
500281,5,P009,5.0,694.48,0.0
500281,6,P007,4.0,401.74,20.0
500282,1,P025,3.0,145.15,15.0
500282,2,P041,1.0,637.67,0.0
500282,3,P059,2.0,657.07,5.0
500282,4,P013,3.0,242.27,0.0
500282,5,P039,1.0,201.63,20.0
500282,6,P040,2.0,477.38,5.0
500283,1,P055,2.0,446.07,0.0
500283,2,P028,1.0,210.51,20.0
500283,3,P046,3.0,38.49,10.0
500283,4,P025,1.0,133.63,0.0
500284,1,P049,1.0,120.02,0.0
500284,2,P016,1.0,729.45,0.0
500284,3,P040,1.0,498.74,15.0
500285,1,P014,5.0,530.95,0.0
500285,2,P025,1.0,113.1,5.0
500285,3,P036,1.0,395.23,0.0
500285,4,P004,2.0,343.94,0.0
500285,5,P047,4.0,420.73,20.0
500285,6,P015,1.0,387.27,0.0
500286,1,P023,1.0,55.01,0.0
500286,2,P043,2.0,334.65,10.0
500286,3,P050,2.0,404.87,5.0
500286,4,P025,1.0,118.28,10.0
500287,1,P006,4.0,232.04,10.0
500287,2,P044,1.0,442.19,0.0
500287,3,P060,5.0,147.96,5.0
500288,1,P016,2.0,602.47,0.0
500288,2,P001,2.0,17.49,15.0
500288,3,P017,5.0,99.26,0.0
500288,4,P030,5.0,364.23,0.0
500288,5,P026,1.0,198.23,0.0
500289,1,P037,1.0,395.67,0.0
500290,1,P032,3.0,563.67,20.0
500290,2,P057,2.0,484.47,15.0
500290,3,P048,4.0,585.49,5.0
500291,1,P044,5.0,473.66,0.0
500291,2,P042,1.0,413.85,15.0
500291,3,P046,1.0,45.53,0.0
500291,4,P031,2.0,54.41,0.0
500291,5,P034,3.0,354.27,0.0
500292,1,P005,1.0,147.23,15.0
500292,2,P040,3.0,416.99,15.0
500292,3,P011,2.0,398.55,0.0
500292,4,P001,2.0,22.3,0.0
500292,5,P053,1.0,69.28,20.0
500293,1,P031,1.0,46.75,15.0
500293,2,P012,1.0,273.44,10.0
500294,1,P058,1.0,569.86,15.0
500294,2,P025,4.0,131.74,0.0
500294,3,P035,4.0,607.06,5.0
500295,1,P034,1.0,343.56,5.0
500295,2,P004,1.0,391.59,0.0
500296,1,P025,3.0,129.69,15.0
500296,2,P004,4.0,317.03,0.0
500296,3,P041,2.0,598.81,15.0
500296,4,P059,5.0,687.41,20.0
500296,5,P045,4.0,340.75,10.0
500296,6,P041,4.0,641.42,0.0
500297,1,P032,1.0,524.78,10.0
500298,1,P022,1.0,63.62,15.0
500298,2,P020,4.0,378.17,0.0
500298,3,P016,3.0,668.69,10.0
500298,4,P007,5.0,363.63,10.0
500298,5,P007,1.0,419.15,5.0
500298,6,P050,4.0,457.71,15.0
500299,1,P056,2.0,202.24,0.0
500299,2,P017,1.0,76.9,0.0
500300,1,P051,2.0,140.49,0.0
500300,2,P018,1.0,77.06,20.0
500301,1,P007,2.0,416.91,10.0
500302,1,P003,3.0,451.55,10.0
500302,2,P019,1.0,463.11,0.0
500302,3,P045,2.0,296.38,5.0
500302,4,P044,5.0,489.56,0.0
500302,5,P035,1.0,597.53,0.0
500303,1,P013,2.0,253.79,0.0
500303,2,P058,3.0,571.35,5.0
500304,1,P041,1.0,645.18,0.0
500305,1,P007,5.0,408.01,0.0
500305,2,P057,4.0,471.9,5.0
500305,3,P019,3.0,443.86,0.0
500306,1,P023,2.0,55.37,0.0
500306,2,P040,2.0,456.65,0.0
500306,3,P053,4.0,62.39,0.0
500306,4,P037,2.0,352.49,0.0
500307,1,P050,5.0,513.64,15.0
500307,2,P044,1.0,406.27,10.0
500307,3,P014,2.0,427.81,0.0
500307,4,P015,4.0,440.82,15.0
500308,1,P051,4.0,126.39,0.0
500308,2,P036,5.0,416.29,20.0
500308,3,P020,1.0,423.93,5.0
500309,1,P036,2.0,440.41,15.0
500309,2,P032,1.0,491.68,0.0
500310,1,P049,1.0,102.42,0.0
500310,2,P002,1.0,384.19,0.0
500310,3,P003,4.0,357.5,5.0
500311,1,P020,2.0,325.05,0.0
500312,1,P001,1.0,20.6,5.0
500312,2,P059,1.0,569.57,0.0
500312,3,P005,2.0,153.93,20.0
500312,4,P010,1.0,103.92,0.0
500313,1,P038,2.0,194.58,20.0
500313,2,P055,1.0,558.74,0.0
500314,1,P024,2.0,623.66,0.0
500315,1,P059,2.0,637.88,0.0
500315,2,P052,2.0,390.44,10.0
500315,3,P036,1.0,399.32,5.0
500315,4,P028,4.0,201.89,0.0
500315,5,P014,1.0,492.89,10.0
500315,6,P058,1.0,535.89,0.0
500316,1,P057,5.0,489.41,20.0
500316,2,P041,2.0,599.14,15.0
500316,3,P007,1.0,392.29,5.0
500316,4,P032,1.0,535.5,20.0
500317,1,P015,4.0,502.69,0.0
500317,2,P010,1.0,89.01,5.0
500317,3,P043,1.0,384.0,0.0
500318,1,P015,4.0,502.42,20.0
500319,1,P052,4.0,371.94,20.0
500319,2,P029,2.0,55.86,5.0
500319,3,P032,1.0,515.03,0.0
500319,4,P010,2.0,83.22,0.0
500319,5,P013,1.0,309.12,0.0
500319,6,P047,2.0,342.63,20.0
500320,1,P045,2.0,332.4,5.0
500320,2,P026,3.0,220.52,5.0
500320,3,P044,2.0,414.69,15.0
500321,1,P042,1.0,414.84,0.0
500321,2,P052,1.0,302.26,0.0
500321,3,P056,3.0,222.74,0.0
500322,1,P045,5.0,319.21,0.0
500322,2,P029,,57.07,0.0
500323,1,P036,5.0,374.88,20.0
500323,2,P033,1.0,145.09,10.0
500323,3,P023,3.0,52.09,20.0
500323,4,P040,1.0,400.31,10.0
500323,5,P005,2.0,145.37,0.0
500323,6,P034,1.0,358.83,10.0
500324,1,P044,1.0,447.73,5.0
500324,2,P019,1.0,459.2,0.0
500324,3,P002,4.0,372.72,0.0
500324,4,P026,4.0,245.36,10.0
500325,1,P056,2.0,257.02,0.0
500325,2,P009,1.0,632.56,0.0
500325,3,P045,2.0,327.18,5.0
500325,4,P023,2.0,59.72,20.0
500325,5,P054,1.0,298.74,5.0
500325,6,P036,3.0,466.4,15.0
500326,1,P004,2.0,308.92,20.0
500326,2,P014,1.0,533.72,0.0
500326,3,P016,4.0,626.94,0.0
500327,1,P028,1.0,235.33,0.0
500327,2,P010,1.0,103.06,0.0
500327,3,P050,2.0,439.71,5.0
500328,1,P024,5.0,660.27,5.0
500328,2,P044,2.0,434.09,0.0
500328,3,P057,2.0,451.34,10.0
500328,4,P032,1.0,556.02,15.0
500328,5,P016,1.0,624.86,0.0
500329,1,P006,1.0,291.76,15.0
500329,2,P001,3.0,19.54,10.0
500329,3,P022,1.0,52.11,0.0
500329,4,P034,5.0,338.95,20.0
500329,5,P056,1.0,203.16,5.0
500329,6,P011,1.0,413.17,15.0
500330,1,P055,2.0,420.92,20.0
500330,2,P032,4.0,570.06,5.0
500330,3,P049,1.0,113.39,0.0
500330,4,P034,1.0,388.5,
500330,5,P041,2.0,732.11,10.0
500331,1,P045,1.0,265.88,20.0
500331,2,P004,4.0,400.77,0.0
500332,1,P040,3.0,447.35,0.0
500332,2,P038,2.0,186.24,20.0
500333,1,P015,5.0,412.4,5.0
500333,2,P001,1.0,20.62,0.0
500334,1,P031,2.0,43.87,15.0
500334,2,P011,1.0,412.49,5.0
500334,3,P054,2.0,301.61,0.0
500334,4,P016,5.0,610.69,0.0
500335,1,P058,3.0,464.21,5.0
500335,2,P022,2.0,58.3,5.0
500335,3,P055,3.0,502.94,10.0
500335,4,P009,1.0,696.76,20.0
500335,5,P058,1.0,475.66,10.0
500335,6,P058,2.0,534.62,15.0
500336,1,P046,4.0,42.97,0.0
500336,2,P005,2.0,132.57,15.0
500337,1,P012,2.0,292.49,10.0
500337,2,P020,1.0,327.8,10.0
500337,3,P018,1.0,70.62,20.0
500337,4,P034,1.0,307.27,0.0
500337,5,P055,1.0,531.88,15.0
500338,1,P008,5.0,368.63,10.0
500338,2,P055,4.0,483.88,0.0
500338,3,P058,1.0,535.12,20.0
500338,4,P045,2.0,316.75,0.0
500339,1,P047,5.0,409.18,0.0
500339,2,P037,5.0,325.68,0.0
500339,3,P031,3.0,54.07,5.0
500340,1,P028,2.0,221.15,10.0
500340,2,P027,2.0,144.3,15.0
500340,3,P013,3.0,289.26,0.0
500341,1,P053,1.0,75.48,20.0
500342,1,P021,5.0,169.54,0.0
500342,2,P001,5.0,19.05,5.0
500342,3,P025,1.0,126.37,20.0
500342,4,P032,2.0,582.98,0.0
500342,5,P059,2.0,549.57,15.0
500342,6,P057,5.0,403.22,20.0
500343,1,P058,4.0,461.93,10.0
500343,2,P016,2.0,602.15,20.0
500343,3,P044,2.0,521.53,15.0
500343,4,P007,1.0,360.76,0.0
500343,5,P048,3.0,709.68,15.0
500344,1,P040,2.0,416.16,20.0
500344,2,P032,2.0,553.62,15.0
500344,3,P026,2.0,201.91,10.0
500344,4,P058,1.0,572.96,10.0
500344,5,P039,5.0,207.04,0.0
500345,1,P007,1.0,377.97,0.0
500346,1,P014,5.0,413.96,15.0
500346,2,P032,2.0,489.27,0.0
500346,3,P036,5.0,486.97,15.0
500346,4,P002,2.0,457.09,20.0
500347,1,P016,1.0,698.41,0.0
500347,2,P040,2.0,430.92,10.0
500347,3,P042,1.0,489.82,0.0
500347,4,P027,1.0,154.78,10.0
500347,5,P040,5.0,377.42,0.0
500348,1,P034,4.0,316.04,0.0
500348,2,P051,3.0,117.17,15.0
500349,1,P001,2.0,21.65,0.0
500349,2,P048,2.0,634.96,0.0
500349,3,P029,1.0,51.13,0.0
500350,1,P016,5.0,646.3,5.0
500350,2,P058,1.0,496.8,0.0
500350,3,P010,1.0,105.45,15.0
500351,1,P053,2.0,74.69,0.0
500352,1,P049,5.0,114.67,0.0
500352,2,P004,5.0,306.0,20.0
500353,1,P031,5.0,49.92,20.0
500353,2,P039,1.0,215.1,20.0
500353,3,P047,1.0,353.54,20.0
500354,1,P047,3.0,420.78,10.0
500354,2,P038,1.0,241.3,0.0
500354,3,P033,5.0,143.68,0.0
500355,1,P026,3.0,229.22,10.0
500355,2,P028,2.0,214.86,5.0
500355,3,P012,1.0,259.84,0.0
500355,4,P020,1.0,389.98,0.0
500355,5,P049,1.0,110.36,10.0
500356,1,P025,4.0,123.2,10.0
500356,2,P036,2.0,400.82,10.0
500356,3,P031,2.0,47.81,20.0
500356,4,P031,2.0,43.17,0.0
500357,1,P023,5.0,53.87,0.0
500357,2,P020,1.0,369.12,5.0
500357,3,P045,4.0,313.32,10.0
500358,1,P009,2.0,564.97,15.0
500358,2,P007,1.0,408.89,10.0
500358,3,P041,5.0,681.71,0.0
500358,4,P020,1.0,388.78,5.0
500358,5,P010,2.0,86.49,10.0
500358,6,P026,1.0,197.99,0.0
500359,1,P006,5.0,226.29,5.0
500359,2,P002,1.0,357.19,10.0
500359,3,P029,3.0,45.19,5.0
500359,4,P055,1.0,563.6,0.0
500360,1,P025,1.0,129.05,20.0
500361,1,P048,3.0,676.06,0.0
500361,2,P020,3.0,383.16,0.0
500362,1,P017,1.0,98.24,0.0
500362,2,P024,5.0,497.58,10.0
500362,3,P024,1.0,524.9,20.0
500363,1,P037,2.0,399.61,5.0
500364,1,P028,2.0,259.89,5.0
500364,2,P014,4.0,409.07,0.0
500364,3,P044,5.0,452.89,0.0
500364,4,P034,4.0,303.72,20.0
500365,1,P055,1.0,427.48,0.0
500365,2,P010,2.0,106.91,20.0
500365,3,P016,2.0,683.59,5.0
500365,4,P006,5.0,265.61,20.0
500365,5,P048,2.0,588.01,5.0
500366,1,P015,2.0,436.6,15.0
500367,1,P011,1.0,432.07,0.0
500367,2,P056,3.0,247.13,10.0
500367,3,P031,1.0,55.03,20.0
500367,4,P004,1.0,348.58,0.0
500367,5,P035,1.0,546.47,15.0
500368,1,P051,5.0,142.55,0.0
500368,2,P033,1.0,147.51,20.0
500368,3,P018,2.0,80.37,15.0
500368,4,P014,5.0,413.01,15.0
500368,5,P022,1.0,56.04,0.0
500369,1,P055,3.0,472.25,10.0
500369,2,P002,2.0,378.1,0.0
500369,3,P002,4.0,457.28,10.0
500370,1,P049,5.0,108.02,0.0
500370,2,P058,1.0,529.01,0.0
500370,3,P036,3.0,375.19,20.0
500370,4,P023,5.0,63.68,5.0
500370,5,P045,1.0,266.96,10.0
500371,1,P032,3.0,498.22,5.0
500371,2,P051,1.0,136.49,20.0
500372,1,P025,4.0,140.73,20.0
500372,2,P036,2.0,418.53,0.0
500373,1,P016,2.0,730.39,15.0
500374,1,P049,5.0,125.58,0.0
500374,2,P039,2.0,217.41,20.0
500375,1,P015,2.0,500.52,10.0
500376,1,P008,1.0,309.54,10.0
500376,2,P032,1.0,456.28,15.0
500376,3,P047,2.0,324.77,0.0
500376,4,P021,1.0,186.95,20.0
500377,1,P046,5.0,42.03,5.0
500377,2,P058,1.0,580.91,0.0
500377,3,P031,1.0,55.14,15.0
500377,4,P007,2.0,365.78,0.0
500377,5,P017,2.0,87.85,0.0
500378,1,P035,4.0,635.02,0.0
500378,2,P050,5.0,453.88,10.0
500378,3,P047,2.0,347.92,20.0
500378,4,P052,1.0,383.4,5.0
500378,5,P014,1.0,469.95,0.0
500379,1,P015,5.0,427.0,0.0
500379,2,P006,1.0,272.81,5.0
500379,3,P055,1.0,512.81,0.0
500379,4,P053,3.0,59.85,15.0
500379,5,P016,2.0,709.78,5.0
500379,6,P047,5.0,404.19,15.0
500380,1,P032,1.0,477.05,20.0
500381,1,P030,1.0,316.76,5.0
500381,2,P999,5.0,389.28,20.0
500381,3,P032,3.0,454.21,20.0
500381,4,P031,1.0,48.4,5.0
500381,5,P023,2.0,58.77,0.0
500381,6,P040,5.0,490.65,20.0
500382,1,P006,1.0,266.67,10.0
500382,2,P001,1.0,19.65,15.0
500382,3,P012,5.0,260.61,0.0
500383,1,P024,2.0,612.88,0.0
500383,2,P010,1.0,86.08,0.0
500383,3,P047,3.0,367.78,0.0
500383,4,P039,2.0,245.49,0.0
500383,5,P039,2.0,249.48,0.0
500383,6,P010,1.0,89.42,20.0
500384,1,P044,1.0,535.39,15.0
500384,2,P031,2.0,41.95,15.0
500384,3,P021,1.0,192.51,0.0
500384,4,P060,1.0,136.5,15.0
500385,1,P013,1.0,302.12,0.0
500386,1,P048,1.0,606.99,15.0
500387,1,P017,5.0,80.39,0.0
500387,2,P003,1.0,365.27,0.0
500387,3,P034,3.0,329.06,10.0
500388,1,P025,2.0,137.61,20.0
500388,2,P038,3.0,224.06,0.0
500388,3,P058,2.0,529.07,5.0
500389,1,P020,4.0,359.33,20.0
500389,2,P009,1.0,724.41,0.0
500390,1,P030,1.0,339.33,15.0
500390,2,P021,1.0,173.41,20.0
500390,3,P044,3.0,495.71,5.0
500391,1,P018,1.0,65.59,0.0
500391,2,P056,1.0,231.72,0.0
500391,3,P023,5.0,58.15,10.0
500391,4,P033,1.0,162.84,0.0
500392,1,P053,2.0,63.55,0.0
500392,2,P029,1.0,55.23,0.0
500393,1,P010,4.0,84.45,0.0
500393,2,P052,4.0,357.12,0.0
500393,3,P018,3.0,64.14,20.0
500393,4,P053,2.0,65.49,10.0
500394,1,P018,1.0,80.35,0.0
500394,2,P021,5.0,205.24,20.0
500394,3,P019,1.0,510.25,0.0
500394,4,P004,1.0,337.29,5.0
500394,5,P013,1.0,242.24,10.0
500395,1,P015,1.0,456.14,10.0
500395,2,P050,5.0,482.01,0.0
500395,3,P039,1.0,213.15,0.0
500395,4,P048,5.0,680.62,20.0
500395,5,P039,4.0,246.81,0.0
500395,6,P032,2.0,551.61,15.0
500396,1,P045,5.0,298.81,0.0
500396,2,P043,1.0,387.39,0.0
500396,3,P051,4.0,153.01,0.0
500397,1,P016,5.0,551.24,20.0
500397,2,P015,1.0,410.33,5.0
500397,3,P042,5.0,387.85,15.0
500397,4,P046,2.0,40.1,10.0
500397,5,P034,1.0,403.69,5.0
500398,1,P057,1.0,465.02,15.0
500398,2,P037,2.0,340.71,0.0
500398,3,P024,1.0,611.45,0.0
500398,4,P044,4.0,488.75,0.0
500399,1,P032,1.0,463.78,5.0
500399,2,P047,1.0,332.07,15.0
500399,3,P011,5.0,436.16,10.0
500399,4,P042,2.0,441.99,10.0
500400,1,P027,2.0,160.37,15.0
500400,2,P029,1.0,46.8,15.0
500400,3,P056,4.0,224.65,5.0
500401,1,P013,1.0,257.7,5.0
500401,2,P040,5.0,411.86,5.0
500402,1,P027,2.0,141.69,0.0
500402,2,P036,5.0,480.38,20.0
500402,3,P048,3.0,537.14,0.0
500402,4,P023,3.0,65.69,0.0
500402,5,P055,1.0,554.74,20.0
500402,6,P021,3.0,160.01,20.0
500403,1,P001,5.0,17.29,0.0
500403,2,P046,3.0,42.82,0.0
500403,3,P018,5.0,69.15,0.0
500403,4,P013,2.0,241.59,15.0
500403,5,P025,3.0,145.15,20.0
500404,1,P058,5.0,523.04,5.0
500404,2,P052,1.0,381.35,0.0
500404,3,P015,2.0,496.05,0.0
500404,4,P018,3.0,71.71,0.0
500404,5,P013,5.0,322.41,0.0
500405,1,P024,2.0,604.38,5.0
500405,2,P023,5.0,58.41,10.0
500405,3,P029,1.0,51.64,0.0
500405,4,P034,4.0,399.6,0.0
500406,1,P015,5.0,469.9,0.0
500407,1,P058,2.0,513.61,15.0
500407,2,P041,1.0,714.01,0.0
500407,3,P044,1.0,541.82,0.0
500407,4,P004,3.0,373.12,0.0
500408,1,P024,1.0,553.3,5.0
500408,2,P015,2.0,392.96,5.0
500408,3,P035,1.0,605.6,0.0
500408,4,P025,1.0,111.95,0.0
500408,5,P055,2.0,519.51,5.0
500409,1,P039,1.0,252.46,5.0
500409,2,P019,3.0,433.6,15.0
500410,1,P012,5.0,275.02,0.0
500410,2,P029,2.0,44.03,10.0
500410,3,P021,5.0,185.49,20.0
500410,4,P011,1.0,485.25,15.0
500410,5,P060,4.0,147.81,15.0
500410,6,P037,2.0,307.16,10.0
500411,1,P049,5.0,130.7,20.0
500411,2,P014,5.0,470.38,0.0
500412,1,P032,5.0,550.33,10.0
500413,1,P027,2.0,132.75,15.0
500413,2,P048,1.0,546.24,0.0
500413,3,P005,1.0,143.54,15.0
500413,4,P036,2.0,408.26,0.0
500413,5,P026,5.0,187.84,15.0
500413,6,P042,2.0,384.75,15.0
500414,1,P048,1.0,538.48,0.0
500414,2,P029,2.0,54.74,5.0
500415,1,P005,1.0,133.53,10.0
500415,2,P010,2.0,82.88,0.0
500415,3,P052,2.0,392.49,10.0
500415,4,P029,5.0,50.47,5.0
500415,5,P032,5.0,539.79,10.0
500415,6,P031,1.0,44.91,0.0
500416,1,P031,2.0,53.59,0.0
500416,2,P025,2.0,124.94,0.0
500417,1,P020,2.0,338.52,20.0
500417,2,P029,2.0,50.87,15.0
500417,3,P021,2.0,177.96,20.0
500417,4,P009,3.0,685.26,0.0
500417,5,P028,4.0,200.22,20.0
500418,1,P011,5.0,389.6,15.0
500418,2,P015,5.0,517.51,0.0
500418,3,P034,3.0,307.8,5.0
500418,4,P013,3.0,314.29,0.0
500418,5,P054,2.0,314.99,0.0
500419,1,P040,4.0,489.81,5.0
500419,2,P057,2.0,471.82,10.0
500419,3,P041,1.0,729.13,15.0
500420,1,P018,1.0,67.03,0.0
500420,2,P048,5.0,578.63,10.0
500421,1,P002,3.0,406.53,0.0
500421,2,P014,5.0,517.66,10.0
500422,1,P011,2.0,388.94,20.0
500422,2,P006,1.0,272.24,0.0
500422,3,P003,4.0,451.03,0.0
500422,4,P014,2.0,474.01,0.0
500423,1,P048,5.0,568.28,20.0
500423,2,P027,1.0,157.66,20.0
500423,3,P044,5.0,518.03,15.0
500423,4,P012,1.0,274.59,0.0
500423,5,P003,2.0,455.28,0.0
500423,6,P030,1.0,312.46,20.0
500424,1,P003,3.0,427.16,0.0
500424,2,P039,3.0,220.44,0.0
500425,1,P033,3.0,159.24,15.0
500425,2,P036,2.0,387.65,0.0
500425,3,P026,1.0,193.68,0.0
500425,4,P027,1.0,159.09,0.0
500426,1,P056,4.0,217.01,0.0
500426,2,P038,2.0,208.74,0.0
500427,1,P009,2.0,685.27,15.0
500427,2,P035,1.0,562.56,10.0
500427,3,P023,5.0,51.8,0.0
500428,1,P055,3.0,450.02,0.0
500429,1,P028,2.0,229.8,10.0
500429,2,P019,3.0,506.97,15.0
500429,3,P033,3.0,168.47,0.0
500430,1,P018,2.0,65.16,0.0
500430,2,P053,1.0,72.27,20.0
500430,3,P019,5.0,459.01,5.0
500431,1,P001,5.0,19.83,20.0
500431,2,P014,2.0,438.27,15.0
500432,1,P051,2.0,153.51,5.0
500433,1,P047,1.0,338.61,0.0
500433,2,P036,5.0,457.05,0.0
500433,3,P039,3.0,242.03,5.0
500433,4,P030,3.0,319.38,10.0
500433,5,P007,3.0,348.15,20.0
500433,6,P022,5.0,56.53,5.0
500434,1,P043,3.0,377.18,5.0
500434,2,P037,1.0,325.13,0.0
500434,3,P019,1.0,519.76,0.0
500434,4,P053,3.0,57.98,10.0
500434,5,P024,1.0,601.91,0.0
500434,6,P056,2.0,235.19,5.0
500435,1,P058,2.0,514.0,10.0
500435,2,P021,1.0,156.1,0.0
500436,1,P009,5.0,678.76,10.0
500437,1,P027,4.0,164.01,15.0
500437,2,P008,1.0,333.58,0.0
500437,3,P009,1.0,728.13,15.0
500437,4,P028,2.0,255.24,5.0
500437,5,P015,2.0,434.94,15.0
500437,6,P002,2.0,412.36,15.0
500438,1,P050,1.0,472.24,10.0
500438,2,P038,2.0,184.51,20.0
500438,3,P039,4.0,218.79,20.0
500438,4,P056,2.0,253.01,15.0
500438,5,P056,1.0,236.32,10.0
500438,6,P048,1.0,683.02,0.0
500439,1,P023,4.0,67.59,0.0
500439,2,P033,1.0,144.36,15.0
500439,3,P055,1.0,561.52,5.0
500439,4,P052,3.0,394.07,10.0
500439,5,P041,4.0,642.25,10.0
500440,1,P043,5.0,396.78,10.0
500440,2,P008,2.0,351.05,0.0
500441,1,P009,1.0,664.64,15.0
500441,2,P002,1.0,480.87,0.0
500441,3,P032,5.0,542.34,10.0
500441,4,P051,3.0,134.24,20.0
500441,5,P052,1.0,308.7,0.0
500442,1,P015,1.0,435.25,5.0
500442,2,P025,1.0,119.36,0.0
500442,3,P006,3.0,245.99,10.0
500442,4,P018,1.0,65.13,10.0
500442,5,P001,3.0,17.62,0.0
500442,6,P056,2.0,236.41,15.0
500443,1,P017,2.0,77.14,0.0
500443,2,P002,1.0,367.6,20.0
500443,3,P008,5.0,279.84,20.0
500443,4,P036,4.0,387.79,20.0
500443,5,P010,1.0,97.2,0.0
500443,6,P007,4.0,373.84,15.0
500444,1,P048,3.0,588.03,15.0
500445,1,P023,2.0,62.65,20.0
500445,2,P055,1.0,483.38,5.0
500445,3,P044,2.0,468.62,0.0
500445,4,P025,1.0,115.95,20.0
500446,1,P049,3.0,133.09,0.0
500446,2,P008,1.0,367.39,5.0
500447,1,P006,1.0,281.47,0.0
500447,2,P056,1.0,259.77,0.0
500447,3,P014,1.0,536.61,5.0
500448,1,P054,2.0,304.17,15.0
500448,2,P028,1.0,222.67,15.0
500448,3,P039,1.0,245.37,0.0
500448,4,P044,1.0,494.09,0.0
500449,1,P003,1.0,420.61,0.0
500449,2,P056,1.0,224.43,5.0
500450,1,P024,4.0,603.68,20.0
500450,2,P027,2.0,140.94,5.0
500450,3,P048,5.0,708.35,5.0
500450,4,P030,2.0,362.18,15.0
500450,5,P015,1.0,503.08,15.0
500451,1,P037,2.0,344.62,20.0
500451,2,P016,4.0,720.52,20.0
500451,3,P015,2.0,402.89,20.0
500451,4,P005,5.0,134.58,15.0
500451,5,P003,1.0,350.49,0.0
500451,6,P023,3.0,54.73,20.0
500452,1,P052,4.0,390.83,5.0
500453,1,P007,1.0,342.48,20.0
500454,1,P039,4.0,251.0,10.0
500454,2,P019,4.0,449.7,0.0
500455,1,P050,5.0,398.76,10.0
500455,2,P056,1.0,198.36,0.0
500455,3,P033,4.0,174.82,0.0
500456,1,P057,1.0,474.37,0.0
500456,2,P042,1.0,428.95,0.0
500456,3,P034,3.0,346.07,5.0
500456,4,P007,2.0,368.22,0.0
500456,5,P031,5.0,48.57,0.0
500456,6,P052,5.0,383.38,0.0
500457,1,P040,2.0,445.72,0.0
500457,2,P027,4.0,167.9,5.0
500457,3,P021,1.0,192.37,10.0
500457,4,P005,5.0,132.1,0.0
500457,5,P035,1.0,502.48,20.0
500458,1,P002,1.0,412.95,5.0
500458,2,P024,5.0,540.01,0.0
500458,3,P056,1.0,259.48,0.0
500458,4,P049,1.0,131.22,20.0
500458,5,P028,5.0,224.15,20.0
500458,6,P001,5.0,18.16,20.0
500459,1,P034,1.0,328.8,5.0
500459,2,P048,4.0,542.67,0.0
500459,3,P017,1.0,80.36,0.0
500459,4,P035,4.0,654.98,5.0
500459,5,P055,1.0,548.92,5.0
500459,6,P001,3.0,23.12,0.0
500460,1,P051,5.0,118.94,0.0
500461,1,P018,2.0,73.16,10.0
500462,1,P005,3.0,170.02,10.0
500462,2,P025,2.0,132.37,0.0
500462,3,P024,3.0,607.22,20.0
500462,4,P029,1.0,43.25,10.0
500462,5,P059,1.0,515.4,5.0
500463,1,P040,2.0,480.44,0.0
500463,2,P040,2.0,490.97,0.0
500463,3,P050,4.0,398.9,0.0
500463,4,P006,2.0,257.74,5.0
500464,1,P055,2.0,534.37,15.0
500464,2,P056,2.0,250.97,0.0
500464,3,P050,2.0,430.92,0.0
500464,4,P020,4.0,404.14,15.0
500464,5,P002,1.0,478.17,0.0
500465,1,P059,3.0,590.74,0.0
500465,2,P056,3.0,218.78,20.0
500465,3,P031,2.0,52.35,20.0
500465,4,P022,1.0,51.37,10.0
500465,5,P035,2.0,634.35,0.0
500466,1,P054,1.0,289.36,15.0
500466,2,P004,5.0,352.78,20.0
500466,3,P001,1.0,19.57,0.0
500467,1,P036,5.0,364.33,15.0
500467,2,P020,4.0,378.83,0.0
500468,1,P005,1.0,168.73,5.0
500469,1,P034,1.0,332.02,0.0
500469,2,P034,2.0,387.37,20.0
500469,3,P054,2.0,314.81,15.0
500469,4,P056,4.0,215.85,10.0
500469,5,P055,4.0,523.09,20.0
500469,6,P020,3.0,396.82,10.0
500470,1,P045,2.0,273.73,10.0
500470,2,P051,4.0,146.43,15.0
500470,3,P042,4.0,427.75,0.0
500470,4,P024,2.0,568.71,5.0
500470,5,P051,1.0,116.61,20.0
500470,6,P030,3.0,354.89,10.0
500471,1,P031,4.0,55.62,10.0
500471,2,P045,4.0,280.88,0.0
500471,3,P018,2.0,81.99,10.0
500471,4,P044,1.0,485.59,15.0
500472,1,P036,4.0,469.35,5.0
500472,2,P021,2.0,203.06,0.0
500472,3,P045,2.0,315.74,5.0
500472,4,P053,5.0,63.24,0.0
500472,5,P040,2.0,476.04,10.0
500473,1,P013,5.0,240.67,20.0
500474,1,P009,4.0,604.07,0.0
500474,2,P021,1.0,186.26,10.0
500474,3,P051,1.0,126.28,0.0
500474,4,P020,1.0,364.73,20.0
500475,1,P001,2.0,22.68,15.0
500475,2,P003,2.0,444.24,15.0
500475,3,P003,3.0,415.56,0.0
500475,4,P028,1.0,233.59,0.0
500475,5,P014,5.0,481.11,0.0
500476,1,P045,5.0,294.8,10.0
500476,2,P013,1.0,306.66,0.0
500476,3,P027,4.0,162.83,5.0
500477,1,P003,5.0,400.6,10.0
500477,2,P051,1.0,123.85,0.0
500477,3,P032,1.0,504.17,20.0
500477,4,P005,1.0,160.43,0.0
500477,5,P008,1.0,303.46,15.0
500477,6,P014,5.0,506.49,5.0
500478,1,P056,1.0,227.52,15.0
500479,1,P036,5.0,428.69,0.0
500479,2,P004,1.0,404.38,15.0
500479,3,P042,2.0,386.8,0.0
500479,4,P009,5.0,565.16,15.0
500480,1,P060,1.0,179.15,15.0
500481,1,P052,2.0,314.39,0.0
500482,1,P044,2.0,508.13,5.0
500482,2,P054,1.0,259.73,20.0
500482,3,P026,,212.23,10.0
500482,4,P009,1.0,560.99,0.0
500483,1,P043,2.0,340.53,0.0
500483,2,P032,2.0,468.82,0.0
500484,1,P029,5.0,48.46,0.0
500485,1,P042,1.0,455.0,10.0
500486,1,P049,2.0,124.92,0.0
500486,2,P013,5.0,244.88,20.0
500486,3,P021,5.0,157.89,5.0
500486,4,P024,4.0,642.81,5.0
500486,5,P050,1.0,507.33,20.0
500486,6,P018,1.0,66.68,0.0
500487,1,P003,5.0,388.86,0.0
500487,2,P046,2.0,49.46,15.0
500487,3,P039,2.0,243.68,10.0
500488,1,P056,4.0,199.74,20.0
500488,2,P017,3.0,84.65,5.0
500489,1,P002,5.0,449.93,0.0
500489,2,P012,3.0,284.04,20.0
500489,3,P035,4.0,639.26,15.0
500489,4,P006,4.0,247.39,15.0
500489,5,P056,5.0,237.28,0.0
500489,6,P046,3.0,40.03,5.0
500490,1,P022,3.0,57.24,0.0
500490,2,P028,1.0,207.19,20.0
500490,3,P042,3.0,385.21,0.0
500491,1,P051,1.0,144.78,0.0
500491,2,P019,1.0,429.99,0.0
500491,3,P057,3.0,465.47,0.0
500491,4,P016,5.0,557.37,5.0
500492,1,P006,4.0,225.69,15.0
500492,2,P047,1.0,398.4,10.0
500492,3,P014,1.0,471.37,0.0
500492,4,P007,2.0,395.46,0.0
500492,5,P010,2.0,104.26,0.0
500492,6,P015,1.0,452.62,10.0
500493,1,P026,2.0,202.5,0.0
500493,2,P050,5.0,426.72,20.0
500493,3,P017,1.0,100.03,0.0
500494,1,P051,2.0,151.69,0.0
500494,2,P002,1.0,439.99,15.0
500494,3,P015,3.0,449.99,0.0
500494,4,P056,1.0,256.32,0.0
500495,1,P008,1.0,287.41,0.0
500495,2,P040,4.0,479.99,0.0
500495,3,P046,4.0,46.77,5.0
500495,4,P007,1.0,408.36,15.0
500495,5,P006,1.0,270.04,0.0
500495,6,P004,5.0,342.96,5.0
500496,1,P037,2.0,341.79,5.0
500496,2,P029,5.0,56.87,5.0
500496,3,P005,1.0,145.76,20.0
500497,1,P043,1.0,376.95,10.0
500497,2,P007,3.0,374.01,0.0
500498,1,P050,3.0,485.47,10.0
500498,2,P050,5.0,474.36,20.0
500498,3,P054,2.0,263.24,5.0
500498,4,P042,2.0,437.42,20.0
500498,5,P005,1.0,133.1,15.0
500499,1,P019,1.0,442.84,0.0
500499,2,P050,3.0,489.42,10.0
500499,3,P060,4.0,152.29,0.0
500500,1,P001,1.0,18.7,0.0
500500,2,P013,5.0,278.94,15.0
500500,3,P043,2.0,393.78,15.0
500500,4,P027,4.0,155.4,10.0
500500,5,P007,3.0,342.85,0.0
500500,6,P052,3.0,376.94,10.0
500501,1,P023,2.0,52.22,10.0
500501,2,P031,1.0,42.79,10.0
500502,1,P015,3.0,467.06,0.0
500502,2,P052,3.0,362.31,0.0
500502,3,P049,4.0,107.29,0.0
500502,4,P006,3.0,220.37,15.0
500502,5,P059,2.0,532.61,20.0
500502,6,P010,2.0,83.89,15.0
500503,1,P031,1.0,51.35,0.0
500503,2,P044,1.0,470.33,15.0
500503,3,P052,1.0,323.24,0.0
500503,4,P003,1.0,452.64,0.0
500503,5,P999,5.0,236.97,10.0
500504,1,P007,2.0,385.93,5.0
500505,1,P033,1.0,148.57,15.0
500505,2,P059,4.0,614.9,20.0
500505,3,P047,1.0,325.46,0.0
500505,4,P007,4.0,429.35,10.0
500505,5,P028,5.0,267.14,0.0
500505,6,P049,1.0,105.31,5.0
500506,1,P029,4.0,48.67,0.0
500506,2,P043,1.0,370.99,0.0
500506,3,P021,1.0,207.22,0.0
500506,4,P003,4.0,402.95,5.0
500506,5,P031,2.0,50.43,0.0
500507,1,P016,5.0,703.08,0.0
500507,2,P004,4.0,356.39,0.0
500508,1,P058,4.0,493.14,20.0
500509,1,P024,,609.66,0.0
500509,2,P019,1.0,425.08,15.0
500510,1,P059,1.0,670.69,20.0
500510,2,P050,2.0,384.02,10.0
500510,3,P052,4.0,326.57,20.0
500510,4,P050,1.0,497.01,5.0
500511,1,P025,5.0,135.3,5.0
500511,2,P056,1.0,234.28,0.0
500511,3,P042,1.0,419.23,0.0
500511,4,P057,3.0,400.54,0.0
500511,5,P026,2.0,205.62,0.0
500512,1,P006,2.0,251.45,0.0
500512,2,P015,3.0,441.94,5.0
500512,3,P029,3.0,48.89,5.0
500512,4,P047,4.0,382.24,0.0
500512,5,P045,1.0,339.97,20.0
500512,6,P054,4.0,300.22,0.0
500513,1,P022,3.0,48.89,10.0
500513,2,P056,3.0,214.23,20.0
500513,3,P059,2.0,515.89,15.0
500513,4,P005,2.0,143.73,0.0
500514,1,P053,2.0,75.13,0.0
500514,2,P034,2.0,347.41,15.0
500514,3,P060,5.0,161.77,5.0
500515,1,P059,4.0,640.42,0.0
500516,1,P023,3.0,69.25,10.0
500516,2,P052,5.0,303.26,10.0
500517,1,P020,1.0,348.25,15.0
500517,2,P046,4.0,46.82,10.0
500518,1,P001,1.0,22.84,15.0
500519,1,P021,3.0,157.96,0.0
500519,2,P045,2.0,274.71,15.0
500519,3,P032,4.0,471.78,5.0
500519,4,P006,4.0,225.75,15.0
500520,1,P015,3.0,432.05,0.0
500521,1,P057,4.0,409.23,0.0
500522,1,P014,3.0,408.19,0.0
500522,2,P027,1.0,145.91,0.0
500523,1,P024,2.0,558.44,0.0
500523,2,P042,4.0,446.91,0.0
500523,3,P004,2.0,391.09,0.0
500524,1,P058,1.0,594.96,0.0
500524,2,P022,4.0,51.44,0.0
500524,3,P048,2.0,606.74,5.0
500524,4,P003,2.0,375.33,15.0
500524,5,P011,1.0,515.96,15.0
500524,6,P025,4.0,118.96,10.0
500525,1,P031,2.0,49.32,15.0
500525,2,P010,1.0,80.17,0.0
500525,3,P018,1.0,63.76,20.0
500525,4,P043,1.0,338.54,15.0
500525,5,P039,4.0,193.34,20.0
500525,6,P046,4.0,46.08,10.0
500526,1,P018,1.0,75.2,15.0
500526,2,P033,5.0,142.08,5.0
500526,3,P004,4.0,322.73,0.0
500526,4,P023,1.0,53.93,15.0
500527,1,P026,3.0,184.24,5.0
500527,2,P040,2.0,407.28,20.0
500527,3,P059,1.0,661.08,0.0
500527,4,P003,3.0,431.86,20.0
500527,5,P054,2.0,268.39,0.0
500528,1,P021,4.0,187.83,0.0
500528,2,P018,4.0,81.13,10.0
500529,1,P017,1.0,88.98,5.0
500529,2,P056,2.0,237.8,0.0
500529,3,P057,1.0,453.86,15.0
500529,4,P049,5.0,133.81,5.0
500529,5,P024,1.0,524.1,5.0
500530,1,P015,1.0,515.14,15.0
500530,2,P014,3.0,454.0,5.0
500530,3,P048,3.0,595.79,10.0
500530,4,P059,1.0,531.81,10.0
500530,5,P014,2.0,537.7,0.0
500530,6,P003,2.0,343.58,10.0
500531,1,P045,1.0,334.73,10.0
500531,2,P004,4.0,344.21,10.0
500531,3,P050,1.0,495.36,15.0
500532,1,P051,2.0,115.7,15.0
500532,2,P007,2.0,370.32,15.0
500532,3,P045,5.0,303.16,0.0
500533,1,P036,5.0,448.38,20.0
500533,2,P009,4.0,574.08,0.0
500533,3,P014,1.0,525.6,20.0
500533,4,P036,1.0,407.21,5.0
500533,5,P010,1.0,103.23,20.0
500534,1,P023,3.0,51.7,10.0
500534,2,P021,4.0,193.3,5.0
500534,3,P026,3.0,204.18,0.0
500534,4,P008,5.0,299.62,20.0
500535,1,P001,4.0,20.49,0.0
500535,2,P006,5.0,230.85,20.0
500535,3,P007,5.0,418.97,20.0
500535,4,P048,1.0,537.72,10.0
500535,5,P027,1.0,144.42,0.0
500536,1,P050,2.0,469.33,0.0
500536,2,P027,5.0,142.08,20.0
500536,3,P042,1.0,379.94,10.0
500536,4,P006,5.0,222.52,0.0
500536,5,P056,1.0,207.77,5.0
500536,6,P006,1.0,272.0,15.0
500537,1,P013,1.0,257.52,15.0
500537,2,P051,2.0,139.72,20.0
500537,3,P024,2.0,662.22,15.0
500538,1,P022,2.0,53.46,15.0
500538,2,P009,3.0,627.02,5.0
500538,3,P049,3.0,135.3,15.0
500538,4,P040,1.0,411.36,15.0
500538,5,P026,5.0,206.97,10.0
500538,6,P045,3.0,266.72,5.0
500539,1,P017,1.0,79.54,20.0
500539,2,P003,2.0,397.66,15.0
500540,1,P007,1.0,357.17,0.0
500541,1,P054,3.0,326.99,0.0
500541,2,P030,1.0,306.17,0.0
500541,3,P043,5.0,411.44,15.0
500541,4,P055,1.0,487.19,5.0
500542,1,P019,3.0,520.31,0.0
500543,1,P021,1.0,203.5,5.0
500543,2,P008,5.0,299.45,5.0
500543,3,P010,5.0,99.03,5.0
500543,4,P010,1.0,86.6,15.0
500544,1,P034,1.0,371.89,0.0
500544,2,P042,1.0,456.98,0.0
500544,3,P002,2.0,477.19,0.0
500544,4,P030,2.0,299.05,15.0
500544,5,P009,3.0,681.04,10.0
500545,1,P039,5.0,225.12,0.0
500545,2,P054,4.0,315.78,20.0
500545,3,P048,5.0,609.86,0.0
500546,1,P054,1.0,254.41,5.0
500546,2,P012,1.0,285.47,0.0
500546,3,P015,1.0,474.41,0.0
500546,4,P028,2.0,239.67,0.0
500546,5,P055,1.0,421.99,10.0
500546,6,P038,1.0,243.68,15.0
500547,1,P060,5.0,152.52,0.0
500547,2,P018,4.0,81.51,0.0
500547,3,P024,2.0,519.52,15.0
500547,4,P032,2.0,470.32,10.0
500547,5,P009,2.0,618.14,5.0
500547,6,P047,2.0,399.69,10.0
500548,1,P008,1.0,299.48,0.0
500548,2,P048,1.0,550.61,20.0
500548,3,P013,1.0,244.28,0.0
500548,4,P024,2.0,653.58,20.0
500548,5,P015,4.0,497.43,0.0
500548,6,P051,2.0,137.43,0.0
500549,1,P022,2.0,56.92,0.0
500549,2,P049,2.0,133.37,5.0
500549,3,P048,2.0,586.39,10.0
500549,4,P047,5.0,325.25,0.0
500549,5,P054,3.0,259.93,0.0
500549,6,P046,1.0,38.88,0.0
500550,1,P018,1.0,75.91,0.0
500550,2,P048,2.0,594.19,0.0
500550,3,P048,1.0,636.01,0.0
500550,4,P057,1.0,453.6,15.0
500550,5,P042,5.0,390.78,20.0
500551,1,P040,1.0,425.9,0.0
500551,2,P042,2.0,478.06,10.0
500551,3,P017,1.0,84.98,10.0
500552,1,P011,3.0,392.89,0.0
500552,2,P009,5.0,735.39,0.0
500553,1,P019,2.0,472.44,15.0
500553,2,P034,1.0,327.96,0.0
500553,3,P032,2.0,543.78,20.0
500553,4,P049,4.0,126.03,5.0
500553,5,P016,2.0,740.51,
500554,1,P027,2.0,146.93,0.0
500554,2,P026,1.0,183.6,10.0
500555,1,P048,2.0,639.2,0.0
500555,2,P038,2.0,232.57,0.0
500555,3,P058,1.0,573.57,0.0
500555,4,P040,4.0,476.92,20.0
500555,5,P048,1.0,681.16,0.0
500556,1,P049,3.0,117.86,0.0
500556,2,P034,1.0,392.79,5.0
500556,3,P018,5.0,76.5,10.0
500556,4,P042,1.0,375.38,20.0
500556,5,P010,4.0,85.5,0.0
500557,1,P045,1.0,329.81,20.0
500557,2,P012,1.0,226.5,20.0
500557,3,P019,4.0,494.7,5.0
500557,4,P009,2.0,636.42,0.0
500558,1,P057,4.0,485.36,0.0
500558,2,P034,1.0,401.16,0.0
500558,3,P047,3.0,399.41,0.0
500558,4,P017,1.0,80.05,10.0
500559,1,P057,1.0,493.71,0.0
500559,2,P053,1.0,72.51,20.0
500560,1,P012,1.0,295.27,10.0
500560,2,P005,1.0,147.49,0.0
500560,3,P002,1.0,389.21,0.0
500560,4,P059,1.0,532.1,0.0
500560,5,P004,4.0,335.2,10.0
500561,1,P022,5.0,60.93,15.0
500561,2,P046,3.0,42.94,0.0
500561,3,P033,1.0,167.32,0.0
500561,4,P045,1.0,328.39,20.0
500561,5,P027,2.0,165.61,20.0
500562,1,P026,2.0,231.8,5.0
500562,2,P053,2.0,75.31,10.0
500563,1,P039,4.0,222.66,5.0
500563,2,P006,1.0,240.19,0.0
500564,1,P005,3.0,146.35,0.0
500564,2,P035,1.0,577.79,5.0
500564,3,P047,1.0,345.66,15.0
500565,1,P013,1.0,267.17,0.0
500565,2,P031,2.0,44.09,5.0
500565,3,P060,2.0,159.73,0.0
500566,1,P046,5.0,50.13,15.0
500566,2,P008,3.0,333.18,0.0
500566,3,P031,2.0,44.46,20.0
500567,1,P019,2.0,495.09,0.0
500567,2,P054,2.0,328.43,5.0
500567,3,P019,1.0,458.65,15.0
500567,4,P009,1.0,702.77,20.0
500567,5,P007,5.0,412.07,20.0
500567,6,P046,1.0,39.38,5.0
500568,1,P046,1.0,44.47,0.0
500568,2,P029,2.0,47.28,5.0
500569,1,P018,2.0,65.8,0.0
500569,2,P036,4.0,376.92,0.0
500569,3,P019,1.0,437.83,5.0
500569,4,P027,4.0,171.43,0.0
500569,5,P045,3.0,345.55,10.0
500569,6,P020,1.0,400.88,0.0
500570,1,P036,5.0,430.9,5.0
500570,2,P019,3.0,531.02,5.0
500571,1,P028,4.0,220.13,20.0
500572,1,P005,3.0,143.6,0.0
500572,2,P017,1.0,81.7,0.0
500572,3,P018,1.0,80.57,15.0
500572,4,P043,1.0,384.31,10.0
500572,5,P047,5.0,373.52,0.0
500572,6,P021,3.0,160.1,10.0
500573,1,P028,1.0,250.0,15.0
500574,1,P027,4.0,134.94,5.0
500575,1,P019,2.0,484.12,15.0
500575,2,P028,3.0,221.07,5.0
500575,3,P028,1.0,256.01,0.0
500575,4,P056,1.0,210.64,5.0
500575,5,P010,3.0,102.78,0.0
500576,1,P055,1.0,515.43,5.0
500576,2,P027,1.0,155.38,0.0
500576,3,P051,1.0,153.52,5.0
500577,1,P047,3.0,345.11,0.0
500577,2,P046,2.0,49.63,0.0
500577,3,P034,5.0,301.33,20.0
500577,4,P020,3.0,348.01,15.0
500577,5,P018,2.0,81.25,20.0
500578,1,P041,2.0,628.95,0.0
500579,1,P004,1.0,404.74,15.0
500579,2,P029,1.0,45.28,0.0
500579,3,P059,3.0,601.51,20.0
500580,1,P015,2.0,435.11,0.0
500581,1,P002,2.0,450.02,0.0
500581,2,P035,2.0,658.52,10.0
500581,3,P041,2.0,709.53,0.0
500581,4,P059,2.0,515.79,15.0
500581,5,P016,4.0,641.06,0.0
500581,6,P056,1.0,252.91,15.0
500582,1,P007,5.0,408.69,5.0
500582,2,P007,4.0,378.87,0.0
500583,1,P054,5.0,331.19,5.0
500583,2,P021,2.0,186.05,0.0
500583,3,P031,1.0,50.26,10.0
500584,1,P029,3.0,51.95,0.0
500584,2,P045,2.0,318.23,5.0
500584,3,P015,3.0,481.32,0.0
500585,1,P049,5.0,116.28,10.0
500585,2,P014,1.0,437.56,0.0
500586,1,P056,1.0,208.68,0.0
500586,2,P029,4.0,53.85,0.0
500586,3,P060,3.0,161.45,15.0
500586,4,P029,1.0,49.35,0.0
500587,1,P034,2.0,379.24,10.0
500587,2,P026,3.0,245.47,0.0
500587,3,P023,1.0,67.95,0.0
500587,4,P009,2.0,664.37,0.0
500588,1,P028,3.0,230.68,0.0
500588,2,P045,1.0,345.44,0.0
500589,1,P039,2.0,205.61,0.0
500589,2,P018,5.0,61.34,20.0
500589,3,P013,5.0,306.02,0.0
500590,1,P028,1.0,252.43,15.0
500591,1,P042,2.0,396.45,20.0
500591,2,P034,4.0,400.58,10.0
500591,3,P059,2.0,646.75,0.0
500591,4,P031,3.0,48.24,20.0
500591,5,P006,1.0,261.75,20.0
500591,6,P049,3.0,134.97,15.0
500592,1,P046,3.0,38.82,0.0
500592,2,P047,1.0,335.86,0.0
500592,3,P052,1.0,393.3,0.0
500593,1,P032,1.0,560.03,10.0
500593,2,P058,3.0,466.67,10.0
500594,1,P032,3.0,458.63,0.0
500594,2,P031,2.0,49.46,15.0
500594,3,P037,1.0,318.03,0.0
500594,4,P016,2.0,629.79,0.0
500594,5,P046,4.0,42.68,0.0
500594,6,P046,1.0,40.8,10.0
500595,1,P013,1.0,269.73,5.0
500595,2,P033,5.0,172.58,5.0
500595,3,P007,5.0,368.13,0.0
500595,4,P032,5.0,548.81,15.0
500595,5,P007,1.0,367.26,0.0
500596,1,P060,1.0,141.52,20.0
500596,2,P001,4.0,17.3,20.0
500597,1,P041,1.0,644.3,10.0
500597,2,P034,5.0,363.11,10.0
500597,3,P017,2.0,79.66,10.0
500597,4,P025,1.0,140.89,0.0
500597,5,P056,1.0,250.01,0.0
500598,1,P050,5.0,459.33,0.0
500598,2,P013,1.0,297.82,0.0
500598,3,P017,3.0,75.0,15.0
500599,1,P050,5.0,440.28,0.0
500599,2,P046,4.0,47.53,0.0
500600,1,P021,1.0,157.39,20.0
500601,1,P025,4.0,143.29,5.0
500601,2,P020,2.0,430.79,5.0
500601,3,P057,3.0,487.06,0.0
500601,4,P002,1.0,468.69,0.0
500602,1,P015,2.0,420.66,0.0
500602,2,P012,3.0,235.75,0.0
500602,3,P009,1.0,606.0,15.0
500602,4,P058,1.0,531.91,15.0
500602,5,P031,1.0,45.1,0.0
500602,6,P014,1.0,489.28,20.0
500603,1,P036,2.0,437.44,0.0
500603,2,P009,2.0,573.27,0.0
500603,3,P036,3.0,474.72,5.0
500603,4,P029,3.0,54.51,20.0
500603,5,P016,2.0,655.82,15.0
500603,6,P028,1.0,229.16,20.0
500604,1,P025,5.0,137.92,5.0
500604,2,P032,2.0,523.12,0.0
500604,3,P019,1.0,424.2,0.0
500605,1,P058,1.0,463.11,20.0
500605,2,P040,2.0,447.75,0.0
500605,3,P021,1.0,159.81,0.0
500605,4,P048,1.0,691.69,0.0
500605,5,P048,5.0,692.89,15.0
500606,1,P027,4.0,169.96,0.0
500606,2,P019,5.0,437.33,10.0
500606,3,P043,2.0,397.46,0.0
500606,4,P005,1.0,160.09,0.0
500607,1,P022,3.0,62.68,0.0
500607,2,P040,2.0,380.03,0.0
500607,3,P015,1.0,430.75,15.0
500607,4,P013,1.0,279.98,5.0
500607,5,P001,3.0,21.19,20.0
500608,1,P042,3.0,372.11,5.0
500608,2,P054,3.0,290.18,10.0
500608,3,P048,1.0,656.92,0.0
500608,4,P044,5.0,532.77,0.0
500608,5,P017,1.0,90.36,0.0
500609,1,P047,2.0,323.31,0.0
500609,2,P041,2.0,688.94,10.0
500610,1,P026,1.0,183.86,0.0
500610,2,P040,1.0,464.33,0.0
500610,3,P003,3.0,360.66,5.0
500610,4,P002,1.0,415.74,10.0
500611,1,P004,4.0,322.55,0.0
500611,2,P017,1.0,81.13,0.0
500611,3,P053,2.0,68.53,10.0
500611,4,P021,5.0,194.65,5.0
500611,5,P053,2.0,72.3,15.0
500611,6,P048,1.0,650.75,0.0
500612,1,P038,4.0,238.17,0.0
500612,2,P041,5.0,697.28,0.0
500613,1,P013,2.0,262.53,0.0
500613,2,P059,1.0,550.73,10.0
500614,1,P014,5.0,532.27,0.0
500614,2,P013,4.0,255.02,0.0
500615,1,P027,2.0,160.95,0.0
500615,2,P060,3.0,136.63,10.0
500615,3,P033,1.0,162.59,0.0
500616,1,P033,1.0,134.01,5.0
500616,2,P020,5.0,403.32,5.0
500616,3,P025,4.0,145.39,0.0
500617,1,P005,3.0,166.92,5.0
500617,2,P018,1.0,78.42,0.0
500617,3,P028,1.0,240.97,0.0
500617,4,P035,2.0,488.33,20.0
500617,5,P059,4.0,533.06,10.0
500618,1,P023,4.0,51.39,20.0
500618,2,P025,5.0,114.05,10.0
500619,1,P003,4.0,380.07,20.0
500619,2,P053,1.0,65.83,10.0
500619,3,P028,1.0,233.83,0.0
500619,4,P038,5.0,230.29,15.0
500619,5,P051,1.0,118.02,0.0
500620,1,P023,1.0,52.56,20.0
500620,2,P040,3.0,495.99,10.0
500621,1,P012,1.0,304.14,10.0
500622,1,P001,1.0,18.83,0.0
500622,2,P038,4.0,242.75,20.0
500623,1,P030,3.0,347.43,10.0
500623,2,P034,2.0,363.07,15.0
500624,1,P026,1.0,211.23,5.0
500624,2,P042,1.0,430.52,10.0
500624,3,P023,1.0,52.61,15.0
500624,4,P046,1.0,41.44,0.0
500625,1,P009,1.0,571.78,0.0
500625,2,P060,1.0,140.06,0.0
500625,3,P005,3.0,134.83,15.0
500625,4,P059,1.0,573.7,10.0
500625,5,P046,3.0,39.74,20.0
500625,6,P042,2.0,369.61,0.0
500626,1,P056,4.0,196.2,15.0
500626,2,P045,4.0,301.88,0.0
500626,3,P033,1.0,139.23,20.0
500626,4,P033,3.0,139.21,5.0
500626,5,P007,2.0,382.56,20.0
500627,1,P059,4.0,657.07,15.0
500627,2,P050,5.0,456.2,5.0
500627,3,P024,4.0,555.12,10.0
500627,4,P011,5.0,405.23,20.0
500627,5,P041,2.0,664.24,0.0
500628,1,P019,5.0,490.42,20.0
500628,2,P018,1.0,65.98,0.0
500628,3,P020,2.0,372.95,10.0
500628,4,P030,2.0,317.53,0.0
500629,1,P033,4.0,177.65,5.0
500629,2,P005,3.0,164.78,5.0
500629,3,P028,2.0,267.28,0.0
500629,4,P024,1.0,650.69,15.0
500629,5,P017,2.0,94.0,5.0
500629,6,P050,2.0,423.52,0.0
500630,1,P006,1.0,268.04,0.0
500630,2,P023,3.0,56.68,0.0
500630,3,P005,2.0,150.99,15.0
500630,4,P050,3.0,420.68,0.0
500631,1,P054,1.0,309.89,0.0
500631,2,P010,2.0,93.43,5.0
500631,3,P011,4.0,518.57,20.0
500631,4,P038,1.0,211.56,20.0
500631,5,P002,2.0,418.31,15.0
500632,1,P022,1.0,52.61,0.0
500633,1,P026,3.0,205.24,15.0
500633,2,P045,5.0,282.91,5.0
500634,1,P006,3.0,260.01,0.0
500634,2,P004,1.0,358.83,15.0
500634,3,P018,5.0,75.61,10.0
500635,1,P056,5.0,238.76,0.0
500635,2,P041,1.0,628.67,0.0
500636,1,P010,1.0,97.68,20.0
500636,2,P009,1.0,680.68,5.0
500636,3,P019,5.0,456.18,0.0
500636,4,P015,1.0,505.46,0.0
500637,1,P001,1.0,19.33,10.0
500637,2,P043,5.0,394.77,5.0
500637,3,P057,4.0,456.38,0.0
500638,1,P044,1.0,530.04,10.0
500639,1,P030,2.0,296.7,0.0
500640,1,P004,1.0,341.22,15.0
500640,2,P043,4.0,357.48,0.0
500640,3,P040,5.0,498.36,10.0
500640,4,P038,2.0,222.38,0.0
500641,1,P026,1.0,211.07,15.0
500642,1,P043,1.0,377.5,0.0
500642,2,P035,3.0,579.93,20.0
500642,3,P012,4.0,296.75,15.0
500643,1,P023,1.0,66.84,10.0
500643,2,P026,2.0,183.06,20.0
500643,3,P014,1.0,532.24,15.0
500643,4,P012,1.0,295.56,15.0
500643,5,P050,4.0,398.62,15.0
500643,6,P004,1.0,320.77,0.0
500644,1,P056,1.0,225.16,0.0
500644,2,P017,3.0,88.38,0.0
500644,3,P060,1.0,157.17,0.0
500645,1,P041,3.0,568.22,0.0
500646,1,P041,3.0,729.31,0.0
500646,2,P031,1.0,55.01,0.0
500646,3,P027,1.0,151.63,10.0
500646,4,P037,4.0,380.8,20.0
500646,5,P002,2.0,463.23,5.0
500647,1,P035,5.0,503.52,0.0
500648,1,P019,1.0,527.53,0.0
500648,2,P007,1.0,392.38,5.0
500648,3,P010,1.0,87.41,5.0
500648,4,P025,2.0,140.32,0.0
500648,5,P044,1.0,523.69,0.0
500649,1,P058,5.0,475.37,0.0
500649,2,P036,1.0,467.51,10.0
500649,3,P049,1.0,116.48,0.0
500650,1,P060,3.0,169.02,5.0
500651,1,P033,2.0,141.9,0.0
500652,1,P056,1.0,256.21,0.0
500652,2,P058,4.0,547.5,10.0
500652,3,P041,5.0,636.42,0.0
500653,1,P015,4.0,487.93,15.0
500653,2,P017,4.0,80.36,0.0
500653,3,P013,1.0,304.83,0.0
500653,4,P007,5.0,424.99,10.0
500653,5,P009,1.0,642.36,0.0
500653,6,P044,2.0,427.03,15.0
500654,1,P022,1.0,50.85,20.0
500655,1,P045,3.0,278.01,0.0
500655,2,P016,4.0,591.5,10.0
500655,3,P008,1.0,340.42,15.0
500655,4,P043,5.0,394.97,0.0
500655,5,P008,3.0,288.95,5.0
500656,1,P026,2.0,233.41,10.0
500656,2,P010,1.0,89.38,20.0
500656,3,P024,1.0,645.24,0.0
500656,4,P013,5.0,310.36,15.0
500657,1,P027,2.0,162.1,20.0
500657,2,P050,1.0,502.48,0.0
500658,1,P014,5.0,461.9,15.0
500658,2,P055,5.0,445.85,0.0
500658,3,P038,1.0,227.68,5.0
500658,4,P033,5.0,159.81,0.0
500658,5,P052,1.0,342.4,10.0
500658,6,P038,2.0,226.82,0.0
500659,1,P032,1.0,596.8,5.0
500659,2,P043,2.0,405.96,0.0
500659,3,P019,1.0,536.24,0.0
500659,4,P040,1.0,457.73,5.0
500659,5,P056,1.0,200.0,0.0
500659,6,P001,1.0,23.22,0.0
500660,1,P053,5.0,57.51,10.0
500660,2,P055,4.0,540.06,0.0
500660,3,P032,5.0,457.97,0.0
500660,4,P037,1.0,344.01,10.0
500661,1,P038,1.0,224.54,20.0
500662,1,P047,4.0,402.37,0.0
500662,2,P042,3.0,414.53,15.0
500662,3,P024,5.0,495.98,20.0
500662,4,P048,2.0,647.1,0.0
500662,5,P041,2.0,651.39,10.0
500663,1,P048,1.0,609.56,0.0
500663,2,P039,1.0,238.86,0.0
500663,3,P004,1.0,307.09,0.0
500663,4,P012,5.0,274.77,5.0
500664,1,P016,2.0,666.21,0.0
500664,2,P012,5.0,284.46,0.0
500664,3,P041,2.0,737.19,0.0
500664,4,P052,4.0,398.06,15.0
500664,5,P029,4.0,52.35,15.0
500664,6,P023,1.0,58.09,10.0
500665,1,P028,5.0,205.07,0.0
500665,2,P051,3.0,132.79,20.0
500665,3,P038,1.0,222.46,0.0
500665,4,P012,1.0,239.55,0.0
500666,1,P050,2.0,426.09,10.0
500666,2,P043,2.0,325.98,15.0
500666,3,P025,1.0,122.91,10.0
500667,1,P016,5.0,652.91,15.0
500667,2,P026,4.0,238.35,10.0
500667,3,P040,1.0,433.31,20.0
500668,1,P021,1.0,189.19,0.0
500668,2,P052,2.0,403.19,0.0
500668,3,P002,1.0,386.8,10.0
500668,4,P005,1.0,177.13,10.0
500669,1,P055,3.0,450.58,0.0
500669,2,P029,1.0,57.15,0.0
500669,3,P047,2.0,407.64,0.0
500669,4,P037,1.0,351.28,0.0
500669,5,P043,1.0,416.57,20.0
500670,1,P032,5.0,445.17,5.0
500670,2,P021,4.0,158.56,0.0
500670,3,P017,1.0,75.69,0.0
500670,4,P034,1.0,322.54,10.0
500671,1,P060,1.0,166.46,10.0
500671,2,P048,1.0,672.37,15.0
500671,3,P038,2.0,204.3,20.0
500671,4,P040,1.0,489.53,20.0
500671,5,P034,1.0,355.87,0.0
500671,6,P019,2.0,467.72,15.0
500672,1,P017,1.0,96.84,15.0
500672,2,P011,1.0,393.92,5.0
500672,3,P047,1.0,407.27,5.0
500673,1,P011,1.0,509.11,5.0
500674,1,P022,2.0,51.32,10.0
500674,2,P054,2.0,281.99,10.0
500674,3,P037,1.0,334.2,15.0
500674,4,P060,1.0,154.1,5.0
500674,5,P011,2.0,518.99,15.0
500675,1,P011,2.0,465.35,0.0
500676,1,P037,4.0,359.03,15.0
500676,2,P030,3.0,317.86,15.0
500676,3,P041,1.0,617.85,10.0
500676,4,P045,2.0,314.18,15.0
500676,5,P037,5.0,364.89,5.0
500677,1,P034,2.0,369.86,5.0
500678,1,P010,2.0,92.96,20.0
500678,2,P050,3.0,436.78,10.0
500679,1,P031,1.0,53.39,15.0
500679,2,P047,5.0,328.97,5.0
500680,1,P007,1.0,378.13,15.0
500680,2,P041,5.0,731.79,5.0
500680,3,P040,2.0,482.99,5.0
500681,1,P008,1.0,323.65,15.0
500681,2,P032,3.0,515.37,0.0
500681,3,P033,2.0,168.79,0.0
500681,4,P013,1.0,321.9,0.0
500681,5,P027,1.0,155.32,0.0
500681,6,P018,1.0,77.21,10.0
500682,1,P055,1.0,490.47,5.0
500682,2,P028,1.0,207.07,0.0
500683,1,P024,2.0,644.66,0.0
500683,2,P030,4.0,318.65,20.0
500683,3,P040,5.0,438.21,20.0
500683,4,P035,3.0,652.4,20.0
500683,5,P033,5.0,156.77,0.0
500684,1,P011,2.0,505.77,0.0
500684,2,P034,1.0,340.71,15.0
500684,3,P012,2.0,296.82,5.0
500684,4,P060,2.0,150.21,5.0
500684,5,P060,1.0,154.67,0.0
500684,6,P052,5.0,333.02,0.0
500685,1,P040,1.0,486.52,5.0
500685,2,P053,4.0,61.11,10.0
500685,3,P049,2.0,121.71,10.0
500686,1,P046,2.0,45.61,10.0
500686,2,P043,1.0,339.38,0.0
500687,1,P010,1.0,96.92,15.0
500687,2,P054,4.0,277.66,20.0
500687,3,P008,1.0,312.83,20.0
500687,4,P021,2.0,180.51,10.0
500687,5,P037,3.0,367.39,5.0
500687,6,P007,4.0,355.48,5.0
500688,1,P009,1.0,609.41,10.0
500688,2,P001,4.0,18.05,0.0
500689,1,P033,3.0,172.48,0.0
500689,2,P016,1.0,716.98,5.0
500689,3,P036,2.0,440.95,20.0
500690,1,P050,2.0,407.6,
500690,2,P016,2.0,626.02,20.0
500691,1,P011,1.0,482.85,0.0
500691,2,P058,3.0,585.33,20.0
500692,1,P022,1.0,61.07,20.0
500692,2,P060,1.0,140.29,15.0
500692,3,P036,4.0,468.68,20.0
500693,1,P008,1.0,366.59,0.0
500693,2,P014,2.0,399.36,15.0
500693,3,P036,1.0,434.21,10.0
500693,4,P007,1.0,389.14,15.0
500693,5,P007,2.0,385.14,0.0
500694,1,P003,1.0,400.49,0.0
500694,2,P006,1.0,294.78,10.0
500694,3,P043,5.0,317.3,0.0
500694,4,P045,1.0,331.88,10.0
500695,1,P048,1.0,700.29,10.0
500695,2,P048,2.0,637.58,0.0
500695,3,P058,4.0,585.01,15.0
500695,4,P034,1.0,403.06,10.0
500695,5,P016,2.0,658.53,0.0
500696,1,P005,3.0,147.99,0.0
500696,2,P008,1.0,334.55,10.0
500696,3,P032,1.0,509.88,5.0
500696,4,P055,1.0,482.93,10.0
500696,5,P054,3.0,300.01,20.0
500696,6,P018,5.0,82.79,0.0
500697,1,P030,5.0,342.52,5.0
500698,1,P015,5.0,453.88,0.0
500698,2,P004,1.0,357.37,10.0
500698,3,P006,4.0,270.83,15.0
500699,1,P027,1.0,149.32,20.0
500699,2,P052,2.0,348.98,5.0
500699,3,P022,4.0,56.86,0.0
500699,4,P037,1.0,339.33,5.0
500699,5,P019,3.0,539.92,0.0
500699,6,P039,2.0,230.28,0.0
500700,1,P052,1.0,399.94,10.0
500700,2,P004,1.0,345.25,0.0
500700,3,P013,1.0,304.38,15.0
500701,1,P010,1.0,91.73,5.0
500701,2,P017,4.0,85.24,15.0
500701,3,P043,1.0,369.24,10.0
500701,4,P005,1.0,176.61,20.0
500701,5,P057,1.0,463.88,0.0
500702,1,P006,2.0,224.05,10.0
500702,2,P051,1.0,126.13,10.0
500702,3,P001,5.0,21.29,5.0
500702,4,P059,3.0,600.46,0.0
500702,5,P048,4.0,573.95,10.0
500703,1,P028,1.0,214.25,5.0
500703,2,P040,2.0,479.36,5.0
500703,3,P016,5.0,701.25,0.0
500703,4,P050,2.0,411.09,0.0
500704,1,P022,1.0,61.35,0.0
500704,2,P056,1.0,230.49,20.0
500705,1,P013,1.0,317.52,0.0
500705,2,P020,1.0,385.36,0.0
500705,3,P030,5.0,356.67,5.0
500705,4,P030,4.0,347.88,0.0
500706,1,P054,2.0,283.48,10.0
500707,1,P059,5.0,663.73,0.0
500707,2,P059,5.0,648.13,0.0
500707,3,P047,5.0,364.19,15.0
500708,1,P017,2.0,96.83,0.0
500708,2,P037,5.0,356.66,10.0
500708,3,P014,2.0,438.34,0.0
500708,4,P039,2.0,247.72,0.0
500708,5,P041,4.0,610.57,20.0
500709,1,P023,1.0,58.16,0.0
500709,2,P008,4.0,352.18,0.0
500709,3,P017,2.0,75.24,20.0
500709,4,P021,,191.99,0.0
500710,1,P025,2.0,131.81,0.0
500711,1,P015,2.0,501.57,5.0
500711,2,P026,1.0,194.58,0.0
500712,1,P013,1.0,254.89,5.0
500712,2,P056,1.0,222.04,10.0
500712,3,P060,2.0,176.0,5.0
500712,4,P044,2.0,414.71,15.0
500712,5,P033,2.0,141.26,20.0
500712,6,P032,5.0,447.62,0.0
500713,1,P004,3.0,307.48,5.0
500714,1,P020,2.0,358.31,5.0
500714,2,P026,4.0,197.31,0.0
500714,3,P015,5.0,427.74,0.0
500714,4,P007,2.0,408.69,15.0
500714,5,P007,4.0,397.33,20.0
500714,6,P050,5.0,416.17,5.0
500715,1,P046,2.0,42.91,15.0
500715,2,P010,2.0,93.07,15.0
500715,3,P022,3.0,53.49,10.0
500715,4,P030,1.0,385.0,15.0
500715,5,P030,2.0,374.33,0.0
500716,1,P004,5.0,317.33,20.0
500716,2,P051,5.0,119.96,0.0
500716,3,P055,1.0,494.44,10.0
500716,4,P015,1.0,440.61,5.0
500717,1,P030,2.0,322.71,10.0
500717,2,P057,3.0,461.94,10.0
500717,3,P004,4.0,393.65,15.0
500717,4,P023,2.0,58.23,5.0
500718,1,P056,2.0,236.56,10.0
500718,2,P056,2.0,229.33,0.0
500718,3,P015,2.0,474.86,0.0
500718,4,P019,2.0,436.84,20.0
500719,1,P029,5.0,44.74,0.0
500720,1,P034,2.0,338.57,0.0
500720,2,P026,4.0,202.83,15.0
500720,3,P013,2.0,284.01,15.0
500720,4,P999,1.0,482.85,20.0
500721,1,P009,5.0,674.44,0.0
500721,2,P032,1.0,589.91,5.0
500721,3,P011,1.0,412.31,0.0
500721,4,P037,3.0,400.78,15.0
500722,1,P010,3.0,90.11,20.0
500722,2,P012,2.0,294.7,10.0
500722,3,P010,2.0,81.37,0.0
500723,1,P032,1.0,474.81,0.0
500723,2,P003,1.0,357.49,0.0
500723,3,P027,3.0,149.76,5.0
500723,4,P019,5.0,521.6,0.0
500723,5,P022,1.0,59.72,20.0
500723,6,P057,1.0,458.39,20.0
500724,1,P031,3.0,49.24,0.0
500724,2,P001,4.0,18.86,5.0
500724,3,P034,5.0,324.82,10.0
500724,4,P018,1.0,70.12,0.0
500724,5,P018,1.0,77.08,0.0
500725,1,P059,3.0,582.02,20.0
500726,1,P041,1.0,737.97,20.0
500727,1,P035,2.0,519.16,0.0
500727,2,P999,2.0,76.37,0.0
500727,3,P042,1.0,452.96,0.0
500728,1,P055,3.0,528.62,0.0
500728,2,P036,2.0,378.94,0.0
500728,3,P051,4.0,123.95,0.0
500728,4,P060,1.0,133.68,0.0
500728,5,P021,4.0,159.58,10.0
500728,6,P051,2.0,118.45,0.0
500729,1,P033,1.0,149.93,5.0
500729,2,P010,4.0,81.21,5.0
500729,3,P009,5.0,613.52,0.0
500729,4,P049,3.0,110.22,0.0
500729,5,P033,5.0,174.5,0.0
500730,1,P041,5.0,729.12,15.0
500730,2,P025,1.0,130.86,5.0
500730,3,P008,3.0,320.26,20.0
500730,4,P024,5.0,600.19,20.0
500730,5,P020,1.0,330.01,0.0
500731,1,P021,5.0,201.28,20.0
500731,2,P024,5.0,511.71,20.0
500731,3,P015,4.0,438.12,0.0
500731,4,P027,1.0,165.35,0.0
500731,5,P032,1.0,525.32,5.0
500731,6,P012,4.0,272.41,15.0
500732,1,P038,1.0,240.12,15.0
500732,2,P054,1.0,270.37,5.0
500732,3,P034,3.0,371.39,0.0
500733,1,P053,3.0,60.82,0.0
500733,2,P009,3.0,567.31,0.0
500734,1,P031,4.0,53.83,20.0
500734,2,P049,1.0,135.24,15.0
500734,3,P052,1.0,301.07,0.0
500734,4,P034,4.0,312.01,10.0
500734,5,P042,4.0,402.57,0.0
500734,6,P035,3.0,627.51,0.0
500735,1,P044,5.0,504.69,0.0
500735,2,P047,2.0,316.41,20.0
500735,3,P017,1.0,84.48,10.0
500735,4,P014,,481.41,0.0
500735,5,P025,1.0,123.86,0.0
500736,1,P041,1.0,665.7,10.0
500736,2,P047,2.0,349.31,20.0
500736,3,P014,3.0,471.95,10.0
500736,4,P001,5.0,20.21,0.0
500737,1,P045,1.0,277.24,0.0
500737,2,P019,1.0,512.73,0.0
500737,3,P013,4.0,248.17,20.0
500738,1,P055,5.0,458.91,10.0
500738,2,P058,4.0,527.8,0.0
500739,1,P028,1.0,213.63,20.0
500739,2,P019,4.0,473.74,20.0
500739,3,P007,1.0,394.47,20.0
500739,4,P044,2.0,415.32,15.0
500739,5,P058,1.0,478.13,10.0
500740,1,P025,1.0,141.04,10.0
500741,1,P023,2.0,51.52,0.0
500741,2,P054,4.0,271.38,5.0
500741,3,P008,2.0,336.67,20.0
500741,4,P054,2.0,266.92,0.0
500742,1,P012,2.0,300.41,5.0
500743,1,P049,3.0,119.47,0.0
500743,2,P026,4.0,193.87,0.0
500743,3,P053,1.0,74.13,5.0
500744,1,P009,2.0,554.99,15.0
500744,2,P015,3.0,385.75,0.0
500744,3,P009,4.0,581.79,20.0
500744,4,P007,2.0,375.51,5.0
500744,5,P026,5.0,210.87,0.0
500744,6,P024,2.0,595.3,20.0
500745,1,P053,1.0,75.69,20.0
500745,2,P045,3.0,297.99,10.0
500745,3,P051,2.0,147.11,0.0
500745,4,P034,1.0,329.09,0.0
500745,5,P006,3.0,263.5,10.0
500746,1,P029,2.0,56.75,0.0
500747,1,P015,1.0,460.51,5.0
500747,2,P059,4.0,602.85,5.0
500747,3,P050,2.0,495.72,20.0
500748,1,P044,1.0,430.92,15.0
500749,1,P028,3.0,198.91,0.0
500749,2,P030,3.0,325.74,15.0
500749,3,P019,1.0,454.52,15.0
500750,1,P028,1.0,244.54,20.0
500751,1,P010,2.0,105.17,20.0
500752,1,P043,3.0,391.26,0.0
500752,2,P043,2.0,407.52,20.0
500752,3,P011,1.0,521.09,0.0
500752,4,P033,2.0,171.3,5.0
500752,5,P058,1.0,547.82,20.0
500753,1,P036,2.0,440.81,20.0
500753,2,P029,1.0,57.09,5.0
500753,3,P052,1.0,401.48,10.0
500753,4,P046,1.0,39.33,5.0
500754,1,P048,1.0,592.03,0.0
500754,2,P034,5.0,320.66,15.0
500754,3,P058,1.0,483.72,5.0
500754,4,P048,1.0,667.27,0.0
500754,5,P018,1.0,69.57,0.0
500755,1,P028,4.0,245.83,0.0
500756,1,P036,4.0,473.87,0.0
500757,1,P028,1.0,233.14,0.0
500757,2,P007,1.0,439.4,0.0
500757,3,P038,4.0,227.0,15.0
500757,4,P057,1.0,477.44,0.0
500757,5,P012,5.0,247.32,20.0
500757,6,P041,2.0,564.14,0.0
500758,1,P035,2.0,630.0,20.0
500758,2,P023,4.0,61.41,0.0
500758,3,P004,1.0,370.73,0.0
500758,4,P059,1.0,600.98,10.0
500758,5,P042,1.0,486.07,15.0
500758,6,P014,3.0,472.34,5.0
500759,1,P057,4.0,484.26,5.0
500759,2,P046,1.0,44.74,0.0
500760,1,P014,4.0,461.01,15.0
500760,2,P017,1.0,85.22,10.0
500760,3,P034,1.0,366.5,15.0
500761,1,P015,1.0,481.47,0.0
500761,2,P016,2.0,586.47,0.0
500761,3,P057,1.0,410.73,0.0
500761,4,P033,4.0,171.78,0.0
500761,5,P010,3.0,97.34,0.0
500762,1,P012,2.0,237.85,10.0
500762,2,P022,2.0,50.23,0.0
500762,3,P040,4.0,408.77,0.0
500762,4,P048,3.0,603.8,0.0
500762,5,P037,2.0,347.49,0.0
500763,1,P033,3.0,141.53,20.0
500763,2,P002,2.0,387.71,20.0
500763,3,P011,4.0,424.08,15.0
500764,1,P054,1.0,255.59,
500764,2,P039,3.0,188.19,0.0
500764,3,P007,1.0,347.83,5.0
500765,1,P057,1.0,450.32,15.0
500765,2,P042,2.0,379.01 CHF,5.0
500765,3,P050,1.0,404.65,5.0
500765,4,P048,5.0,653.3,0.0
500765,5,P018,5.0,71.3,0.0
500765,6,P038,1.0,238.64,10.0
500766,1,P021,1.0,175.93,0.0
500767,1,P051,3.0,149.23,15.0
500767,2,P056,3.0,230.16,5.0
500767,3,P016,2.0,636.15,0.0
500767,4,P057,1.0,429.68,10.0
500768,1,P010,1.0,94.85,0.0
500768,2,P020,5.0,433.48,15.0
500768,3,P002,1.0,380.62,20.0
500769,1,P009,1.0,589.75,10.0
500769,2,P008,2.0,345.21,0.0
500770,1,P023,5.0,68.76,20.0
500770,2,P057,1.0,448.31,20.0
500770,3,P047,2.0,318.57 CHF,0.0
500770,4,P013,1.0,290.78,20.0
500771,1,P054,1.0,329.38,15.0
500771,2,P049,2.0,114.08,10.0
500772,1,P012,1.0,233.04,0.0
500773,1,P055,1.0,447.02,0.0
500774,1,P060,5.0,158.13,0.0
500775,1,P009,4.0,652.27,5.0
500775,2,P013,3.0,271.91,20.0
500775,3,P009,4.0,604.27,10.0
500776,1,P045,3.0,292.65,15.0
500776,2,P031,3.0,50.98,10.0
500776,3,P017,5.0,94.81,0.0
500776,4,P047,4.0,365.33,0.0
500776,5,P057,3.0,406.8,0.0
500777,1,P047,1.0,316.36,0.0
500778,1,P028,2.0,241.63,0.0
500778,2,P008,1.0,373.22,0.0
500778,3,P010,2.0,102.71,0.0
500778,4,P025,1.0,114.48,5.0
500778,5,P047,1.0,390.82,0.0
500778,6,P036,2.0,426.67,20.0
500779,1,P048,1.0,578.49,15.0
500779,2,P009,5.0,600.58,20.0
500779,3,P020,3.0,433.84,0.0
500779,4,P037,3.0,369.4,15.0
500780,1,P020,1.0,394.35,20.0
500780,2,P028,1.0,215.89,0.0
500780,3,P023,3.0,58.34,0.0
500780,4,P035,1.0,648.03,0.0
500780,5,P001,1.0,21.92,0.0
500780,6,P029,2.0,46.72,10.0
500781,1,P013,1.0,306.33,15.0
500781,2,P005,1.0,143.81,15.0
500781,3,P060,1.0,157.04,0.0
500781,4,P006,4.0,230.45,10.0
500782,1,P032,1.0,546.2,0.0
500782,2,P023,2.0,59.59,0.0
500782,3,P047,2.0,400.18,0.0
500782,4,P040,1.0,494.78,15.0
500782,5,P037,1.0,318.04,0.0
500782,6,P003,2.0,350.27,5.0
500783,1,P021,1.0,176.19,0.0
500784,1,P023,1.0,52.4,15.0
500784,2,P044,1.0,405.34,0.0
500785,1,P019,1.0,419.72,0.0
500785,2,P016,1.0,692.09,0.0
500786,1,P030,1.0,300.28,10.0
500786,2,P051,5.0,125.09,0.0
500787,1,P025,4.0,137.85,0.0
500787,2,P059,3.0,576.39,15.0
500787,3,P039,1.0,207.19,0.0
500787,4,P060,1.0,165.84,0.0
500787,5,P021,1.0,178.3,0.0
500788,1,P036,2.0,468.41,5.0
500788,2,P010,2.0,96.03,10.0
500788,3,P050,1.0,501.87,10.0
500788,4,P035,2.0,638.2,15.0
500789,1,P019,2.0,437.28,5.0
500789,2,P037,3.0,313.77,0.0
500789,3,P053,4.0,75.43,5.0
500789,4,P014,5.0,490.76,5.0
500789,5,P031,1.0,47.38,0.0
500790,1,P039,3.0,199.69,5.0
500790,2,P025,1.0,110.44,10.0
500790,3,P018,1.0,78.08,20.0
500791,1,P018,1.0,69.88,5.0
500791,2,P046,2.0,40.44,15.0
500791,3,P059,5.0,567.04,0.0
500792,1,P008,2.0,327.07,0.0
500792,2,P056,1.0,237.36,0.0
500792,3,P018,1.0,74.67,0.0
500792,4,P025,1.0,117.08,0.0
500792,5,P048,1.0,699.46,20.0
500792,6,P052,1.0,329.8,15.0
500793,1,P010,5.0,101.93,0.0
500793,2,P053,1.0,57.33,15.0
500794,1,P032,5.0,488.3,0.0
500794,2,P039,3.0,198.51,0.0
500794,3,P048,1.0,628.36,15.0
500794,4,P013,1.0,263.08,0.0
500794,5,P059,5.0,666.77,0.0
500794,6,P003,3.0,411.08,0.0
500795,1,P059,1.0,517.73,15.0
500795,2,P051,1.0,131.87,0.0
500795,3,P034,3.0,305.01,0.0
500795,4,P056,1.0,232.6,10.0
500795,5,P033,2.0,176.45,10.0
500796,1,P046,5.0,37.67,0.0
500796,2,P004,1.0,322.39,0.0
500796,3,P056,1.0,241.95,15.0
500796,4,P024,3.0,535.08,20.0
500797,1,P046,4.0,48.48,20.0
500798,1,P017,5.0,85.32,0.0
500798,2,P003,1.0,379.83,20.0
500798,3,P047,1.0,364.91,0.0
500798,4,P046,4.0,44.72,10.0
500799,1,P031,2.0,46.4,15.0
500799,2,P002,1.0,424.1,20.0
500800,1,P031,1.0,42.71,0.0
500800,2,P029,1.0,48.54,0.0
500800,3,P027,1.0,158.69,0.0
500800,4,P021,3.0,162.91,5.0
500800,5,P009,1.0,671.92,0.0
500800,6,P020,1.0,422.09,20.0
500801,1,P017,3.0,98.25,15.0
500801,2,P042,1.0,452.22,10.0
500801,3,P024,2.0,573.71,15.0
500801,4,P017,4.0,94.96,0.0
500801,5,P048,1.0,663.38,15.0
500801,6,P020,5.0,360.7,0.0
500802,1,P036,4.0,365.33,10.0
500802,2,P048,1.0,550.33,0.0
500803,1,P007,1.0,405.45,5.0
500803,2,P025,1.0,119.11,0.0
500804,1,P017,1.0,86.72,5.0
500804,2,P023,1.0,65.87,10.0
500804,3,P008,1.0,336.6,0.0
500805,1,P051,1.0,147.56,15.0
500805,2,P049,3.0,125.14,20.0
500805,3,P037,3.0,369.29,5.0
500805,4,P020,4.0,341.13,15.0
500805,5,P029,1.0,51.02,10.0
500805,6,P017,1.0,83.71,5.0
500806,1,P049,3.0,133.49,0.0
500806,2,P033,1.0,141.36,15.0
500806,3,P022,1.0,62.44,15.0
500806,4,P018,2.0,73.77,10.0
500807,1,P059,2.0,650.18,15.0
500807,2,P036,2.0,382.71,5.0
500807,3,P054,1.0,295.33,10.0
500807,4,P024,5.0,614.69,0.0
500808,1,P017,4.0,98.13,5.0
500808,2,P023,3.0,68.09,20.0
500808,3,P013,2.0,269.86,20.0
500809,1,P059,1.0,643.18,0.0
500810,1,P049,2.0,116.09,15.0
500811,1,P002,1.0,376.07,20.0
500812,1,P034,1.0,348.91,5.0
500812,2,P019,3.0,471.43,0.0
500812,3,P058,1.0,593.5,15.0
500812,4,P037,5.0,323.29,5.0
500813,1,P038,4.0,184.92,15.0
500813,2,P044,1.0,451.38,15.0
500813,3,P060,3.0,163.44,0.0
500813,4,P050,3.0,444.56,0.0
500814,1,P026,2.0,238.26,0.0
500814,2,P008,1.0,313.85,0.0
500814,3,P041,1.0,604.64,15.0
500814,4,P045,1.0,304.47,
500815,1,P046,2.0,37.71,15.0
500815,2,P033,5.0,172.3,10.0
500815,3,P029,2.0,46.45,0.0
500816,1,P031,2.0,41.92,0.0
500816,2,P030,1.0,321.96,0.0
500817,1,P036,1.0,423.56,10.0
500817,2,P008,5.0,282.02,0.0
500818,1,P028,1.0,266.05,20.0
500819,1,P053,4.0,74.16,0.0
500819,2,P052,3.0,325.66,20.0
500819,3,P036,5.0,465.88,0.0
500819,4,P057,3.0,484.63,10.0
500820,1,P036,2.0,362.96,10.0
500820,2,P024,2.0,521.46,0.0
500820,3,P038,1.0,203.24,0.0
500821,1,P032,1.0,447.04,0.0
500821,2,P059,2.0,518.26,0.0
500821,3,P012,2.0,239.69,0.0
500821,4,P004,1.0,398.13,0.0
500821,5,P042,5.0,410.76,0.0
500822,1,P054,1.0,299.59,0.0
500822,2,P032,3.0,549.24,5.0
500823,1,P046,2.0,41.62,0.0
500823,2,P053,2.0,60.31,0.0
500823,3,P039,1.0,236.93,0.0
500823,4,P013,2.0,284.38,5.0
500823,5,P047,1.0,373.8,20.0
500824,1,P042,3.0,395.8,5.0
500824,2,P034,2.0,381.74,0.0
500825,1,P002,3.0,467.33,5.0
500825,2,P027,1.0,170.86,10.0
500825,3,P048,2.0,660.17,10.0
500825,4,P059,5.0,597.08,5.0
500826,1,P006,2.0,237.09,10.0
500826,2,P054,1.0,317.21,20.0
500826,3,P032,3.0,596.29,15.0
500826,4,P017,2.0,94.24,15.0
500826,5,P038,5.0,221.17,
500826,6,P017,2.0,100.05,15.0
500827,1,P042,1.0,440.75,0.0
500827,2,P042,2.0,464.44,5.0
500827,3,P032,1.0,593.16,5.0
500827,4,P023,4.0,64.32,10.0
500828,1,P002,1.0,403.98,0.0
500828,2,P031,1.0,46.21,0.0
500828,3,P047,4.0,421.72,15.0
500828,4,P043,1.0,369.67,10.0
500828,5,P022,1.0,61.16,10.0
500829,1,P038,1.0,218.78,15.0
500829,2,P039,1.0,229.87,0.0
500829,3,P002,3.0,438.25,0.0
500829,4,P032,1.0,483.03,15.0
500829,5,P032,1.0,475.91,20.0
500830,1,P028,5.0,267.12,0.0
500830,2,P048,3.0,587.11,20.0
500830,3,P049,1.0,105.67,10.0
500830,4,P034,4.0,317.02,10.0
500831,1,P039,5.0,203.93,0.0
500832,1,P011,2.0,520.81,0.0
500832,2,P020,3.0,360.12,0.0
500832,3,P055,1.0,426.39,0.0
500833,1,P021,1.0,178.26,5.0
500833,2,P060,2.0,149.9,0.0
500833,3,P025,5.0,114.13,0.0
500834,1,P041,1.0,563.63,15.0
500834,2,P057,4.0,380.88,15.0
500835,1,P028,2.0,266.59,0.0
500835,2,P015,1.0,502.55,0.0
500835,3,P019,5.0,438.9,15.0
500836,1,P043,2.0,317.69,0.0
500837,1,P010,1.0,106.62,20.0
500837,2,P059,2.0,538.55,0.0
500837,3,P046,2.0,46.54,0.0
500837,4,P005,5.0,175.53,20.0
500838,1,P056,1.0,224.99,0.0
500838,2,P054,1.0,264.66,0.0
500838,3,P011,5.0,466.19,10.0
500838,4,P026,4.0,189.0,20.0
500838,5,P028,1.0,210.7,10.0
500838,6,P027,4.0,147.99,15.0
500839,1,P027,5.0,160.29,0.0
500839,2,P051,4.0,116.88,5.0
500840,1,P020,2.0,364.34,10.0
500841,1,P017,1.0,92.54,15.0
500841,2,P023,1.0,58.03,20.0
500841,3,P025,2.0,130.8,0.0
500841,4,P048,3.0,663.38,0.0
500841,5,P060,1.0,140.35,20.0
500842,1,P049,2.0,116.35,0.0
500842,2,P024,4.0,614.18,20.0
500842,3,P013,4.0,251.55,0.0
500843,1,P035,1.0,652.46,15.0
500843,2,P045,1.0,331.17,0.0
500843,3,P034,1.0,337.91,15.0
500843,4,P017,1.0,100.34,0.0
500843,5,P021,3.0,185.42,0.0
500843,6,P032,2.0,534.44,0.0
500844,1,P051,2.0,124.61,0.0
500844,2,P005,3.0,161.45,20.0
500844,3,P006,5.0,231.01,0.0
500845,1,P011,1.0,450.14,0.0
500845,2,P009,3.0,630.49,10.0
500846,1,P021,2.0,208.96,15.0
500846,2,P008,4.0,332.77,5.0
500846,3,P001,2.0,20.64,0.0
500846,4,P038,2.0,237.09,5.0
500846,5,P058,1.0,510.25,15.0
500847,1,P009,1.0,569.53,0.0
500847,2,P052,4.0,385.67,0.0
500847,3,P037,1.0,300.03,15.0
500847,4,P053,2.0,77.26,5.0
500848,1,P051,2.0,136.2,0.0
500848,2,P033,1.0,148.67,0.0
500849,1,P007,2.0,446.14,0.0
500849,2,P002,5.0,473.94,0.0
500849,3,P015,1.0,477.27,0.0
500849,4,P008,1.0,371.07,0.0
500849,5,P054,3.0,295.29,5.0
500850,1,P023,5.0,64.17,15.0
500850,2,P004,1.0,390.29,10.0
500851,1,P049,1.0,134.12,0.0
500851,2,P017,1.0,87.06,0.0
500851,3,P025,1.0,139.92,15.0
500851,4,P024,4.0,600.66,15.0
500851,5,P022,4.0,61.74,0.0
500851,6,P013,2.0,252.91,15.0
500852,1,P036,2.0,454.7,0.0
500852,2,P026,1.0,220.26,10.0
500853,1,P005,2.0,156.58,15.0
500854,1,P052,2.0,339.03,10.0
500854,2,P015,1.0,483.12,0.0
500854,3,P017,1.0,92.9,20.0
500854,4,P051,1.0,127.52,0.0
500854,5,P045,1.0,325.13,0.0
500854,6,P058,4.0,562.64,5.0
500855,1,P048,4.0,606.53,0.0
500856,1,P053,3.0,64.26,0.0
500856,2,P051,1.0,139.81,15.0
500856,3,P040,3.0,393.79,10.0
500856,4,P037,1.0,388.93,15.0
500856,5,P026,2.0,221.02,20.0
500856,6,P058,2.0,551.54,20.0
500857,1,P038,1.0,245.0,0.0
500857,2,P002,2.0,445.16,15.0
500857,3,P040,5.0,478.37,20.0
500857,4,P037,2.0,377.05,5.0
500857,5,P054,2.0,331.25,5.0
500858,1,P033,5.0,155.86,0.0
500858,2,P043,4.0,355.52,0.0
500859,1,P020,2.0,388.39,15.0
500859,2,P039,1.0,196.67,20.0
500859,3,P023,1.0,58.72,20.0
500859,4,P041,4.0,726.58,15.0
500859,5,P044,1.0,439.64,15.0
500860,1,P021,1.0,155.25,5.0
500860,2,P024,2.0,633.53,0.0
500860,3,P021,2.0,170.24,0.0
500860,4,P026,2.0,196.56,20.0
500860,5,P051,1.0,114.67,15.0
500860,6,P057,2.0,490.81,0.0
500861,1,P057,2.0,489.53,0.0
500861,2,P026,4.0,243.7,0.0
500861,3,P001,5.0,21.86,15.0
500862,1,P001,2.0,19.12,0.0
500862,2,P015,1.0,447.03,10.0
500862,3,P024,2.0,525.45,0.0
500863,1,P002,1.0,451.19,10.0
500864,1,P017,3.0,100.53,5.0
500864,2,P012,1.0,272.45,0.0
500864,3,P024,4.0,641.7,20.0
500865,1,P049,4.0,126.92,0.0
500865,2,P030,1.0,327.34,0.0
500865,3,P012,1.0,257.32,0.0
500865,4,P049,2.0,100.48,5.0
500866,1,P026,2.0,194.47,0.0
500866,2,P033,1.0,154.88,10.0
500866,3,P026,1.0,242.33,0.0
500867,1,P025,3.0,114.59,0.0
500867,2,P044,2.0,434.2,5.0
500868,1,P004,1.0,305.86,20.0
500868,2,P043,1.0,343.9,10.0
500868,3,P009,3.0,579.05,10.0
500869,1,P054,2.0,331.71,20.0
500869,2,P056,1.0,221.34,15.0
500869,3,P052,2.0,299.06,5.0
500869,4,P030,2.0,319.67,20.0
500870,1,P040,3.0,436.33,15.0
500870,2,P013,1.0,266.2,10.0
500870,3,P018,1.0,76.66,0.0
500871,1,P033,4.0,160.94,0.0
500871,2,P050,4.0,473.0,15.0
500871,3,P037,1.0,322.09,0.0
500871,4,P038,3.0,215.57,0.0
500871,5,P001,3.0,18.85,0.0
500872,1,P043,2.0,388.35,0.0
500872,2,P001,2.0,18.79,10.0
500872,3,P044,1.0,539.02,15.0
500872,4,P057,4.0,489.23,20.0
500872,5,P009,4.0,605.56,20.0
500873,1,P999,2.0,81.65,10.0
500873,2,P010,4.0,102.11,15.0
500873,3,P026,2.0,239.63,0.0
500873,4,P025,3.0,124.27,20.0
500874,1,P005,1.0,162.72,0.0
500874,2,P015,2.0,400.58,0.0
500874,3,P043,2.0,395.7,10.0
500874,4,P010,2.0,98.51,15.0
500875,1,P008,2.0,327.81,20.0
500875,2,P037,3.0,332.28,20.0
500875,3,P008,3.0,351.62,15.0
500876,1,P051,4.0,117.73,15.0
500876,2,P004,1.0,349.51,0.0
500877,1,P026,2.0,181.61,0.0
500877,2,P044,5.0,510.24,15.0
500877,3,P051,2.0,134.79,5.0
500877,4,P038,1.0,186.87,20.0
500877,5,P011,1.0,439.11,20.0
500877,6,P052,1.0,308.23,10.0
500878,1,P003,3.0,395.7,0.0
500878,2,P021,4.0,193.5,5.0
500878,3,P057,2.0,424.39,10.0
500878,4,P008,2.0,312.62,5.0
500879,1,P050,1.0,398.27,0.0
500879,2,P001,3.0,19.89,0.0
500879,3,P044,4.0,474.9,0.0
500880,1,P015,1.0,398.99,20.0
500880,2,P047,5.0,399.35,0.0
500880,3,P006,2.0,260.62,5.0
500880,4,P008,1.0,338.29,5.0
500880,5,P040,5.0,460.43,0.0
500880,6,P022,5.0,64.01,20.0
500881,1,P037,3.0,383.87,0.0
500881,2,P041,1.0,552.68,20.0
500881,3,P056,4.0,227.27,20.0
500881,4,P035,4.0,554.6,10.0
500882,1,P057,3.0,497.04,5.0
500882,2,P056,3.0,231.02,0.0
500883,1,P023,2.0,57.08,15.0
500884,1,P027,1.0,159.99,20.0
500885,1,P015,1.0,384.22,5.0
500885,2,P051,3.0,122.21,10.0
500885,3,P042,1.0,380.62,0.0
500885,4,P008,1.0,320.64,0.0
500885,5,P056,3.0,245.54,0.0
500886,1,P999,1.0,443.68,15.0
500886,2,P014,1.0,412.5,0.0
500886,3,P002,1.0,448.11,0.0
500886,4,P032,4.0,450.57,0.0
500886,5,P048,5.0,659.77,20.0
500886,6,P038,4.0,224.91,15.0
500887,1,P001,1.0,22.37,5.0
500888,1,P009,4.0,616.0,0.0
500888,2,P055,2.0,537.85,10.0
500888,3,P006,1.0,252.25,0.0
500889,1,P056,2.0,238.9,0.0
500889,2,P035,1.0,555.99,20.0
500889,3,P045,3.0,321.9,0.0
500889,4,P019,1.0,431.85,0.0
500890,1,P017,4.0,100.95,0.0
500891,1,P039,3.0,217.7,0.0
500891,2,P024,1.0,595.38,0.0
500892,1,P058,5.0,448.02,5.0
500892,2,P060,1.0,160.15,10.0
500892,3,P016,4.0,629.5,5.0
500892,4,P045,1.0,303.53,15.0
500892,5,P028,1.0,233.39,0.0
500892,6,P041,3.0,659.14,0.0
500893,1,P057,4.0,371.65,10.0
500893,2,P002,4.0,408.5,15.0
500893,3,P017,1.0,78.4,5.0
500893,4,P030,4.0,376.5 CHF,0.0
500894,1,P055,2.0,543.78,0.0
500895,1,P017,1.0,100.36,5.0
500896,1,P012,1.0,228.35,20.0
500896,2,P016,4.0,624.16,0.0
500896,3,P037,2.0,387.61,0.0
500896,4,P016,4.0,656.97,5.0
500897,1,P041,4.0,695.57,0.0
500897,2,P036,1.0,471.85,15.0
500897,3,P035,5.0,526.17,0.0
500898,1,P002,4.0,415.08,5.0
500898,2,P002,5.0,434.34,0.0
500898,3,P010,3.0,100.96,5.0
500899,1,P016,3.0,732.63,0.0
500899,2,P032,5.0,504.83,0.0
500899,3,P023,2.0,62.53,5.0
500900,1,P004,2.0,330.13,0.0
500900,2,P049,1.0,120.8,20.0
500901,1,P017,2.0,79.26,0.0
500901,2,P034,3.0,316.23,0.0
500901,3,P050,4.0,472.6,0.0
500901,4,P048,2.0,688.34,5.0
500901,5,P012,2.0,237.78,10.0
500901,6,P042,1.0,462.91,0.0
500902,1,P054,2.0,303.07,15.0
500902,2,P030,2.0,363.24,0.0
500903,1,P034,1.0,398.58,20.0
500903,2,P036,2.0,390.72,0.0
500903,3,P030,5.0,333.81,15.0
500903,4,P035,2.0,551.04,20.0
500904,1,P060,2.0,171.09,15.0
500904,2,P031,3.0,42.01,0.0
500905,1,P022,2.0,62.99,10.0
500905,2,P009,1.0,634.56,0.0
500905,3,P060,2.0,141.49,10.0
500905,4,P020,2.0,344.11,20.0
500906,1,P050,4.0,504.74,0.0
500906,2,P002,2.0,470.5,20.0
500907,1,P011,1.0,499.95,5.0
500908,1,P009,3.0,663.7,0.0
500908,2,P059,1.0,598.21,20.0
500908,3,P053,2.0,70.06,10.0
500908,4,P045,1.0,341.61,10.0
500908,5,P038,1.0,214.58,15.0
500909,1,P005,1.0,155.88,0.0
500909,2,P017,1.0,94.65,0.0
500909,3,P022,1.0,62.23,5.0
500909,4,P039,1.0,229.6,0.0
500909,5,P041,2.0,655.76,20.0
500909,6,P048,1.0,650.34,0.0
500910,1,P046,1.0,42.94,20.0
500910,2,P036,1.0,424.62,5.0
500910,3,P057,3.0,445.38,20.0
500910,4,P043,2.0,377.15,0.0
500911,1,P060,2.0,160.26,5.0
500912,1,P024,4.0,519.52,20.0
500912,2,P010,4.0,80.32,0.0
500912,3,P058,3.0,524.41,0.0
500912,4,P030,1.0,373.24,5.0
500912,5,P029,3.0,55.49,10.0
500913,1,P028,1.0,237.61,15.0
500913,2,P048,1.0,626.01,0.0
500913,3,P033,3.0,167.75,5.0
500913,4,P003,1.0,414.14,0.0
500914,1,P054,5.0,296.14,0.0
500915,1,P049,5.0,104.63,5.0
500915,2,P054,2.0,258.1,5.0
500915,3,P016,5.0,697.19,20.0
500915,4,P021,2.0,204.08,20.0
500915,5,P012,2.0,297.6,0.0
500915,6,P060,4.0,173.75,0.0
500916,1,P035,4.0,502.83,20.0
500917,1,P009,2.0,709.63,10.0
500917,2,P002,1.0,449.87,15.0
500917,3,P003,3.0,417.83,15.0
500917,4,P058,5.0,577.87,0.0
500918,1,P017,5.0,99.79,0.0
500918,2,P035,1.0,657.5,0.0
500918,3,P001,1.0,17.42,0.0
500918,4,P049,4.0,110.44,20.0
500918,5,P058,1.0,488.87,15.0
500918,6,P024,1.0,563.04,20.0
500919,1,P056,1.0,244.1,20.0
500920,1,P019,2.0,403.63,0.0
500920,2,P039,1.0,221.17,5.0
500920,3,P023,2.0,52.86,0.0
500920,4,P039,4.0,201.81,20.0
500920,5,P048,4.0,623.43,20.0
500921,1,P020,1.0,382.53,10.0
500921,2,P029,2.0,56.84,15.0
500921,3,P043,1.0,337.85,5.0
500922,1,P005,2.0,170.92,20.0
500922,2,P047,3.0,350.87,5.0
500923,1,P008,1.0,337.05,10.0
500923,2,P047,2.0,331.29,10.0
500923,3,P034,5.0,362.43,10.0
500924,1,P050,1.0,513.03,10.0
500924,2,P025,1.0,111.84,10.0
500925,1,P012,5.0,241.84,0.0
500925,2,P036,1.0,370.17,20.0
500925,3,P024,2.0,661.62,15.0
500925,4,P032,1.0,546.5,0.0
500925,5,P027,4.0,161.82,0.0
500926,1,P018,5.0,64.94,0.0
500926,2,P044,1.0,413.86,0.0
500927,1,P002,4.0,416.24,5.0
500927,2,P035,1.0,529.22,0.0
500927,3,P017,1.0,97.7,0.0
500927,4,P009,2.0,686.28,5.0
500927,5,P036,3.0,407.64,5.0
500927,6,P022,1.0,50.94,0.0
500928,1,P041,2.0,674.07,5.0
500928,2,P021,4.0,169.44,0.0
500928,3,P055,2.0,489.86,15.0
500928,4,P047,3.0,321.27,10.0
500928,5,P058,3.0,548.87,20.0
500928,6,P007,4.0,382.44,0.0
500929,1,P044,5.0,436.86,5.0
500929,2,P060,5.0,160.55,0.0
500930,1,P003,2.0,356.78,0.0
500930,2,P006,1.0,237.4,20.0
500930,3,P032,3.0,458.6,15.0
500930,4,P002,5.0,455.67,5.0
500930,5,P024,1.0,531.69,15.0
500931,1,P028,2.0,261.34,0.0
500931,2,P018,2.0,62.85,0.0
500931,3,P026,2.0,216.67,10.0
500931,4,P038,1.0,206.33,5.0
500931,5,P007,5.0,392.64,20.0
500932,1,P050,1.0,462.34,0.0
500932,2,P015,3.0,384.68,5.0
500932,3,P055,2.0,516.95,0.0
500932,4,P043,2.0,399.9,0.0
500933,1,P011,1.0,468.24,5.0
500933,2,P057,4.0,406.73,0.0
500933,3,P014,4.0,442.5,5.0
500933,4,P003,2.0,421.27,5.0
500934,1,P022,2.0,55.71,5.0
500934,2,P022,3.0,61.11,0.0
500934,3,P017,2.0,95.74,10.0
500935,1,P047,2.0,345.92,5.0
500935,2,P010,1.0,100.94,0.0
500935,3,P040,3.0,402.68,0.0
500935,4,P058,5.0,551.89,10.0
500935,5,P007,1.0,404.88,10.0
500936,1,P059,1.0,545.36,0.0
500936,2,P047,3.0,340.23,5.0
500936,3,P053,1.0,68.83,15.0
500936,4,P054,3.0,300.31,5.0
500936,5,P004,5.0,350.61,10.0
500936,6,P032,1.0,446.56,0.0
500937,1,P056,1.0,250.66,20.0
500937,2,P044,2.0,482.86,10.0
500937,3,P049,5.0,126.84,5.0
500937,4,P057,2.0,414.87,5.0
500937,5,P044,4.0,492.76,0.0
500937,6,P048,1.0,635.79,5.0
500938,1,P005,2.0,145.53,0.0
500938,2,P012,5.0,231.17,0.0
500938,3,P029,2.0,51.56,15.0
500938,4,P035,2.0,620.81,0.0
500939,1,P046,2.0,37.81,10.0
500939,2,P049,5.0,115.38,0.0
500939,3,P028,1.0,236.2,0.0
500939,4,P037,4.0,346.12,0.0
500940,1,P051,1.0,115.97,10.0
500940,2,P042,4.0,404.14,5.0
500940,3,P029,4.0,53.56,0.0
500940,4,P002,5.0,470.94,0.0
500940,5,P060,3.0,149.45,0.0
500941,1,P024,5.0,591.43,0.0
500941,2,P043,2.0,337.52,15.0
500941,3,P018,4.0,67.35,20.0
500942,1,P003,2.0,363.6,5.0
500942,2,P056,1.0,206.34,15.0
500942,3,P040,1.0,463.69,20.0
500943,1,P011,4.0,501.3,10.0
500943,2,P036,5.0,368.89,20.0
500943,3,P020,1.0,344.86,10.0
500944,1,P020,3.0,327.12,0.0
500945,1,P021,1.0,160.68,5.0
500945,2,P037,3.0,393.95,5.0
500945,3,P054,5.0,277.04,0.0
500945,4,P027,1.0,129.87,15.0
500945,5,P038,3.0,243.3,0.0
500946,1,P047,4.0,352.96,10.0
500946,2,P019,3.0,415.8,5.0
500946,3,P002,4.0,378.91,0.0
500946,4,P040,1.0,427.25,0.0
500947,1,P018,1.0,64.63,20.0
500947,2,P030,1.0,346.91,0.0
500947,3,P030,1.0,367.75,20.0
500948,1,P010,4.0,89.95,15.0
500948,2,P033,2.0,163.49,0.0
500948,3,P043,1.0,378.58,0.0
500949,1,P057,1.0,394.44,15.0
500949,2,P038,2.0,196.3,20.0
500950,1,P028,1.0,198.93,0.0
500950,2,P035,5.0,519.12,10.0
500950,3,P011,1.0,433.31,20.0
500950,4,P008,2.0,291.11,10.0
500950,5,P057,5.0,382.22,0.0
500950,6,P054,2.0,259.85,20.0
500951,1,P050,2.0,404.53,10.0
500951,2,P013,2.0,292.22,15.0
500952,1,P037,2.0,388.33,0.0
500953,1,P013,3.0,251.15,5.0
500954,1,P055,1.0,547.78,15.0
500954,2,P003,1.0,365.51,20.0
500954,3,P050,2.0,415.02,15.0
500955,1,P002,4.0,475.58,20.0
500955,2,P008,4.0,364.77,0.0
500955,3,P014,5.0,511.45,10.0
500955,4,P037,1.0,369.99,0.0
500955,5,P035,1.0,489.51,10.0
500955,6,P042,4.0,382.41,5.0
500956,1,P050,1.0,416.68,15.0
500956,2,P050,1.0,410.43,20.0
500956,3,P010,1.0,99.7,15.0
500957,1,P039,1.0,245.2,20.0
500957,2,P037,4.0,343.62,15.0
500957,3,P060,3.0,148.61,15.0
500958,1,P032,2.0,446.65,0.0
500958,2,P043,5.0,351.91,20.0
500959,1,P015,2.0,451.5,0.0
500960,1,P050,1.0,422.01,0.0
500960,2,P023,3.0,56.98,0.0
500960,3,P047,2.0,370.24,0.0
500961,1,P039,5.0,220.83,20.0
500961,2,P046,4.0,38.81,0.0
500962,1,P041,3.0,619.16,5.0
500963,1,P055,2.0,453.14,15.0
500963,2,P020,5.0,372.02,0.0
500963,3,P020,1.0,348.97,5.0
500963,4,P054,2.0,300.65,10.0
500963,5,P046,2.0,37.7,0.0
500963,6,P027,1.0,134.33,0.0
500964,1,P013,2.0,244.25,5.0
500964,2,P017,2.0,96.49,15.0
500965,1,P035,1.0,639.6,15.0
500965,2,P022,5.0,59.9,15.0
500965,3,P010,2.0,97.22,0.0
500966,1,P001,2.0,18.1,15.0
500966,2,P023,1.0,53.83,10.0
500966,3,P025,1.0,133.57,10.0
500966,4,P018,4.0,78.0,15.0
500967,1,P001,5.0,21.67,5.0
500967,2,P056,4.0,206.49,5.0
500967,3,P033,4.0,178.61,20.0
500967,4,P040,2.0,405.83,0.0
500967,5,P011,1.0,387.27,0.0
500967,6,P050,2.0,476.17,10.0
500968,1,P050,2.0,463.06,0.0
500969,1,P052,3.0,310.08,15.0
500969,2,P009,4.0,684.63,10.0
500969,3,P035,2.0,513.4,0.0
500969,4,P001,2.0,19.6,0.0
500970,1,P048,3.0,668.25,0.0
500970,2,P032,3.0,492.73,0.0
500970,3,P011,1.0,395.59,10.0
500970,4,P017,1.0,78.9,5.0
500970,5,P005,1.0,165.4,0.0
500971,1,P026,2.0,225.21,15.0
500971,2,P001,1.0,22.16,10.0
500971,3,P059,3.0,599.4,15.0
500971,4,P058,1.0,478.0,5.0
500972,1,P056,2.0,247.87,5.0
500972,2,P006,2.0,255.28,0.0
500972,3,P025,1.0,122.3,0.0
500972,4,P042,3.0,372.12,5.0
500972,5,P002,2.0,374.9,15.0
500972,6,P007,1.0,374.41,0.0
500973,1,P038,1.0,186.3,0.0
500973,2,P012,5.0,265.66,0.0
500973,3,P025,2.0,115.01,0.0
500973,4,P023,2.0,58.63,5.0
500974,1,P011,1.0,404.56,0.0
500974,2,P042,5.0,425.02,10.0
500974,3,P035,5.0,594.69,5.0
500974,4,P027,1.0,136.62,0.0
500974,5,P055,2.0,563.06,0.0
500975,1,P055,2.0,460.04,20.0
500975,2,P038,4.0,246.07,20.0
500975,3,P014,1.0,402.33,0.0
500975,4,P002,2.0,416.76,0.0
500975,5,P009,5.0,630.34,0.0
500975,6,P044,5.0,522.55,5.0
500976,1,P023,5.0,56.97,5.0
500977,1,P039,4.0,193.34,20.0
500977,2,P033,5.0,157.03,10.0
500977,3,P024,1.0,562.77,10.0
500977,4,P055,3.0,476.2,5.0
500977,5,P020,1.0,347.44,0.0
500977,6,P033,2.0,138.68,0.0
500978,1,P021,1.0,208.21,15.0
500978,2,P038,2.0,188.68,15.0
500978,3,P047,5.0,355.38,0.0
500979,1,P008,1.0,363.43,5.0
500979,2,P028,2.0,209.08,20.0
500979,3,P003,1.0,443.25,5.0
500980,1,P034,2.0,345.74,0.0
500980,2,P050,1.0,394.51,15.0
500980,3,P033,2.0,136.38,20.0
500980,4,P009,2.0,556.28,0.0
500980,5,P003,4.0,398.36,20.0
500980,6,P002,1.0,432.23,0.0
500981,1,P030,1.0,375.44,15.0
500981,2,P045,1.0,315.09,15.0
500981,3,P017,1.0,87.96,5.0
500982,1,P008,3.0,364.68,10.0
500982,2,P016,5.0,598.41,5.0
500982,3,P041,3.0,667.58,0.0
500982,4,P034,2.0,347.09,0.0
500983,1,P025,1.0,124.63,15.0
500984,1,P018,1.0,76.37,5.0
500984,2,P020,1.0,342.93,0.0
500985,1,P027,4.0,151.59,5.0
500985,2,P021,1.0,176.06,0.0
500986,1,P049,3.0,133.33,0.0
500987,1,P019,1.0,443.2,10.0
500988,1,P045,1.0,267.43,15.0
500988,2,P048,1.0,645.16,10.0
500988,3,P032,2.0,475.41,0.0
500988,4,P022,2.0,54.01,0.0
500989,1,P002,1.0,361.36,15.0
500989,2,P013,1.0,283.54,0.0
500989,3,P042,1.0,438.82,0.0
500989,4,P053,2.0,60.3,20.0
500989,5,P052,2.0,392.56,20.0
500989,6,P011,1.0,491.58,0.0
500990,1,P009,1.0,634.25,5.0
500990,2,P033,1.0,133.67,
500990,3,P001,1.0,17.62,15.0
500990,4,P052,4.0,350.73,0.0
500991,1,P041,2.0,691.35,10.0
500991,2,P016,2.0,715.46,20.0
500992,1,P025,2.0,119.12,5.0
500992,2,P022,2.0,56.19,10.0
500992,3,P048,4.0,686.29,5.0
500993,1,P004,2.0,393.93,15.0
500993,2,P016,1.0,610.97,0.0
500994,1,P018,1.0,61.73,5.0
500995,1,P057,1.0,430.64,5.0
500996,1,P013,1.0,269.52,0.0
500996,2,P035,1.0,550.13,0.0
500996,3,P027,4.0,145.27,15.0
500997,1,P014,5.0,432.71,15.0
500997,2,P027,1.0,170.58,15.0
500997,3,P042,4.0,401.28,0.0
500997,4,P020,2.0,429.29,20.0
500997,5,P048,2.0,612.38,20.0
500997,6,P018,2.0,72.08,0.0
500998,1,P053,2.0,59.09,0.0
500998,2,P023,2.0,66.71,0.0
500998,3,P016,3.0,658.89,20.0
500998,4,P018,5.0,67.01,10.0
500998,5,P019,1.0,421.72,0.0
500999,1,P060,5.0,135.77,0.0
500999,2,P060,2.0,146.12,0.0
500999,3,P027,5.0,135.14,0.0
501000,1,P032,1.0,597.64,15.0
501001,1,P004,5.0,314.33,0.0
501001,2,P044,1.0,430.23,0.0
501001,3,P018,,72.97,0.0
501001,4,P010,1.0,83.28,0.0
501001,5,P035,2.0,603.69,0.0
501001,6,P035,2.0,626.01,10.0
501002,1,P052,5.0,338.1,10.0
501003,1,P059,1.0,604.3,0.0
501003,2,P003,,421.05,20.0
501003,3,P034,1.0,401.52,5.0
501003,4,P006,5.0,272.48,0.0
501003,5,P043,2.0,330.05,10.0
501003,6,P029,1.0,43.21,0.0
501004,1,P046,5.0,38.86,0.0
501004,2,P038,1.0,223.31,20.0
501004,3,P020,5.0,410.37,0.0
501004,4,P054,2.0,284.95,20.0
501004,5,P026,2.0,208.27,0.0
501005,1,P021,4.0,194.62,0.0
501005,2,P001,1.0,20.47,15.0
501005,3,P045,2.0,291.45,0.0
501005,4,P054,2.0,280.13,0.0
501005,5,P050,5.0,464.75,5.0
501005,6,P015,5.0,425.48,0.0
501006,1,P039,4.0,209.26,10.0
501006,2,P037,2.0,385.59,0.0
501007,1,P011,4.0,395.59,0.0
501007,2,P045,4.0,296.04,10.0
501007,3,P044,4.0,477.57,15.0
501007,4,P001,2.0,22.09,5.0
501007,5,P053,3.0,73.18,0.0
501008,1,P030,3.0,389.41,5.0
501008,2,P046,1.0,38.88,5.0
501008,3,P043,2.0,418.64,10.0
501008,4,P017,2.0,82.66,20.0
501008,5,P009,4.0,638.96,0.0
501008,6,P028,1.0,224.93,10.0
501009,1,P059,5.0,650.67,10.0
501010,1,P019,2.0,511.88,15.0
501010,2,P012,2.0,287.18,20.0
501010,3,P036,3.0,465.11,10.0
501010,4,P010,2.0,102.17,0.0
501010,5,P016,1.0,583.49,10.0
501011,1,P055,5.0,542.11,0.0
501012,1,P050,1.0,393.07,0.0
501012,2,P037,1.0,341.34,0.0
501012,3,P013,1.0,258.92,15.0
501013,1,P040,2.0,400.46,15.0
501013,2,P040,3.0,432.51,10.0
501013,3,P047,2.0,392.37,15.0
501013,4,P043,1.0,312.79,5.0
501014,1,P053,1.0,76.89,0.0
501014,2,P059,1.0,560.69,15.0
501014,3,P034,1.0,401.8,0.0
501014,4,P011,5.0,404.41,10.0
501014,5,P048,1.0,654.69,15.0
501015,1,P032,2.0,506.88,20.0
501015,2,P049,5.0,101.36,0.0
501015,3,P024,2.0,608.17,0.0
501015,4,P014,3.0,435.21,0.0
501016,1,P044,1.0,518.6,0.0
501016,2,P048,3.0,698.32,20.0
501016,3,P036,1.0,407.69,20.0
501016,4,P018,1.0,71.2,10.0
501016,5,P023,1.0,67.84,0.0
501017,1,P016,5.0,685.98,0.0
501017,2,P055,2.0,420.24,0.0
501017,3,P057,3.0,413.23,10.0
501017,4,P022,5.0,52.06,5.0
501017,5,P057,5.0,414.86,0.0
501017,6,P047,5.0,381.92,20.0
501018,1,P058,2.0,454.36,15.0
501018,2,P022,3.0,59.61,15.0
501018,3,P007,3.0,394.0,20.0
501018,4,P010,4.0,83.69,0.0
501019,1,P045,1.0,264.98,10.0
501019,2,P012,2.0,276.93,0.0
501019,3,P019,2.0,496.96,20.0
501020,1,P002,1.0,369.15,5.0
501021,1,P027,1.0,147.53,15.0
501021,2,P035,5.0,622.42,20.0
501021,3,P010,1.0,82.37,0.0
501021,4,P009,5.0,610.06,5.0
501021,5,P020,1.0,409.91,15.0
501021,6,P037,1.0,333.51,0.0
501022,1,P024,1.0,594.42,20.0
501022,2,P015,3.0,437.13,0.0
501022,3,P039,2.0,245.76,0.0
501022,4,P050,3.0,465.56,10.0
501023,1,P056,2.0,221.95,15.0
501023,2,P011,1.0,464.06,0.0
501023,3,P054,2.0,266.11,20.0
501023,4,P034,2.0,364.95,20.0
501023,5,P021,2.0,160.36,5.0
501023,6,P059,5.0,579.55,5.0
501024,1,P052,5.0,303.8,0.0
501024,2,P032,1.0,530.73,0.0
501024,3,P011,1.0,435.37,20.0
501025,1,P055,1.0,426.05,20.0
501026,1,P058,1.0,567.76,10.0
501027,1,P034,3.0,389.42,0.0
501027,2,P019,5.0,494.37,20.0
501028,1,P056,5.0,242.48,0.0
501028,2,P030,2.0,298.81,5.0
501028,3,P005,4.0,172.67,15.0
501028,4,P003,1.0,432.94,10.0
501029,1,P001,2.0,20.86,5.0
501029,2,P002,1.0,437.95,5.0
501029,3,P018,1.0,76.56,10.0
501030,1,P060,4.0,134.35,20.0
501030,2,P053,4.0,61.67,0.0
501030,3,P002,1.0,418.04,5.0
501030,4,P003,3.0,346.34,0.0
501031,1,P028,2.0,220.28,0.0
501031,2,P028,1.0,209.33,0.0
501032,1,P005,4.0,156.44,0.0
501032,2,P016,1.0,632.52,0.0
501032,3,P023,5.0,59.56,0.0
501033,1,P025,1.0,126.96,0.0
501033,2,P052,2.0,372.55,0.0
501033,3,P031,1.0,45.64,0.0
501033,4,P059,1.0,640.13,0.0
501033,5,P038,2.0,226.83,20.0
501034,1,P029,5.0,45.14,0.0
501035,1,P024,1.0,619.57,20.0
501035,2,P040,1.0,406.97,10.0
501035,3,P021,2.0,205.33,0.0
501035,4,P029,4.0,44.99,15.0
501036,1,P046,2.0,37.54,15.0
501036,2,P003,1.0,374.06,20.0
501036,3,P029,1.0,46.73,0.0
501037,1,P025,1.0,137.06,10.0
501037,2,P059,2.0,637.58,0.0
501037,3,P024,2.0,573.55,0.0
501037,4,P002,3.0,462.2,0.0
501038,1,P060,1.0,160.68,5.0
501038,2,P036,3.0,422.63,20.0
501038,3,P060,2.0,155.98,15.0
501038,4,P040,1.0,397.76,0.0
501038,5,P041,3.0,636.32,10.0
501038,6,P002,3.0,471.37,0.0
501039,1,P004,4.0,319.83,0.0
501039,2,P015,3.0,495.41,20.0
501039,3,P020,5.0,336.24,10.0
501039,4,P044,3.0,434.75,10.0
501039,5,P020,4.0,371.58,0.0
501039,6,P054,2.0,330.24,0.0
501040,1,P040,2.0,469.74,15.0
501040,2,P056,2.0,240.7,0.0
501041,1,P001,2.0,22.49,15.0
501041,2,P001,1.0,17.6,0.0
501041,3,P022,2.0,58.04,10.0
501041,4,P015,1.0,391.53,0.0
501042,1,P050,2.0,445.7,20.0
501043,1,P006,2.0,282.23,0.0
501044,1,P033,2.0,150.57,10.0
501044,2,P052,5.0,401.2,5.0
501044,3,P059,2.0,691.39,0.0
501045,1,P037,2.0,395.93,0.0
501046,1,P041,5.0,661.77,20.0
501046,2,P029,2.0,42.94,5.0
501046,3,P059,1.0,625.24,0.0
501047,1,P040,1.0,375.44,0.0
501047,2,P001,4.0,18.05,15.0
501047,3,P019,5.0,530.79,0.0
501047,4,P023,2.0,65.8,20.0
501048,1,P059,5.0,688.53,0.0
501048,2,P006,2.0,265.49,15.0
501048,3,P031,4.0,43.97,0.0
501048,4,P041,4.0,742.17,5.0
501048,5,P040,2.0,466.13,0.0
501048,6,P030,4.0,363.35,15.0
501049,1,P021,5.0,195.4,0.0
501050,1,P040,1.0,416.06,15.0
501050,2,P040,2.0,480.62,10.0
501050,3,P030,1.0,352.15,0.0
501050,4,P038,5.0,227.71,5.0
501051,1,P019,5.0,464.51,10.0
501051,2,P030,4.0,319.94,15.0
501052,1,P056,1.0,242.99,15.0
501052,2,P017,3.0,94.46,10.0
501052,3,P049,3.0,101.78,15.0
501052,4,P049,1.0,123.06,20.0
501052,5,P003,2.0,452.1,10.0
501053,1,P035,1.0,645.62,5.0
501053,2,P008,3.0,284.64,15.0
501053,3,P052,2.0,394.29,5.0
501053,4,P040,1.0,420.74,15.0
501054,1,P038,2.0,188.98,20.0
501054,2,P033,1.0,178.56,0.0
501054,3,P018,5.0,72.44,10.0
501055,1,P012,4.0,236.08,5.0
501055,2,P060,4.0,140.6,0.0
501055,3,P028,5.0,267.22,0.0
501056,1,P029,3.0,49.02,5.0
501056,2,P025,2.0,133.48,0.0
501056,3,P055,3.0,539.94,0.0
501056,4,P013,1.0,266.06,0.0
501056,5,P051,2.0,143.54,5.0
501056,6,P044,1.0,517.15,0.0
501057,1,P036,1.0,434.16,0.0
501057,2,P010,1.0,88.15,0.0
501058,1,P054,1.0,302.57,0.0
501058,2,P007,2.0,429.53,0.0
501058,3,P060,1.0,164.79,10.0
501058,4,P021,4.0,162.58,5.0
501058,5,P038,2.0,196.49,15.0
501058,6,P043,2.0,391.15,20.0
501059,1,P004,1.0,380.87,5.0
501060,1,P012,2.0,254.12,0.0
501061,1,P009,1.0,601.76,20.0
501061,2,P031,1.0,42.76,20.0
501061,3,P007,2.0,344.14,15.0
501061,4,P013,1.0,253.54,5.0
501061,5,P054,4.0,310.68,0.0
501062,1,P023,3.0,53.83,5.0
501062,2,P050,5.0,485.95,10.0
501063,1,P007,1.0,379.71,20.0
501063,2,P029,2.0,49.36,10.0
501064,1,P032,1.0,457.07,0.0
501064,2,P008,2.0,293.43,15.0
501064,3,P020,2.0,409.01,0.0
501065,1,P043,1.0,385.74,0.0
501065,2,P016,3.0,690.71,0.0
501065,3,P035,1.0,510.3,15.0
501066,1,P046,1.0,42.53,0.0
501066,2,P059,4.0,616.98,0.0
501066,3,P002,2.0,361.25,10.0
501066,4,P038,2.0,190.6,20.0
501066,5,P033,5.0,171.37,15.0
501067,1,P007,2.0,331.81,0.0
501067,2,P049,1.0,122.89,15.0
501068,1,P051,2.0,117.85,0.0
501068,2,P027,1.0,168.8,10.0
501068,3,P006,3.0,275.57,0.0
501068,4,P010,4.0,91.55,0.0
501069,1,P050,5.0,435.87,15.0
501069,2,P008,1.0,350.66,0.0
501069,3,P028,1.0,254.85,0.0
501069,4,P060,2.0,144.9,10.0
501069,5,P044,2.0,433.39,0.0
501070,1,P032,1.0,564.87,5.0
501070,2,P044,1.0,456.81,0.0
501070,3,P034,1.0,406.27,0.0
501070,4,P036,5.0,485.77,0.0
501070,5,P020,1.0,333.93,10.0
501070,6,P057,2.0,460.2,20.0
501071,1,P043,1.0,365.33,0.0
501072,1,P014,3.0,435.07,0.0
501072,2,P045,5.0,340.66,10.0
501072,3,P025,4.0,145.23,15.0
501072,4,P043,1.0,378.75,0.0
501072,5,P044,2.0,476.83,15.0
501073,1,P013,1.0,240.04,10.0
501074,1,P017,2.0,77.63,0.0
501074,2,P009,1.0,683.69,15.0
501074,3,P045,1.0,264.69,0.0
501074,4,P057,2.0,451.54,20.0
501075,1,P044,2.0,523.56,0.0
501075,2,P041,1.0,677.7,10.0
501075,3,P003,4.0,344.04,0.0
501075,4,P047,3.0,418.58,0.0
501076,1,P053,3.0,61.39,5.0
501076,2,P026,2.0,199.2,20.0
501077,1,P054,2.0,298.73,5.0
501077,2,P018,3.0,74.39,0.0
501077,3,P001,4.0,19.36,0.0
501078,1,P046,3.0,45.81,20.0
501078,2,P040,5.0,379.62,0.0
501079,1,P024,1.0,548.11,0.0
501079,2,P020,2.0,330.69,20.0
501079,3,P032,2.0,535.68,0.0
501080,1,P025,1.0,144.57,15.0
501080,2,P004,2.0,393.13,15.0
501080,3,P060,5.0,178.05,0.0
501080,4,P032,1.0,456.36,5.0
501081,1,P029,2.0,47.91,0.0
501081,2,P021,2.0,205.87,0.0
501081,3,P026,1.0,181.61,0.0
501082,1,P050,2.0,445.29,0.0
501082,2,P047,1.0,342.33,20.0
501082,3,P039,1.0,251.2,5.0
501082,4,P016,5.0,686.44,0.0
501082,5,P057,4.0,411.61,10.0
501083,1,P021,3.0,185.05,10.0
501083,2,P028,4.0,203.26,15.0
501083,3,P013,2.0,254.63,20.0
501083,4,P034,5.0,370.41,0.0
501083,5,P038,1.0,214.16,5.0
501084,1,P044,5.0,442.69,0.0
501084,2,P052,2.0,357.8,5.0
501084,3,P028,1.0,225.04,0.0
501084,4,P029,1.0,50.04,0.0
501085,1,P038,4.0,219.1,15.0
501085,2,P009,1.0,596.26,15.0
501085,3,P016,2.0,659.03,0.0
501085,4,P004,4.0,410.26,0.0
501085,5,P034,1.0,379.76,0.0
501086,1,P002,5.0,370.46,5.0
501086,2,P029,2.0,57.21,0.0
501086,3,P018,2.0,67.01,15.0
501086,4,P037,3.0,351.48,10.0
501086,5,P045,1.0,295.85,5.0
501086,6,P045,1.0,347.86,20.0
501087,1,P029,2.0,51.69,0.0
501087,2,P036,1.0,430.96,15.0
501087,3,P039,3.0,192.64,10.0
501088,1,P045,3.0,304.02,5.0
501088,2,P053,2.0,65.87,0.0
501088,3,P017,3.0,86.12,5.0
501088,4,P047,2.0,350.35,0.0
501089,1,P047,3.0,363.35,5.0
501090,1,P025,2.0,144.29,20.0
501091,1,P042,4.0,372.85,15.0
501091,2,P033,1.0,153.67,0.0
501091,3,P056,2.0,243.8,20.0
501091,4,P003,3.0,356.17,0.0
501091,5,P014,5.0,437.21,0.0
501092,1,P033,2.0,164.06,20.0
501092,2,P034,3.0,346.7,10.0
501092,3,P056,4.0,207.92,0.0
501092,4,P044,1.0,509.23,15.0
501092,5,P049,3.0,112.78,0.0
501092,6,P034,1.0,359.32,15.0
501093,1,P999,1.0,490.4,10.0
501093,2,P031,5.0,50.71,20.0
501094,1,P053,1.0,74.15,5.0
501094,2,P020,5.0,366.76,0.0
501094,3,P041,4.0,651.01,10.0
501094,4,P048,3.0,554.85,10.0
501095,1,P028,2.0,208.37,0.0
501095,2,P053,1.0,63.72,0.0
501095,3,P025,1.0,113.83,10.0
501095,4,P041,2.0,696.82,0.0
501095,5,P003,5.0,422.65,0.0
501095,6,P057,2.0,466.17,10.0
501096,1,P035,2.0,623.1,0.0
501096,2,P044,4.0,537.06,0.0
501096,3,P015,2.0,385.44,0.0
501096,4,P016,2.0,601.69,10.0
501097,1,P055,3.0,522.81,0.0
501097,2,P002,4.0,418.84,0.0
501098,1,P012,1.0,299.51,0.0
501099,1,P050,2.0,505.81,0.0
501099,2,P029,3.0,45.6,20.0
501099,3,P053,2.0,69.87,15.0
501099,4,P053,1.0,67.09,0.0
501099,5,P048,2.0,666.14,0.0
501100,1,P030,3.0,364.45,15.0
501100,2,P015,5.0,423.8,10.0
501100,3,P010,3.0,96.55,0.0
501100,4,P055,2.0,541.09,15.0
501100,5,P059,1.0,666.46,0.0
501100,6,P057,3.0,432.32,0.0
501101,1,P036,2.0,364.88,0.0
501101,2,P036,1.0,379.18,0.0
501102,1,P013,2.0,291.63,5.0
501102,2,P029,2.0,53.65,20.0
501102,3,P003,1.0,451.44,0.0
501102,4,P029,3.0,50.15,0.0
501102,5,P035,1.0,491.85,0.0
501102,6,P015,5.0,428.31,0.0
501103,1,P030,1.0,368.01,15.0
501104,1,P057,4.0,405.11,0.0
501104,2,P034,3.0,313.09,20.0
501104,3,P032,3.0,511.81,20.0
501104,4,P012,2.0,284.84,0.0
501104,5,P043,3.0,408.93,20.0
501105,1,P029,2.0,46.41,20.0
501105,2,P035,4.0,645.19,0.0
501105,3,P059,4.0,512.58,20.0
501105,4,P053,2.0,74.49,20.0
501105,5,P020,1.0,359.94,5.0
501105,6,P036,2.0,431.79,0.0
501106,1,P017,1.0,96.95,15.0
501106,2,P001,2.0,21.48,0.0
501107,1,P011,1.0,506.62,20.0
501107,2,P007,3.0,427.53,0.0
501107,3,P028,1.0,202.81,10.0
501108,1,P049,2.0,112.86,10.0
501108,2,P019,4.0,508.97,15.0
501108,3,P060,5.0,178.94,15.0
501108,4,P037,1.0,297.51,0.0
501108,5,P055,3.0,423.35,0.0
501109,1,P041,1.0,668.75,5.0
501109,2,P030,1.0,339.8,5.0
501109,3,P057,3.0,427.89,15.0
501109,4,P039,4.0,238.07,0.0
501109,5,P036,1.0,457.31,5.0
501110,1,P017,1.0,98.34,0.0
501110,2,P020,3.0,362.66,15.0
501110,3,P028,1.0,252.03,5.0
501110,4,P021,1.0,206.5,15.0
501111,1,P036,2.0,389.6,20.0
501111,2,P015,2.0,463.38,15.0
501111,3,P041,5.0,552.7,10.0
501111,4,P038,1.0,202.33,0.0
501112,1,P022,2.0,50.92,15.0
501113,1,P017,4.0,95.57,10.0
501113,2,P031,5.0,49.66,15.0
501113,3,P017,2.0,94.28,0.0
501113,4,P059,5.0,669.22,5.0
501113,5,P033,4.0,170.82,10.0
501114,1,P057,4.0,384.89,15.0
501114,2,P041,5.0,707.93,0.0
501114,3,P011,2.0,519.89,5.0
501115,1,P012,5.0,284.64,10.0
501115,2,P027,3.0,133.72,0.0
501116,1,P018,1.0,65.46,5.0
501117,1,P008,1.0,281.97,0.0
501117,2,P051,4.0,122.03,20.0
501118,1,P004,1.0,331.48,15.0
501118,2,P039,1.0,240.6,0.0
501119,1,P021,3.0,181.42,0.0
501119,2,P005,2.0,143.56,15.0
501119,3,P007,2.0,356.29,0.0
501119,4,P004,2.0,406.32,0.0
501120,1,P051,2.0,132.98,0.0
501120,2,P004,1.0,332.36,0.0
501120,3,P014,1.0,470.56,5.0
501120,4,P055,2.0,523.46,10.0
501121,1,P021,2.0,191.06,0.0
501122,1,P046,5.0,49.59,15.0
501122,2,P048,2.0,564.4,0.0
501122,3,P007,1.0,331.24,10.0
501122,4,P010,1.0,94.68,10.0
501122,5,P015,2.0,388.08,20.0
501123,1,P039,4.0,226.1,0.0
501123,2,P033,3.0,139.88,0.0
501123,3,P042,2.0,407.93,5.0
501124,1,P020,3.0,404.19,0.0
501124,2,P053,4.0,69.36,0.0
501124,3,P012,1.0,240.18,15.0
501124,4,P032,4.0,497.28,0.0
501124,5,P002,3.0,367.54,5.0
501125,1,P047,1.0,345.35,0.0
501125,2,P009,1.0,546.78,20.0
501125,3,P035,4.0,594.95,0.0
501125,4,P034,4.0,389.0,15.0
501125,5,P016,1.0,596.76,15.0
501126,1,P022,1.0,54.72,0.0
501127,1,P041,2.0,679.15,0.0
501127,2,P042,1.0,465.75,15.0
501127,3,P055,4.0,518.13,0.0
501127,4,P049,2.0,128.07,10.0
501127,5,P001,2.0,17.89,0.0
501127,6,P014,1.0,530.81,20.0
501128,1,P015,4.0,446.89,15.0
501128,2,P042,1.0,496.66,15.0
501128,3,P038,3.0,226.68,0.0
501128,4,P045,1.0,291.74,10.0
501129,1,P051,1.0,144.4,15.0
501129,2,P051,4.0,122.25,0.0
501129,3,P023,1.0,64.87,0.0
501129,4,P026,4.0,233.87,10.0
501129,5,P044,2.0,405.44,10.0
501129,6,P055,5.0,477.31,0.0
501130,1,P049,3.0,127.37,0.0
501130,2,P007,2.0,436.08,0.0
501130,3,P015,3.0,399.41,5.0
501131,1,P049,1.0,102.37,5.0
501131,2,P028,1.0,239.66,20.0
501131,3,P038,1.0,244.46,20.0
501131,4,P028,2.0,239.94,5.0
501131,5,P032,3.0,524.23,0.0
501131,6,P051,4.0,135.3,0.0
501132,1,P010,2.0,96.81,0.0
501132,2,P015,5.0,471.9,15.0
501133,1,P015,2.0,456.55,5.0
501133,2,P015,1.0,451.82,20.0
501133,3,P037,2.0,368.13,0.0
501133,4,P045,1.0,292.06,20.0
501133,5,P014,3.0,488.06,0.0
501133,6,P043,2.0,340.4,0.0
501134,1,P028,1.0,225.13,5.0
501134,2,P011,2.0,474.06,10.0
501134,3,P012,4.0,237.11,10.0
501134,4,P055,4.0,433.19,0.0
501135,1,P047,2.0,370.66,10.0
501135,2,P047,2.0,319.14,10.0
501136,1,P005,3.0,149.35,0.0
501136,2,P052,1.0,304.85,0.0
501136,3,P040,1.0,470.9,5.0
501136,4,P011,5.0,484.13,10.0
501137,1,P007,2.0,414.22,0.0
501137,2,P039,2.0,191.93,10.0
501137,3,P048,1.0,583.1,0.0
501137,4,P027,1.0,138.95,0.0
501137,5,P037,5.0,309.15,10.0
501138,1,P033,1.0,178.46,0.0
501138,2,P014,2.0,469.01,10.0
501138,3,P044,1.0,442.43,15.0
501138,4,P056,1.0,259.77,0.0
501139,1,P006,4.0,222.4,10.0
501139,2,P031,1.0,46.62,0.0
501139,3,P040,2.0,495.56,10.0
501139,4,P013,2.0,320.19,5.0
501140,1,P055,3.0,558.7,
501140,2,P016,3.0,731.69,15.0
501140,3,P005,4.0,165.79,10.0
501140,4,P049,1.0,125.33,15.0
501141,1,P052,4.0,375.32,0.0
501141,2,P001,1.0,18.58,5.0
501142,1,P054,2.0,290.88,15.0
501142,2,P031,2.0,44.06,0.0
501142,3,P015,1.0,409.45,15.0
501142,4,P055,2.0,436.29,20.0
501143,1,P008,4.0,322.25,0.0
501143,2,P015,1.0,471.19,0.0
501144,1,P017,3.0,87.98,0.0
501144,2,P045,1.0,301.73,15.0
501144,3,P012,1.0,299.25,5.0
501144,4,P015,2.0,479.41,15.0
501145,1,P028,1.0,254.95,0.0
501145,2,P055,1.0,451.69,10.0
501145,3,P001,2.0,18.82,5.0
501145,4,P013,5.0,290.31,20.0
501146,1,P016,3.0,631.28,0.0
501146,2,P012,2.0,266.05,15.0
501146,3,P020,2.0,431.54,10.0
501146,4,P018,3.0,66.33,20.0
501147,1,P028,1.0,236.73,0.0
501147,2,P027,4.0,144.84,0.0
501147,3,P039,1.0,205.02,20.0
501147,4,P013,2.0,285.97,15.0
501148,1,P019,2.0,540.16,0.0
501148,2,P014,4.0,481.31,0.0
501148,3,P014,2.0,460.17,0.0
501148,4,P050,3.0,422.55,0.0
501149,1,P050,1.0,453.09,10.0
501149,2,P037,5.0,324.52,10.0
501149,3,P052,3.0,356.21,0.0
501149,4,P043,2.0,380.38,20.0
501149,5,P009,3.0,547.82,20.0
501150,1,P052,1.0,396.73,10.0
501151,1,P036,3.0,402.0,0.0
501151,2,P015,4.0,455.25,20.0
501151,3,P053,1.0,74.15 CHF,20.0
501152,1,P015,2.0,415.48,20.0
501152,2,P029,1.0,49.11,0.0
501152,3,P011,1.0,402.01,20.0
501153,1,P057,1.0,451.95,0.0
501153,2,P004,1.0,309.21,5.0
501153,3,P036,1.0,450.19,20.0
501154,1,P022,1.0,59.41,10.0
501154,2,P027,5.0,143.73,20.0
501154,3,P048,1.0,696.48,0.0
501154,4,P037,3.0,338.68,5.0
501155,1,P008,4.0,343.71,0.0
501155,2,P022,5.0,56.64,20.0
501155,3,P027,1.0,161.7,20.0
501155,4,P034,2.0,368.81,10.0
501155,5,P021,4.0,174.94,0.0
501156,1,P013,2.0,286.78,5.0
501156,2,P030,4.0,295.8,15.0
501156,3,P034,4.0,384.79,5.0
501157,1,P027,2.0,171.62,15.0
501157,2,P005,3.0,166.02,10.0
501157,3,P044,4.0,440.48,0.0
501157,4,P039,1.0,195.36,0.0
501157,5,P035,5.0,548.24,0.0
501157,6,P039,1.0,213.58,0.0
501158,1,P029,3.0,56.68,5.0
501158,2,P010,2.0,83.64,0.0
501159,1,P004,2.0,322.75,20.0
501160,1,P049,2.0,112.12,15.0
501160,2,P058,2.0,553.27,20.0
501161,1,P044,1.0,518.15,0.0
501161,2,P037,3.0,364.3,0.0
501161,3,P046,4.0,48.36,15.0
501161,4,P016,1.0,675.7,20.0
501162,1,P053,2.0,73.44,20.0
501162,2,P053,3.0,63.72,0.0
501162,3,P029,2.0,44.51,20.0
501162,4,P023,4.0,66.71,20.0
501163,1,P009,1.0,569.9,5.0
501164,1,P047,5.0,328.58,5.0
501165,1,P020,1.0,325.01,0.0
501166,1,P060,1.0,156.08,5.0
501166,2,P037,3.0,301.03,10.0
501166,3,P048,5.0,603.34,15.0
501167,1,P031,4.0,45.49,5.0
501167,2,P053,3.0,60.52,0.0
501167,3,P049,5.0,120.61,0.0
501167,4,P048,1.0,608.01,5.0
501167,5,P034,4.0,396.09,15.0
501168,1,P047,4.0,403.99,20.0
501168,2,P029,1.0,44.57,20.0
501168,3,P041,1.0,661.84,0.0
501168,4,P048,1.0,686.07,10.0
501168,5,P030,3.0,362.31,20.0
501168,6,P002,1.0,388.82,0.0
501169,1,P036,1.0,381.89,10.0
501169,2,P055,3.0,499.43,0.0
501169,3,P007,1.0,369.51,0.0
501169,4,P020,1.0,431.7,0.0
501169,5,P018,3.0,82.66,0.0
501169,6,P045,5.0,350.47,15.0
501170,1,P046,1.0,37.57,0.0
501170,2,P052,4.0,397.45,0.0
501171,1,P031,1.0,42.6,0.0
501171,2,P009,5.0,659.66,15.0
501171,3,P045,3.0,322.3,20.0
501171,4,P047,3.0,368.77,0.0
501171,5,P013,1.0,275.44,15.0
501172,1,P045,5.0,331.27,20.0
501172,2,P008,2.0,340.07,0.0
501172,3,P048,5.0,638.23,0.0
501173,1,P005,2.0,135.65,10.0
501173,2,P027,1.0,146.58,0.0
501174,1,P060,3.0,176.04,10.0
501174,2,P015,3.0,406.72,0.0
501175,1,P009,2.0,598.15,0.0
501175,2,P050,2.0,487.01,10.0
501175,3,P004,1.0,308.17,5.0
501175,4,P002,1.0,397.81,0.0
501175,5,P056,1.0,229.96,0.0
501176,1,P041,2.0,604.86,15.0
501176,2,P037,5.0,355.19,20.0
501177,1,P004,1.0,358.44,0.0
501177,2,P018,,71.06,20.0
501177,3,P001,1.0,22.63,20.0
501177,4,P012,1.0,291.23,0.0
501177,5,P054,2.0,253.67,5.0
501177,6,P041,4.0,675.21,5.0
501178,1,P046,1.0,44.72,5.0
501178,2,P007,1.0,420.79,15.0
501178,3,P058,4.0,463.17,0.0
501179,1,P010,2.0,94.91,10.0
501179,2,P034,3.0,354.34,10.0
501179,3,P022,1.0,56.81,0.0
501180,1,P043,2.0,412.63,10.0
501180,2,P022,4.0,56.09,5.0
501181,1,P003,2.0,351.95,15.0
501181,2,P005,5.0,152.62,0.0
501182,1,P054,4.0,283.88,0.0
501183,1,P024,1.0,551.64,20.0
501183,2,P041,4.0,637.53,0.0
501183,3,P013,1.0,276.42,20.0
501184,1,P026,5.0,191.97,5.0
501184,2,P055,3.0,446.69,20.0
501184,3,P016,4.0,702.87,0.0
501184,4,P060,1.0,156.02,0.0
501184,5,P057,1.0,473.94,0.0
501185,1,P003,3.0,378.82,20.0
501186,1,P023,2.0,55.75,20.0
501186,2,P033,1.0,148.09,0.0
501186,3,P009,1.0,683.79,20.0
501186,4,P053,5.0,74.48,0.0
501187,1,P049,2.0,114.5,0.0
501188,1,P009,4.0,572.48,5.0
501188,2,P037,4.0,329.85,10.0
501188,3,P023,1.0,53.96,20.0
501188,4,P001,1.0,18.99,0.0
501188,5,P002,1.0,398.88,0.0
501189,1,P050,5.0,420.29,5.0
501189,2,P052,2.0,316.82,5.0
501189,3,P032,5.0,480.52,20.0
501189,4,P052,1.0,401.26,0.0
501189,5,P035,5.0,584.6,0.0
501190,1,P026,3.0,223.6,5.0
501190,2,P047,1.0,360.5,0.0
501190,3,P014,2.0,451.77,0.0
501190,4,P058,5.0,440.51,15.0
501190,5,P029,2.0,55.59,20.0
501191,1,P041,5.0,609.41,0.0
501191,2,P002,2.0,388.32,0.0
501192,1,P016,3.0,711.1,0.0
501193,1,P004,2.0,347.92,0.0
501194,1,P047,5.0,380.66,10.0
501194,2,P052,4.0,378.09,10.0
501194,3,P035,5.0,651.66,5.0
501194,4,P044,5.0,410.4,0.0
501194,5,P015,2.0,471.24,0.0
501194,6,P052,3.0,348.69,15.0
501195,1,P037,2.0,343.15,15.0
501195,2,P051,1.0,114.42,0.0
501195,3,P010,5.0,89.52,0.0
501196,1,P018,4.0,77.67,0.0
501196,2,P012,1.0,226.78,10.0
501197,1,P040,2.0,462.27,15.0
501197,2,P008,1.0,349.34,20.0
501197,3,P038,1.0,204.65,0.0
501197,4,P013,4.0,251.4,10.0
501198,1,P051,1.0,119.95,0.0
501199,1,P055,5.0,546.21,0.0
501199,2,P042,2.0,460.37,0.0
501199,3,P054,2.0,311.75,5.0
501200,1,P027,2.0,167.45,10.0
501200,2,P026,1.0,229.66,0.0
501200,3,P032,5.0,456.57,0.0
501200,4,P010,4.0,102.3,5.0
501200,5,P018,3.0,73.71,15.0
501200,6,P041,2.0,695.08,0.0
500460,1,P051,5.0,118.94,0.0
500223,4,P020,4.0,388.17,0.0
501137,3,P048,1.0,583.1,0.0
500667,2,P026,4.0,238.35,10.0
500670,2,P021,4.0,158.56,0.0
501191,2,P002,2.0,388.32,0.0
501191,1,P041,5.0,609.41,0.0
500361,1,P048,3.0,676.06,0.0
501005,4,P054,2.0,280.13,0.0
500048,2,P040,2.0,428.53,0.0
500319,2,P029,2.0,55.86,5.0
501094,4,P048,3.0,554.85,10.0
500277,2,P007,5.0,387.13,15.0
500489,4,P006,4.0,247.39,15.0
500323,6,P034,1.0,358.83,10.0
501008,1,P030,3.0,389.41,5.0
501058,4,P021,4.0,162.58,5.0
501007,4,P001,2.0,22.09,5.0
500129,2,P048,1.0,587.13,10.0
501032,2,P016,1.0,632.52,0.0
500603,2,P009,2.0,573.27,0.0
500370,4,P023,5.0,63.68,5.0
500452,1,P052,4.0,390.83,5.0
500093,1,P031,1.0,50.29,0.0
500922,1,P005,2.0,170.92,20.0
500913,4,P003,1.0,414.14,0.0
500118,1,P042,2.0,449.29,5.0
501190,4,P058,5.0,440.51,15.0
500527,5,P054,2.0,268.39,0.0
500801,2,P042,1.0,452.22,10.0
